Datetime,Data0,cash
2010-04-16 00:00:00+00:00,0.0,10000000.0
2010-04-19 00:00:00+00:00,0.0,11271658.195360007
2010-04-20 00:00:00+00:00,3356042.4,7873631.234440008
2010-04-21 00:00:00+00:00,0.0,11414536.616380006
2010-04-22 00:00:00+00:00,0.0,10617508.915060015
2010-04-23 00:00:00+00:00,3131006.4,7627033.116760021
2010-04-26 00:00:00+00:00,0.0,10773145.150060017
2010-04-27 00:00:00+00:00,0.0,11267596.831000008
2010-04-28 00:00:00+00:00,0.0,11068412.161480006
2010-04-29 00:00:00+00:00,3219487.2,7290939.647380009
2010-04-30 00:00:00+00:00,3243708.0,7492779.647380007
2010-05-04 00:00:00+00:00,3211761.5999999996,7226559.64738001
2010-05-05 00:00:00+00:00,3211761.5999999996,7226559.647380006
2010-05-06 00:00:00+00:00,0.0,11262584.401240002
2010-05-07 00:00:00+00:00,3233721.5999999996,8277030.102040003
2010-05-10 00:00:00+00:00,3256488.0,8087310.102040003
2010-05-11 00:00:00+00:00,0.0,12435931.73524
2010-05-12 00:00:00+00:00,3675715.1999999997,8501009.979639998
2010-05-13 00:00:00+00:00,3751401.5999999996,7870289.979639989
2010-05-14 00:00:00+00:00,0.0,11209738.159539988
2010-05-17 00:00:00+00:00,0.0,12357864.434739985
2010-05-18 00:00:00+00:00,3738924.0,7656100.954689993
2010-05-19 00:00:00+00:00,3704958.0,7939150.954689992
2010-05-20 00:00:00+00:00,3676186.8,8178910.954689991
2010-05-21 00:00:00+00:00,3726403.1999999997,7760440.954689984
2010-05-24 00:00:00+00:00,0.0,11116409.248599984
2010-05-25 00:00:00+00:00,3135736.8000000003,7285309.965249985
2010-05-26 00:00:00+00:00,3165199.1999999997,7530829.965249982
2010-05-27 00:00:00+00:00,3234056.4,8104639.9652499845
2010-05-28 00:00:00+00:00,3193768.8000000003,7768909.965249986
2010-05-31 00:00:00+00:00,3112077.5999999996,7088149.965249984
2010-06-01 00:00:00+00:00,3078709.1999999997,6810079.965249983
2010-06-02 00:00:00+00:00,3094779.5999999996,6943999.965249984
2010-06-03 00:00:00+00:00,3063085.1999999997,6679879.965249983
2010-06-04 00:00:00+00:00,3077593.1999999997,6800779.965249983
2010-06-07 00:00:00+00:00,3016548.0,6292069.9652499845
2010-06-08 00:00:00+00:00,0.0,9162996.499389986
2010-06-09 00:00:00+00:00,2807784.0,6998194.755669991
2010-06-10 00:00:00+00:00,2788430.4,6836914.755669992
2010-06-11 00:00:00+00:00,0.0,9545902.353069993
2010-06-17 00:00:00+00:00,0.0,9823020.641229998
2010-06-18 00:00:00+00:00,0.0,9889607.842540005
2010-06-21 00:00:00+00:00,3005207.9999999995,6447443.250040006
2010-06-22 00:00:00+00:00,0.0,9357042.67894001
2010-06-23 00:00:00+00:00,0.0,9241716.689980017
2010-06-24 00:00:00+00:00,2771092.8,6470092.763860021
2010-06-25 00:00:00+00:00,0.0,9381949.966660006
2010-06-28 00:00:00+00:00,2741659.1999999997,6713683.349980009
2010-06-29 00:00:00+00:00,0.0,10638987.738580009
2010-06-30 00:00:00+00:00,3131726.4,7515636.856420008
2010-07-01 00:00:00+00:00,0.0,10973238.614320004
2010-07-02 00:00:00+00:00,3273566.4,7737059.78716
2010-07-05 00:00:00+00:00,3253737.5999999996,7902299.787160001
2010-07-06 00:00:00+00:00,0.0,10864718.555469997
2010-07-07 00:00:00+00:00,3210605.9999999995,7774627.676769994
2010-07-08 00:00:00+00:00,3211362.0,7780927.676769993
2010-07-09 00:00:00+00:00,0.0,11811132.486519996
2010-07-12 00:00:00+00:00,3515947.1999999997,8401428.79221999
2010-07-13 00:00:00+00:00,0.0,11662620.10866999
2010-07-14 00:00:00+00:00,0.0,10951903.335339984
2010-07-15 00:00:00+00:00,3161469.5999999996,7347709.907979986
2010-07-16 00:00:00+00:00,3173342.4,7446649.907979984
2010-07-19 00:00:00+00:00,0.0,11436407.906979986
2010-07-20 00:00:00+00:00,3422915.9999999995,8524406.353329983
2010-07-21 00:00:00+00:00,0.0,11861678.714829978
2010-07-22 00:00:00+00:00,0.0,11690600.164839977
2010-07-23 00:00:00+00:00,0.0,11352521.372139977
2010-07-26 00:00:00+00:00,3386685.5999999996,7922102.983479975
2010-07-27 00:00:00+00:00,0.0,11482962.115779975
2010-07-28 00:00:00+00:00,3496356.0,7034504.848479975
2010-07-29 00:00:00+00:00,0.0,10492118.325879978
2010-07-30 00:00:00+00:00,3067956.0,7436245.969779981
2010-08-02 00:00:00+00:00,3126707.9999999995,6946645.96977998
2010-08-03 00:00:00+00:00,0.0,10588505.41431998
2010-08-04 00:00:00+00:00,3172899.5999999996,7301243.0484399805
2010-08-05 00:00:00+00:00,3142544.4,7554203.048439979
2010-08-06 00:00:00+00:00,0.0,10700436.82305998
2010-08-09 00:00:00+00:00,3112344.0,7547175.46245998
2010-08-10 00:00:00+00:00,0.0,11137237.01715998
2010-08-11 00:00:00+00:00,0.0,10351846.317399982
2010-08-12 00:00:00+00:00,0.0,10383985.59279998
2010-08-13 00:00:00+00:00,3050460.0,7622242.862199978
2010-08-16 00:00:00+00:00,0.0,11289710.124699976
2010-08-17 00:00:00+00:00,3358656.0,8079866.251419978
2010-08-18 00:00:00+00:00,0.0,11395579.277019978
2010-08-19 00:00:00+00:00,3379507.1999999997,7877725.53717998
2010-08-20 00:00:00+00:00,0.0,11804937.773979979
2010-08-23 00:00:00+00:00,3499171.2,8437937.227419974
2010-08-24 00:00:00+00:00,0.0,11316918.225489976
2010-08-25 00:00:00+00:00,3237580.8,7501322.632209978
2010-08-26 00:00:00+00:00,0.0,10672499.73147998
2010-08-27 00:00:00+00:00,0.0,10564248.585219981
2010-08-30 00:00:00+00:00,3217428.0,7808683.808679982
2010-08-31 00:00:00+00:00,0.0,10787883.22722998
2010-09-01 00:00:00+00:00,0.0,10504340.90493998
2010-09-02 00:00:00+00:00,0.0,9939984.428529978
2010-09-03 00:00:00+00:00,0.0,9667148.55018997
2010-09-06 00:00:00+00:00,0.0,9985629.841989972
2010-09-07 00:00:00+00:00,0.0,9635187.025239976
2010-09-08 00:00:00+00:00,0.0,9696872.43996998
2010-09-09 00:00:00+00:00,0.0,9808630.03050999
2010-09-10 00:00:00+00:00,0.0,9923165.276229985
2010-09-13 00:00:00+00:00,2942956.8,6868028.1268299855
2010-09-14 00:00:00+00:00,0.0,9271033.142139982
2010-09-15 00:00:00+00:00,0.0,9637177.87173998
2010-09-16 00:00:00+00:00,0.0,10092888.061869984
2010-09-17 00:00:00+00:00,2947420.8,7151026.979469984
2010-09-20 00:00:00+00:00,0.0,10135194.452319987
2010-09-21 00:00:00+00:00,0.0,10195772.66367999
2010-09-27 00:00:00+00:00,0.0,10080960.289719988
2010-09-28 00:00:00+00:00,0.0,10004018.351019995
2010-09-29 00:00:00+00:00,0.0,9677919.622509988
2010-09-30 00:00:00+00:00,0.0,10265383.079229984
2010-10-08 00:00:00+00:00,0.0,10967464.252209982
2010-10-11 00:00:00+00:00,3323160.0,8261584.002309985
2010-10-12 00:00:00+00:00,3341196.0,8411884.002309982
2010-10-13 00:00:00+00:00,3396492.0,8872684.002309978
2010-10-14 00:00:00+00:00,3417336.0,9046384.002309972
2010-10-15 00:00:00+00:00,0.0,13540484.80830996
2010-10-18 00:00:00+00:00,3967596.0,8898098.511009952
2010-10-19 00:00:00+00:00,4080081.5999999996,9835478.51100995
2010-10-20 00:00:00+00:00,4121085.5999999996,10177178.511009939
2010-10-21 00:00:00+00:00,4109947.1999999997,10084358.511009952
2010-10-22 00:00:00+00:00,4129653.5999999996,10248578.51100995
2010-10-25 00:00:00+00:00,4297219.199999999,11644958.51100996
2010-10-26 00:00:00+00:00,4240303.199999999,11170658.511009969
2010-10-27 00:00:00+00:00,4156581.5999999996,10472978.511009965
2010-10-28 00:00:00+00:00,0.0,14773086.381609958
2010-10-29 00:00:00+00:00,4195422.0,9747763.233309954
2010-11-01 00:00:00+00:00,4361238.0,11129563.233309966
2010-11-02 00:00:00+00:00,4294080.0,10569913.23330996
2010-11-03 00:00:00+00:00,0.0,14475942.57975996
2010-11-04 00:00:00+00:00,4323942.0,9816692.56650996
2010-11-05 00:00:00+00:00,4389210.0,9272792.566509947
2010-11-08 00:00:00+00:00,4391226.0,9255992.566509943
2010-11-09 00:00:00+00:00,4349268.0,9605642.566509949
2010-11-10 00:00:00+00:00,0.0,14071308.47037996
2010-11-11 00:00:00+00:00,4197585.6,9886381.98123996
2010-11-12 00:00:00+00:00,3926224.8,12147721.981239973
2010-11-15 00:00:00+00:00,3938464.8,12045721.981239958
2010-11-16 00:00:00+00:00,3772123.2,13431901.981239947
2010-11-17 00:00:00+00:00,3707251.2,13972501.981239945
2010-11-18 00:00:00+00:00,3747643.2,13635901.981239937
2010-11-19 00:00:00+00:00,0.0,17313352.80513994
2010-11-22 00:00:00+00:00,5068188.0,11788232.039139947
2010-11-23 00:00:00+00:00,4960713.6,10892612.039139945
2010-11-24 00:00:00+00:00,0.0,17097515.71461995
2010-11-25 00:00:00+00:00,5129460.0,12197371.69737996
2010-11-26 00:00:00+00:00,0.0,16481783.232909964
2010-11-29 00:00:00+00:00,4882838.399999999,11548061.461029973
2010-11-30 00:00:00+00:00,0.0,17161389.62322997
2010-12-01 00:00:00+00:00,5107809.600000001,12145658.594139975
2010-12-02 00:00:00+00:00,5143849.199999999,11845328.59413998
2010-12-03 00:00:00+00:00,0.0,16844243.25750998
2010-12-06 00:00:00+00:00,0.0,17062001.275209982
2010-12-07 00:00:00+00:00,0.0,17305189.36218999
2010-12-08 00:00:00+00:00,5021488.8,11684578.626789985
2010-12-09 00:00:00+00:00,4990024.8,11422378.626789978
2010-12-10 00:00:00+00:00,5040532.8,11843278.62678997
2010-12-13 00:00:00+00:00,5205801.6,13220518.626789967
2010-12-14 00:00:00+00:00,5209279.2,13249498.626789961
2010-12-15 00:00:00+00:00,5151816.0,12770638.626789952
2010-12-16 00:00:00+00:00,0.0,17595847.90158996
2010-12-17 00:00:00+00:00,0.0,17561388.938379955
2010-12-20 00:00:00+00:00,5145372.0,11161120.192659957
2010-12-21 00:00:00+00:00,5296467.600000001,12420250.192659963
2010-12-22 00:00:00+00:00,0.0,17651756.131899968
2010-12-23 00:00:00+00:00,0.0,16891184.30469998
2010-12-24 00:00:00+00:00,5015858.399999999,12044376.08823998
2010-12-27 00:00:00+00:00,4893811.2,13061436.088239979
2010-12-28 00:00:00+00:00,4824093.6,13642416.088239977
2010-12-29 00:00:00+00:00,4851417.6,13414716.08823999
2010-12-30 00:00:00+00:00,0.0,18427386.37773998
2010-12-31 00:00:00+00:00,0.0,19262000.40214
2011-01-04 00:00:00+00:00,5771127.6,13829906.45422001
2011-01-05 00:00:00+00:00,5761778.4,13751996.454219999
2011-01-06 00:00:00+00:00,5736783.6,13543706.454220004
2011-01-07 00:00:00+00:00,0.0,18470083.19418999
2011-01-10 00:00:00+00:00,5431622.399999999,12046938.593410004
2011-01-11 00:00:00+00:00,5463018.0,12308568.59341
2011-01-12 00:00:00+00:00,5486702.399999999,12505938.593410013
2011-01-13 00:00:00+00:00,0.0,18143285.18569002
2011-01-14 00:00:00+00:00,0.0,18752560.767190028
2011-01-17 00:00:00+00:00,5373118.8,14948273.487880016
2011-01-18 00:00:00+00:00,5377125.6,14914883.48788002
2011-01-19 00:00:00+00:00,5504770.8,13851173.48788003
2011-01-20 00:00:00+00:00,0.0,21083076.358030032
2011-01-21 00:00:00+00:00,0.0,20514931.791760027
2011-01-24 00:00:00+00:00,6032664.0,13813801.82776003
2011-01-25 00:00:00+00:00,6011928.0,13641001.827760031
2011-01-26 00:00:00+00:00,6067224.0,14101801.82776003
2011-01-27 00:00:00+00:00,6154920.0,14832601.827760028
2011-01-28 00:00:00+00:00,6186240.0,15093601.827760028
2011-01-31 00:00:00+00:00,6255144.0,15667801.82776003
2011-02-01 00:00:00+00:00,6266592.0,15763201.827760024
2011-02-09 00:00:00+00:00,6171120.0,14967601.827760028
2011-02-10 00:00:00+00:00,6305688.0,16089001.827760031
2011-02-11 00:00:00+00:00,6331175.999999999,16301401.827760026
2011-02-14 00:00:00+00:00,0.0,24238920.68776004
2011-02-15 00:00:00+00:00,7193102.399999999,16671875.159080053
2011-02-16 00:00:00+00:00,7261056.0,17238155.159080055
2011-02-17 00:00:00+00:00,7237533.6,17042135.15908005
2011-02-18 00:00:00+00:00,0.0,23994006.99796006
2011-02-21 00:00:00+00:00,0.0,24422491.120510045
2011-02-22 00:00:00+00:00,0.0,25595681.562280077
2011-02-23 00:00:00+00:00,0.0,24624605.566030126
2011-02-24 00:00:00+00:00,7406791.2,17610530.824750107
2011-02-25 00:00:00+00:00,7456471.2,18024530.8247501
2011-02-28 00:00:00+00:00,0.0,26139500.29210012
2011-03-01 00:00:00+00:00,7767684.0,18236731.142560113
2011-03-02 00:00:00+00:00,0.0,25622876.541040108
2011-03-03 00:00:00+00:00,0.0,25389397.67617009
2011-03-04 00:00:00+00:00,0.0,25580166.27109012
2011-03-07 00:00:00+00:00,0.0,26554159.260070104
2011-03-08 00:00:00+00:00,0.0,26235058.112830102
2011-03-09 00:00:00+00:00,7759767.6,17961426.302230086
2011-03-10 00:00:00+00:00,0.0,25671418.935700085
2011-03-11 00:00:00+00:00,0.0,24941159.469430085
2011-03-14 00:00:00+00:00,7448529.6,17491202.2345901
2011-03-15 00:00:00+00:00,0.0,26061111.439990092
2011-03-16 00:00:00+00:00,0.0,25821061.544050094
2011-03-17 00:00:00+00:00,7660332.0,17705988.00565008
2011-03-18 00:00:00+00:00,7677457.2,17848698.005650062
2011-03-21 00:00:00+00:00,7672089.6,17803968.005650055
2011-03-22 00:00:00+00:00,0.0,24419265.029710054
2011-03-23 00:00:00+00:00,7327897.199999999,16462055.727730073
2011-03-24 00:00:00+00:00,0.0,23753373.72115006
2011-03-25 00:00:00+00:00,0.0,23517930.807430074
2011-03-28 00:00:00+00:00,0.0,23358623.253640067
2011-03-29 00:00:00+00:00,6899936.4,16733448.349810068
2011-03-30 00:00:00+00:00,6878617.199999999,16911108.34981006
2011-03-31 00:00:00+00:00,6837112.8,17256978.349810038
2011-04-01 00:00:00+00:00,0.0,23647414.92856003
2011-04-06 00:00:00+00:00,7082726.399999999,17206313.809840035
2011-04-07 00:00:00+00:00,0.0,24456979.009840026
2011-04-08 00:00:00+00:00,0.0,25122914.101090025
2011-04-11 00:00:00+00:00,0.0,24863782.630690027
2011-04-12 00:00:00+00:00,0.0,25068936.915190026
2011-04-13 00:00:00+00:00,0.0,25440511.178050045
2011-04-14 00:00:00+00:00,0.0,25222955.85505004
2011-04-15 00:00:00+00:00,0.0,23625714.240220044
2011-04-18 00:00:00+00:00,7032387.6,16344308.07994004
2011-04-19 00:00:00+00:00,0.0,23513751.423340045
2011-04-20 00:00:00+00:00,0.0,23584273.729900047
2011-04-21 00:00:00+00:00,0.0,23698906.97470005
2011-04-22 00:00:00+00:00,0.0,23915372.067820046
2011-04-25 00:00:00+00:00,0.0,24607421.447920047
2011-04-26 00:00:00+00:00,0.0,24682786.816240028
2011-04-27 00:00:00+00:00,0.0,25162196.522560034
2011-04-28 00:00:00+00:00,0.0,25964657.52945999
2011-04-29 00:00:00+00:00,7754702.4,18173780.118159983
2011-05-03 00:00:00+00:00,7796487.6,17825570.118160017
2011-05-04 00:00:00+00:00,0.0,27115135.923460037
2011-05-05 00:00:00+00:00,0.0,26334767.062480025
2011-05-06 00:00:00+00:00,7921267.2,18953355.93688002
2011-05-09 00:00:00+00:00,0.0,26853105.842080034
2011-05-10 00:00:00+00:00,0.0,27227992.404130064
2011-05-11 00:00:00+00:00,0.0,26040814.643470094
2011-05-12 00:00:00+00:00,7607584.8,19051046.737030122
2011-05-13 00:00:00+00:00,7698160.8,18296246.737030122
2011-05-16 00:00:00+00:00,0.0,26423625.90013011
2011-05-17 00:00:00+00:00,0.0,26070409.08826011
2011-05-18 00:00:00+00:00,0.0,26500933.20976015
2011-05-19 00:00:00+00:00,0.0,26312173.14196015
2011-05-20 00:00:00+00:00,0.0,26333620.326760165
2011-05-23 00:00:00+00:00,0.0,28282420.287760146
2011-05-24 00:00:00+00:00,0.0,28183539.103960156
2011-05-25 00:00:00+00:00,8391297.6,19646687.81596016
2011-05-26 00:00:00+00:00,8328398.399999999,19122527.815960165
2011-05-27 00:00:00+00:00,8296041.6,18852887.81596016
2011-05-30 00:00:00+00:00,8270337.6,18638687.815960124
2011-05-31 00:00:00+00:00,0.0,26751328.992160093
2011-06-01 00:00:00+00:00,0.0,26842119.993760083
2011-06-02 00:00:00+00:00,0.0,26498226.067360096
2011-06-03 00:00:00+00:00,0.0,26192185.561780076
2011-06-07 00:00:00+00:00,0.0,26414626.65178008
2011-06-08 00:00:00+00:00,0.0,25110465.3611201
2011-06-09 00:00:00+00:00,0.0,25558331.319340076
2011-06-10 00:00:00+00:00,0.0,25759591.05022006
2011-06-13 00:00:00+00:00,7734826.8,17731305.373150036
2011-06-14 00:00:00+00:00,0.0,25146007.743340027
2011-06-15 00:00:00+00:00,7455052.8,17102185.997020014
2011-06-16 00:00:00+00:00,0.0,24382545.373540014
2011-06-17 00:00:00+00:00,0.0,25220024.817040037
2011-06-20 00:00:00+00:00,0.0,25260879.301270068
2011-06-21 00:00:00+00:00,0.0,24869328.229540057
2011-06-22 00:00:00+00:00,0.0,24299798.119510062
2011-06-23 00:00:00+00:00,0.0,24977396.060590032
2011-06-24 00:00:00+00:00,0.0,26554554.291070048
2011-06-27 00:00:00+00:00,7944714.0,18741040.279720046
2011-06-28 00:00:00+00:00,0.0,26679492.59752003
2011-06-29 00:00:00+00:00,7890393.6,19409079.228100013
2011-06-30 00:00:00+00:00,0.0,25845570.448720027
2011-07-01 00:00:00+00:00,7772133.600000001,18294450.95896004
2011-07-04 00:00:00+00:00,7956748.8,19832910.95896003
2011-07-05 00:00:00+00:00,0.0,27459033.975010004
2011-07-06 00:00:00+00:00,0.0,27533590.406709984
2011-07-07 00:00:00+00:00,0.0,26226711.15030994
2011-07-08 00:00:00+00:00,0.0,26227715.998749945
2011-07-11 00:00:00+00:00,0.0,26354227.87722993
2011-07-12 00:00:00+00:00,0.0,26932557.848109957
2011-07-13 00:00:00+00:00,0.0,27131748.17190995
2011-07-14 00:00:00+00:00,0.0,27230027.170749966
2011-07-15 00:00:00+00:00,0.0,27550983.145689957
2011-07-18 00:00:00+00:00,8136115.2,18776239.44120994
2011-07-19 00:00:00+00:00,0.0,26390872.65063996
2011-07-20 00:00:00+00:00,0.0,27018147.29709996
2011-07-21 00:00:00+00:00,8010979.2,19316378.93742993
2011-07-22 00:00:00+00:00,0.0,27327735.631029963
2011-07-25 00:00:00+00:00,0.0,29163602.687829982
2011-07-26 00:00:00+00:00,8756211.6,20307032.19316
2011-07-27 00:00:00+00:00,8788572.0,20037362.193160005
2011-07-28 00:00:00+00:00,8776717.200000001,20136152.19316001
2011-07-29 00:00:00+00:00,8722249.200000001,20590052.193160012
2011-08-01 00:00:00+00:00,8769668.399999999,20194892.193160035
2011-08-02 00:00:00+00:00,0.0,29478669.480310034
2011-08-03 00:00:00+00:00,0.0,29120587.033300035
2011-08-04 00:00:00+00:00,0.0,29048514.572530046
2011-08-05 00:00:00+00:00,8500852.799999999,20675257.06486004
2011-08-08 00:00:00+00:00,8207366.399999999,23120977.064860053
2011-08-09 00:00:00+00:00,8277854.399999999,22533577.06486006
2011-08-10 00:00:00+00:00,0.0,31281990.54271008
2011-08-11 00:00:00+00:00,0.0,31913187.138610087
2011-08-12 00:00:00+00:00,9433440.0,21721923.53761008
2011-08-15 00:00:00+00:00,9550800.0,22699923.537610095
2011-08-16 00:00:00+00:00,9461880.0,21958923.537610065
2011-08-17 00:00:00+00:00,9496800.0,22249923.537610076
2011-08-18 00:00:00+00:00,9351360.0,21037923.53761008
2011-08-19 00:00:00+00:00,9218160.0,19927923.537610076
2011-08-22 00:00:00+00:00,9153720.0,19390923.53761009
2011-08-23 00:00:00+00:00,9304920.0,20650923.53761009
2011-08-24 00:00:00+00:00,9200160.0,19777923.537610095
2011-08-25 00:00:00+00:00,9569520.0,22855923.537610095
2011-08-26 00:00:00+00:00,9509760.0,22357923.537610102
2011-08-29 00:00:00+00:00,9380880.0,21283923.537610117
2011-08-30 00:00:00+00:00,9303480.0,20638923.537610125
2011-08-31 00:00:00+00:00,9352800.0,21049923.53761013
2011-09-01 00:00:00+00:00,9290880.0,20533923.537610155
2011-09-02 00:00:00+00:00,9226440.0,19996923.53761015
2011-09-05 00:00:00+00:00,0.0,28901104.29538016
2011-09-06 00:00:00+00:00,0.0,28937984.855380144
2011-09-07 00:00:00+00:00,0.0,28605358.13452016
2011-09-08 00:00:00+00:00,0.0,28343124.823420145
2011-09-09 00:00:00+00:00,8402140.799999999,20528606.212300118
2011-09-13 00:00:00+00:00,8319110.4,21220526.21230011
2011-09-14 00:00:00+00:00,0.0,29489316.116500117
2011-09-15 00:00:00+00:00,8773783.2,20239678.337440137
2011-09-16 00:00:00+00:00,0.0,28939982.546710137
2011-09-19 00:00:00+00:00,0.0,29953864.385110144
2011-09-20 00:00:00+00:00,0.0,30059979.953650124
2011-09-21 00:00:00+00:00,0.0,30876710.69545011
2011-09-22 00:00:00+00:00,8976938.4,20163852.903310064
2011-09-23 00:00:00+00:00,8922592.799999999,19710972.903310083
2011-09-26 00:00:00+00:00,8712554.4,17960652.903310068
2011-09-27 00:00:00+00:00,8855762.4,19154052.903310105
2011-09-28 00:00:00+00:00,8756985.6,18330912.903310113
2011-09-29 00:00:00+00:00,8717328.0,18000432.903310098
2011-09-30 00:00:00+00:00,0.0,27169445.147590093
2011-10-10 00:00:00+00:00,0.0,27945266.476870097
2011-10-11 00:00:00+00:00,0.0,30423522.872980088
2011-10-12 00:00:00+00:00,9417207.6,18573001.860640097
2011-10-13 00:00:00+00:00,9486270.0,17997481.86064011
2011-10-14 00:00:00+00:00,9493725.6,17935351.860640075
2011-10-17 00:00:00+00:00,9518054.399999999,17732611.86064008
2011-10-18 00:00:00+00:00,9270450.0,19795981.86064005
2011-10-19 00:00:00+00:00,0.0,27242060.408350047
2011-10-20 00:00:00+00:00,0.0,28404232.695070036
2011-10-21 00:00:00+00:00,8434951.2,20212703.19151003
2011-10-24 00:00:00+00:00,8619652.799999999,18673523.19151002
2011-10-25 00:00:00+00:00,8772040.799999999,17403623.191510003
2011-10-26 00:00:00+00:00,8908639.2,16265303.19150999
2011-10-27 00:00:00+00:00,8951968.799999999,15904223.19150999
2011-10-28 00:00:00+00:00,9043034.4,15145343.191510018
2011-10-31 00:00:00+00:00,9012189.6,15402383.191509997
2011-11-01 00:00:00+00:00,0.0,22522760.76535001
2011-11-02 00:00:00+00:00,6922353.6,18088891.50991003
2011-11-03 00:00:00+00:00,6848755.2,17475571.509910006
2011-11-04 00:00:00+00:00,6913051.2,18011371.509909995
2011-11-07 00:00:00+00:00,6869001.6,17644291.50990998
2011-11-08 00:00:00+00:00,6832612.8,17341051.509910017
2011-11-09 00:00:00+00:00,6850123.2,17486971.509910047
2011-11-10 00:00:00+00:00,0.0,23142809.243710034
2011-11-11 00:00:00+00:00,0.0,22570140.716020044
2011-11-14 00:00:00+00:00,0.0,22420864.419160035
2011-11-15 00:00:00+00:00,0.0,22331634.358540036
2011-11-16 00:00:00+00:00,0.0,23781332.875540033
2011-11-17 00:00:00+00:00,7094044.8,16794983.933230035
2011-11-18 00:00:00+00:00,6938913.6,18087743.933230042
2011-11-21 00:00:00+00:00,6927832.8,18180083.933230046
2011-11-22 00:00:00+00:00,6921417.6,18233543.93323005
2011-11-23 00:00:00+00:00,0.0,25893808.269880015
2011-11-24 00:00:00+00:00,0.0,25785240.44101001
2011-11-25 00:00:00+00:00,7578035.999999999,17685613.302910037
2011-11-28 00:00:00+00:00,0.0,24565057.751440007
2011-11-29 00:00:00+00:00,0.0,24107378.94985001
2011-11-30 00:00:00+00:00,0.0,25146728.223610055
2011-12-01 00:00:00+00:00,7691720.399999999,17564041.08886006
2011-12-02 00:00:00+00:00,7637666.399999999,18014491.088860042
2011-12-05 00:00:00+00:00,7551835.2,18729751.088860046
2011-12-06 00:00:00+00:00,7502367.6,19141981.088860046
2011-12-07 00:00:00+00:00,0.0,26409367.678960066
2011-12-08 00:00:00+00:00,0.0,24434498.33632007
2011-12-09 00:00:00+00:00,0.0,24599765.881840065
2011-12-12 00:00:00+00:00,7252574.399999999,17811010.04590005
2011-12-13 00:00:00+00:00,0.0,26345479.908100024
2011-12-14 00:00:00+00:00,7836879.6,18844243.827520043
2011-12-15 00:00:00+00:00,0.0,28769430.13042003
2011-12-16 00:00:00+00:00,0.0,28845903.06250006
2011-12-19 00:00:00+00:00,0.0,28224723.423760045
2011-12-20 00:00:00+00:00,8380584.0,19454243.571520045
2011-12-21 00:00:00+00:00,8304379.199999999,18819203.571520064
2011-12-22 00:00:00+00:00,0.0,24805646.810020078
2011-12-23 00:00:00+00:00,7386854.399999999,17481889.92106009
2011-12-26 00:00:00+00:00,7336051.199999999,17058529.921060078
2011-12-27 00:00:00+00:00,7265894.399999999,16473889.921060054
2011-12-28 00:00:00+00:00,7264857.6,16465249.92106004
2011-12-29 00:00:00+00:00,0.0,23842049.336740036
2011-12-30 00:00:00+00:00,0.0,24437509.158040065
2012-01-04 00:00:00+00:00,0.0,25481934.752080083
2012-01-05 00:00:00+00:00,7543609.199999999,18238175.018680107
2012-01-06 00:00:00+00:00,7565425.199999999,18056375.018680096
2012-01-09 00:00:00+00:00,7826126.399999999,15883865.018680073
2012-01-10 00:00:00+00:00,8108643.599999999,13529555.018680088
2012-01-11 00:00:00+00:00,8052649.199999999,13996175.018680096
2012-01-12 00:00:00+00:00,0.0,20968599.332560092
2012-01-13 00:00:00+00:00,6129021.6,13952554.41226009
2012-01-16 00:00:00+00:00,5981040.0,12719374.41226009
2012-01-17 00:00:00+00:00,6325300.799999999,15588214.412260085
2012-01-18 00:00:00+00:00,6147273.6,14104654.412260072
2012-01-19 00:00:00+00:00,6265490.4,15089794.41226009
2012-01-20 00:00:00+00:00,6334567.199999999,15665434.412260082
2012-01-30 00:00:00+00:00,6217192.799999999,14687314.412260087
2012-01-31 00:00:00+00:00,6234321.6,14830054.412260085
2012-02-01 00:00:00+00:00,6143342.4,14071894.412260093
2012-02-02 00:00:00+00:00,6262682.4,15066394.41226008
2012-02-03 00:00:00+00:00,6317438.4,15522694.41226007
2012-02-06 00:00:00+00:00,6305925.6,15426754.412260063
2012-02-07 00:00:00+00:00,0.0,20607915.516340073
2012-02-08 00:00:00+00:00,6304636.8,13033636.280740071
2012-02-09 00:00:00+00:00,6295212.0,13112176.280740066
2012-02-10 00:00:00+00:00,6294103.199999999,13121416.280740058
2012-02-13 00:00:00+00:00,0.0,19356972.195910048
2012-02-14 00:00:00+00:00,5774770.8,13378314.400690047
2012-02-15 00:00:00+00:00,0.0,19716076.20394004
2012-02-16 00:00:00+00:00,0.0,19235962.625260044
2012-02-17 00:00:00+00:00,5739300.0,13654486.438960042
2012-02-20 00:00:00+00:00,5745096.0,13606186.438960038
2012-02-21 00:00:00+00:00,5782140.0,13297486.438960042
2012-02-22 00:00:00+00:00,5842871.999999999,12791386.438960044
2012-02-23 00:00:00+00:00,0.0,18163612.249570027
2012-02-24 00:00:00+00:00,0.0,18142722.915340025
2012-02-27 00:00:00+00:00,5406912.0,12819448.329340026
2012-02-28 00:00:00+00:00,5404870.8,12802438.329340024
2012-02-29 00:00:00+00:00,5369943.6,12511378.329340022
2012-03-01 00:00:00+00:00,0.0,17657643.16294002
2012-03-02 00:00:00+00:00,0.0,18318276.006220024
2012-03-05 00:00:00+00:00,0.0,18138968.464870036
2012-03-06 00:00:00+00:00,0.0,18683934.57460003
2012-03-07 00:00:00+00:00,0.0,18025196.449510038
2012-03-08 00:00:00+00:00,0.0,17768203.970230035
2012-03-09 00:00:00+00:00,5313052.8,12770785.737670043
2012-03-12 00:00:00+00:00,5278233.600000001,12480625.737670045
2012-03-13 00:00:00+00:00,0.0,18255900.748570044
2012-03-14 00:00:00+00:00,0.0,19095241.46776005
2012-03-15 00:00:00+00:00,5668099.199999999,13738412.51800005
2012-03-16 00:00:00+00:00,0.0,18938960.813200053
2012-03-19 00:00:00+00:00,5646974.399999999,13378702.679410044
2012-03-20 00:00:00+00:00,0.0,18957842.71735005
2012-03-21 00:00:00+00:00,5670792.0,13390082.694190053
2012-03-22 00:00:00+00:00,0.0,19150601.238190055
2012-03-23 00:00:00+00:00,0.0,19470560.69728005
2012-03-26 00:00:00+00:00,0.0,19457090.52868005
2012-03-27 00:00:00+00:00,0.0,19216735.31638005
2012-03-28 00:00:00+00:00,0.0,20425952.49478004
2012-03-29 00:00:00+00:00,6002510.399999999,14745313.570780039
2012-03-30 00:00:00+00:00,0.0,20936552.20198004
2012-04-05 00:00:00+00:00,0.0,21394432.61701004
2012-04-06 00:00:00+00:00,0.0,21505216.08898003
2012-04-09 00:00:00+00:00,6333303.6,14934452.154400032
2012-04-10 00:00:00+00:00,6373688.399999999,15270992.154400023
2012-04-11 00:00:00+00:00,6385064.399999999,15365792.15440002
2012-04-12 00:00:00+00:00,0.0,22781659.081150025
2012-04-13 00:00:00+00:00,6797865.600000001,16095456.076690048
2012-04-16 00:00:00+00:00,6766279.199999999,15832236.076690037
2012-04-17 00:00:00+00:00,0.0,22531901.159290034
2012-04-18 00:00:00+00:00,0.0,22422597.802330025
2012-04-19 00:00:00+00:00,0.0,22440532.29193004
2012-04-20 00:00:00+00:00,0.0,23058276.562330022
2012-04-23 00:00:00+00:00,0.0,22858777.632340007
2012-04-24 00:00:00+00:00,0.0,20782240.773820017
2012-04-25 00:00:00+00:00,6215911.2,14229127.773160012
2012-04-26 00:00:00+00:00,6239620.8,14031547.77316002
2012-04-27 00:00:00+00:00,0.0,20263020.741460025
2012-05-02 00:00:00+00:00,0.0,20383073.578240033
2012-05-03 00:00:00+00:00,0.0,20560285.49716004
2012-05-04 00:00:00+00:00,6164560.8,14907457.68919004
2012-05-07 00:00:00+00:00,0.0,20950368.278440036
2012-05-08 00:00:00+00:00,0.0,20549218.360330038
2012-05-09 00:00:00+00:00,0.0,21124943.14684004
2012-05-10 00:00:00+00:00,0.0,21121164.953260045
2012-05-11 00:00:00+00:00,0.0,21690377.857240044
2012-05-14 00:00:00+00:00,0.0,22490756.84665004
2012-05-15 00:00:00+00:00,0.0,22267506.764080044
2012-05-16 00:00:00+00:00,0.0,22468725.398470018
2012-05-17 00:00:00+00:00,0.0,22296192.083410002
2012-05-18 00:00:00+00:00,6543647.999999999,15124973.022609994
2012-05-21 00:00:00+00:00,6581376.0,15439373.022609996
2012-05-22 00:00:00+00:00,0.0,22578214.78261001
2012-05-23 00:00:00+00:00,0.0,22219843.29607002
2012-05-24 00:00:00+00:00,0.0,22442050.41847003
2012-05-25 00:00:00+00:00,6618153.6,16083506.320450049
2012-05-28 00:00:00+00:00,6704467.2,15364226.32045006
2012-05-29 00:00:00+00:00,0.0,22878916.21486005
2012-05-30 00:00:00+00:00,0.0,22814344.78228005
2012-05-31 00:00:00+00:00,0.0,22381115.781160057
2012-06-01 00:00:00+00:00,6615428.399999999,15745838.24248005
2012-06-04 00:00:00+00:00,6404403.6,13987298.242480054
2012-06-05 00:00:00+00:00,0.0,20085634.705030054
2012-06-06 00:00:00+00:00,0.0,19461285.370810054
2012-06-07 00:00:00+00:00,0.0,20167913.04973006
2012-06-08 00:00:00+00:00,5922871.2,14798714.531710051
2012-06-11 00:00:00+00:00,6015045.6,14030594.531710053
2012-06-12 00:00:00+00:00,0.0,20253893.558710057
2012-06-13 00:00:00+00:00,6141690.0,14715838.821460057
2012-06-14 00:00:00+00:00,0.0,20473675.480210066
2012-06-15 00:00:00+00:00,0.0,19324460.018470053
2012-06-18 00:00:00+00:00,0.0,19197591.298870057
2012-06-19 00:00:00+00:00,0.0,19474033.476070058
2012-06-20 00:00:00+00:00,0.0,19720394.209150057
2012-06-21 00:00:00+00:00,0.0,20331200.415310062
2012-06-25 00:00:00+00:00,0.0,20985790.978060056
2012-06-26 00:00:00+00:00,6218121.6,14806102.935730066
2012-06-27 00:00:00+00:00,0.0,21135033.553930067
2012-06-28 00:00:00+00:00,0.0,21579082.189930066
2012-06-29 00:00:00+00:00,0.0,21786593.538010042
2012-07-02 00:00:00+00:00,0.0,21430150.750750042
2012-07-03 00:00:00+00:00,6396246.0,14985635.233180044
2012-07-04 00:00:00+00:00,6397704.0,14973485.233180044
2012-07-05 00:00:00+00:00,0.0,21894292.10128005
2012-07-06 00:00:00+00:00,6661569.6,14506309.453360053
2012-07-09 00:00:00+00:00,0.0,21547753.745980058
2012-07-10 00:00:00+00:00,6430773.6,15209966.718430072
2012-07-11 00:00:00+00:00,0.0,21498102.996580068
2012-07-12 00:00:00+00:00,0.0,21894032.759710085
2012-07-13 00:00:00+00:00,0.0,22043361.63535009
2012-07-16 00:00:00+00:00,0.0,22116426.780310098
2012-07-17 00:00:00+00:00,0.0,21606247.9015301
2012-07-18 00:00:00+00:00,6421809.6,15202729.455580084
2012-07-19 00:00:00+00:00,6437646.0,15334699.455580082
2012-07-20 00:00:00+00:00,6398802.0,15010999.455580069
2012-07-23 00:00:00+00:00,0.0,20476382.585410077
2012-07-24 00:00:00+00:00,0.0,20133930.803500082
2012-07-25 00:00:00+00:00,0.0,20084793.396790087
2012-07-26 00:00:00+00:00,0.0,19657702.9318001
2012-07-27 00:00:00+00:00,0.0,19627924.847620096
2012-07-30 00:00:00+00:00,5800964.399999999,13616281.092580087
2012-07-31 00:00:00+00:00,0.0,19409165.70163008
2012-08-01 00:00:00+00:00,0.0,19631573.998510085
2012-08-02 00:00:00+00:00,0.0,19452265.827160075
2012-08-03 00:00:00+00:00,5810666.399999999,13406719.82605008
2012-08-06 00:00:00+00:00,0.0,19358922.33499007
2012-08-07 00:00:00+00:00,0.0,19471118.652070068
2012-08-08 00:00:00+00:00,0.0,19364431.612990078
2012-08-09 00:00:00+00:00,0.0,19279260.56653008
2012-08-10 00:00:00+00:00,0.0,18929976.33139008
2012-08-13 00:00:00+00:00,0.0,19642322.96842007
2012-08-14 00:00:00+00:00,0.0,19762402.19080007
2012-08-15 00:00:00+00:00,0.0,20074499.94586006
2012-08-16 00:00:00+00:00,0.0,20173855.628260065
2012-08-17 00:00:00+00:00,0.0,20386312.061590053
2012-08-20 00:00:00+00:00,0.0,20441634.50467007
2012-08-21 00:00:00+00:00,0.0,19598347.492120072
2012-08-22 00:00:00+00:00,0.0,19308201.46030006
2012-08-23 00:00:00+00:00,5819961.6,13280655.364150068
2012-08-24 00:00:00+00:00,0.0,19657916.657650076
2012-08-27 00:00:00+00:00,0.0,20629187.227540083
2012-08-28 00:00:00+00:00,0.0,19915206.12631008
2012-08-29 00:00:00+00:00,0.0,19705692.088150106
2012-08-30 00:00:00+00:00,5846619.6,13989420.449860107
2012-08-31 00:00:00+00:00,0.0,19949247.6757601
2012-09-03 00:00:00+00:00,0.0,20338795.916560106
2012-09-04 00:00:00+00:00,0.0,20202722.324050117
2012-09-05 00:00:00+00:00,0.0,20171353.164430123
2012-09-06 00:00:00+00:00,6110884.8,14853953.430010134
2012-09-07 00:00:00+00:00,6383642.399999999,17126933.430010144
2012-09-10 00:00:00+00:00,6374354.399999999,17049533.43001015
2012-09-11 00:00:00+00:00,0.0,22685560.135510143
2012-09-12 00:00:00+00:00,6797548.8,15857563.633750148
2012-09-13 00:00:00+00:00,6711105.600000001,16577923.63375016
2012-09-14 00:00:00+00:00,6793574.399999999,15890683.63375016
2012-09-17 00:00:00+00:00,0.0,24125270.22115016
2012-09-18 00:00:00+00:00,7081200.0,17668376.63815016
2012-09-19 00:00:00+00:00,7129800.0,17263376.63815016
2012-09-20 00:00:00+00:00,0.0,25744859.038150147
2012-09-21 00:00:00+00:00,0.0,25210874.61697014
2012-09-24 00:00:00+00:00,7560604.799999999,18327420.236290134
2012-09-25 00:00:00+00:00,0.0,25702893.99589014
2012-09-26 00:00:00+00:00,7627355.999999999,17752517.48269012
2012-09-27 00:00:00+00:00,7824960.0,19399217.482690167
2012-09-28 00:00:00+00:00,8027315.999999999,21085517.48269015
2012-10-08 00:00:00+00:00,7891883.999999999,19956917.48269015
2012-10-09 00:00:00+00:00,8055828.0,21323117.482690126
2012-10-10 00:00:00+00:00,8047512.0,21253817.48269012
2012-10-11 00:00:00+00:00,8042363.999999999,21210917.482690103
2012-10-12 00:00:00+00:00,7998012.0,20841317.48269012
2012-10-15 00:00:00+00:00,7981380.0,20702717.482690107
2012-10-16 00:00:00+00:00,0.0,28262406.339190107
2012-10-17 00:00:00+00:00,8514979.2,19751972.540050082
2012-10-18 00:00:00+00:00,8616488.4,18906062.540050082
2012-10-19 00:00:00+00:00,0.0,27158316.36076012
2012-10-22 00:00:00+00:00,0.0,26789192.636800133
2012-10-23 00:00:00+00:00,0.0,26797566.984220125
2012-10-24 00:00:00+00:00,0.0,26213363.318140116
2012-10-25 00:00:00+00:00,0.0,25939545.285460114
2012-10-26 00:00:00+00:00,0.0,27360838.89220012
2012-10-29 00:00:00+00:00,0.0,27572483.04052011
2012-10-30 00:00:00+00:00,0.0,26435355.16630012
2012-10-31 00:00:00+00:00,7913606.399999999,18625603.7555801
2012-11-01 00:00:00+00:00,0.0,27966264.6851801
2012-11-02 00:00:00+00:00,0.0,27217660.96135009
2012-11-05 00:00:00+00:00,8095449.600000001,19079265.615430094
2012-11-06 00:00:00+00:00,0.0,27602913.649030093
2012-11-07 00:00:00+00:00,8258058.0,19470781.521880113
2012-11-08 00:00:00+00:00,8088732.0,20881831.52188011
2012-11-09 00:00:00+00:00,8087490.0,20892181.521880113
2012-11-12 00:00:00+00:00,8103222.0,20761081.52188013
2012-11-13 00:00:00+00:00,0.0,30083099.73613012
2012-11-14 00:00:00+00:00,9031464.0,20984698.409830127
2012-11-15 00:00:00+00:00,0.0,30843502.30633011
2012-11-16 00:00:00+00:00,0.0,31354159.714450106
2012-11-19 00:00:00+00:00,9371138.4,22210740.78073014
2012-11-20 00:00:00+00:00,0.0,31461992.70883016
2012-11-21 00:00:00+00:00,9441187.2,21530819.907430127
2012-11-22 00:00:00+00:00,9420321.6,21704699.90743013
2012-11-23 00:00:00+00:00,9449632.799999999,21460439.907430146
2012-11-26 00:00:00+00:00,0.0,31265247.77815017
2012-11-27 00:00:00+00:00,0.0,31878085.455790143
2012-11-28 00:00:00+00:00,0.0,32202517.28761014
2012-11-29 00:00:00+00:00,0.0,32713208.77033018
2012-11-30 00:00:00+00:00,0.0,32469264.638860196
2012-12-03 00:00:00+00:00,9580788.0,21951197.111560233
2012-12-04 00:00:00+00:00,9643950.0,22477547.11156023
2012-12-05 00:00:00+00:00,0.0,35283494.71156024
2012-12-06 00:00:00+00:00,10524686.4,24150164.22274026
2012-12-07 00:00:00+00:00,10765386.0,26155994.222740274
2012-12-10 00:00:00+00:00,10829829.6,26693024.222740248
2012-12-11 00:00:00+00:00,0.0,36967087.44274027
2012-12-12 00:00:00+00:00,11112962.4,25694496.774820246
2012-12-13 00:00:00+00:00,11036095.2,26335056.77482022
2012-12-14 00:00:00+00:00,0.0,39258397.15147021
2012-12-17 00:00:00+00:00,11699647.2,27567125.33713021
2012-12-18 00:00:00+00:00,11663244.0,27263765.337130222
2012-12-19 00:00:00+00:00,11680308.0,27405965.33713022
2012-12-20 00:00:00+00:00,11800893.6,28410845.33713019
2012-12-21 00:00:00+00:00,11722399.2,27756725.337130185
2012-12-24 00:00:00+00:00,11715573.6,27699845.337130174
2012-12-25 00:00:00+00:00,0.0,41961296.51863018
2012-12-26 00:00:00+00:00,0.0,42244430.53408019
2012-12-27 00:00:00+00:00,12622500.0,29364481.984480187
2012-12-28 00:00:00+00:00,12788225.999999998,30745531.984480217
2012-12-31 00:00:00+00:00,12987810.0,32408731.98448022
