date,amount,price,sid,symbol,value
2010-04-19 10:07:00+00:00,-24,3375.4,0,,81009.6
2010-04-19 15:15:00+00:00,24,3197.6,0,,-76742.4
2010-04-20 09:16:00+00:00,-29,3209.2,0,,93066.79999999999
2010-04-21 11:23:00+00:00,29,3227.0,0,,-93583.0
2010-04-21 11:24:00+00:00,28,3230.8,0,,-90462.40000000001
2010-04-21 15:15:00+00:00,-28,3267.6,0,,91492.8
2010-04-22 09:16:00+00:00,29,3260.2,0,,-94545.79999999999
2010-04-22 10:07:00+00:00,-29,3224.4,0,,93507.6
2010-04-22 10:08:00+00:00,-28,3218.0,0,,90104.0
2010-04-22 11:01:00+00:00,28,3247.2,0,,-90921.59999999999
2010-04-22 11:02:00+00:00,-27,3245.6,0,,87631.2
2010-04-22 13:39:00+00:00,27,3265.2,0,,-88160.4
2010-04-22 13:40:00+00:00,27,3267.8,0,,-88230.6
2010-04-22 14:08:00+00:00,-27,3246.4,0,,87652.8
2010-04-22 14:09:00+00:00,-26,3250.8,0,,84520.8
2010-04-22 15:15:00+00:00,26,3237.2,0,,-84167.2
2010-04-23 09:16:00+00:00,-27,3241.0,0,,87507.0
2010-04-26 15:15:00+00:00,27,3220.6,0,,-86956.2
2010-04-27 09:16:00+00:00,-27,3201.2,0,,86432.4
2010-04-27 15:15:00+00:00,27,3139.0,0,,-84753.0
2010-04-28 09:16:00+00:00,-29,3101.6,0,,89946.4
2010-04-28 10:07:00+00:00,29,3126.0,0,,-90654.0
2010-04-28 10:08:00+00:00,29,3126.6,0,,-90671.4
2010-04-28 15:15:00+00:00,-29,3129.4,0,,90752.6
2010-04-29 09:16:00+00:00,29,3141.0,0,,-91089.0
2010-05-06 10:07:00+00:00,-29,3067.0,0,,88943.0
2010-05-06 10:08:00+00:00,-28,3066.2,0,,85853.59999999999
2010-05-06 15:15:00+00:00,28,2965.2,0,,-83025.59999999999
2010-05-07 09:16:00+00:00,-31,2928.0,0,,90768.0
2010-05-11 15:15:00+00:00,31,2800.8,0,,-86824.8
2010-05-12 09:16:00+00:00,-36,2809.0,0,,101124.0
2010-05-14 10:07:00+00:00,36,2870.6,0,,-103341.59999999999
2010-05-14 10:08:00+00:00,-34,2872.2,0,,97654.79999999999
2010-05-14 10:28:00+00:00,34,2886.8,0,,-98151.20000000001
2010-05-14 10:29:00+00:00,33,2888.0,0,,-95304.0
2010-05-14 10:45:00+00:00,-33,2873.2,0,,94815.59999999999
2010-05-14 10:46:00+00:00,-33,2874.4,0,,94855.2
2010-05-14 13:13:00+00:00,33,2890.6,0,,-95389.8
2010-05-14 13:14:00+00:00,32,2890.0,0,,-92480.0
2010-05-14 13:42:00+00:00,-32,2871.4,0,,91884.8
2010-05-14 13:43:00+00:00,-32,2872.0,0,,91904.0
2010-05-14 15:15:00+00:00,32,2862.6,0,,-91603.2
2010-05-17 09:16:00+00:00,-32,2840.0,0,,90880.0
2010-05-17 15:15:00+00:00,32,2719.4,0,,-87020.8
2010-05-18 09:16:00+00:00,-37,2708.5,0,,100214.5
2010-05-24 10:07:00+00:00,37,2855.6,0,,-105657.2
2010-05-24 10:08:00+00:00,31,2856.4,0,,-88548.40000000001
2010-05-24 15:15:00+00:00,-31,2899.7,0,,89890.7
2010-05-25 09:16:00+00:00,31,2876.5,0,,-89171.5
2010-06-08 10:07:00+00:00,-31,2706.9,0,,83913.90000000001
2010-06-08 10:08:00+00:00,29,2708.7,0,,-78552.29999999999
2010-06-08 14:23:00+00:00,-29,2692.4,0,,78079.6
2010-06-08 14:24:00+00:00,-29,2688.4,0,,77963.6
2010-06-08 14:55:00+00:00,29,2701.6,0,,-78346.4
2010-06-08 14:56:00+00:00,-28,2701.6,0,,75644.8
2010-06-08 15:12:00+00:00,28,2716.3,0,,-76056.40000000001
2010-06-08 15:13:00+00:00,28,2716.3,0,,-76056.40000000001
2010-06-08 15:15:00+00:00,-28,2718.3,0,,76112.40000000001
2010-06-09 09:16:00+00:00,28,2717.1,0,,-76078.8
2010-06-11 15:15:00+00:00,-28,2763.7,0,,77383.59999999999
2010-06-17 09:16:00+00:00,-28,2775.7,0,,77719.59999999999
2010-06-17 15:15:00+00:00,28,2741.7,0,,-76767.59999999999
2010-06-18 09:16:00+00:00,-29,2740.6,0,,79477.4
2010-06-18 10:24:00+00:00,29,2756.1,0,,-79926.9
2010-06-18 10:25:00+00:00,29,2754.5,0,,-79880.5
2010-06-18 11:23:00+00:00,-29,2737.8,0,,79396.20000000001
2010-06-18 11:24:00+00:00,-29,2738.4,0,,79413.6
2010-06-18 15:15:00+00:00,29,2697.3,0,,-78221.70000000001
2010-06-21 09:16:00+00:00,-30,2727.5,0,,81825.0
2010-06-22 10:07:00+00:00,30,2781.3,0,,-83439.0
2010-06-22 10:08:00+00:00,28,2781.5,0,,-77882.0
2010-06-22 15:15:00+00:00,-28,2776.9,0,,77753.2
2010-06-23 09:16:00+00:00,28,2763.0,0,,-77364.0
2010-06-23 11:29:00+00:00,-28,2746.9,0,,76913.2
2010-06-23 11:30:00+00:00,-27,2748.1,0,,74198.7
2010-06-23 15:15:00+00:00,27,2744.5,0,,-74101.5
2010-06-24 09:16:00+00:00,-28,2749.1,0,,76974.8
2010-06-25 15:15:00+00:00,28,2731.4,0,,-76479.2
2010-06-28 09:16:00+00:00,-28,2729.9,0,,76437.2
2010-06-29 15:15:00+00:00,28,2579.3,0,,-72220.40000000001
2010-06-30 09:16:00+00:00,-34,2559.6,0,,87026.4
2010-07-01 15:15:00+00:00,34,2525.9,0,,-85880.6
2010-07-02 09:16:00+00:00,-36,2529.9,0,,91076.40000000001
2010-07-06 10:08:00+00:00,36,2542.6,0,,-91533.59999999999
2010-07-06 10:09:00+00:00,35,2539.4,0,,-88879.0
2010-07-06 13:54:00+00:00,-35,2520.7,0,,88224.5
2010-07-06 13:55:00+00:00,35,2522.3,0,,-88280.5
2010-07-06 15:15:00+00:00,-35,2544.9,0,,89071.5
2010-07-07 09:16:00+00:00,35,2537.8,0,,-88823.0
2010-07-09 15:15:00+00:00,-35,2628.9,0,,92011.5
2010-07-12 09:16:00+00:00,37,2631.0,0,,-97347.0
2010-07-13 10:07:00+00:00,-37,2614.0,0,,96718.0
2010-07-13 10:08:00+00:00,-37,2610.0,0,,96570.0
2010-07-13 15:15:00+00:00,37,2605.3,0,,-96396.1
2010-07-14 09:16:00+00:00,-37,2619.1,0,,96906.7
2010-07-14 10:07:00+00:00,37,2644.5,0,,-97846.5
2010-07-14 10:08:00+00:00,35,2640.8,0,,-92428.0
2010-07-14 13:40:00+00:00,-35,2625.9,0,,91906.5
2010-07-14 13:41:00+00:00,35,2627.3,0,,-91955.5
2010-07-14 14:33:00+00:00,-35,2613.8,0,,91483.0
2010-07-14 14:34:00+00:00,-35,2615.2,0,,91532.0
2010-07-14 15:15:00+00:00,35,2626.3,0,,-91920.5
2010-07-15 09:16:00+00:00,34,2621.6,0,,-89134.4
2010-07-19 10:07:00+00:00,-34,2590.0,0,,88060.0
2010-07-19 10:08:00+00:00,34,2587.0,0,,-87958.0
2010-07-19 15:15:00+00:00,-34,2667.2,0,,90684.79999999999
2010-07-20 09:16:00+00:00,35,2673.1,0,,-93558.5
2010-07-21 15:15:00+00:00,-35,2714.6,0,,95011.0
2010-07-22 09:16:00+00:00,-36,2710.7,0,,97585.2
2010-07-22 10:07:00+00:00,36,2741.0,0,,-98676.0
2010-07-22 10:08:00+00:00,35,2739.4,0,,-95879.0
2010-07-22 10:19:00+00:00,-35,2725.3,0,,95385.5
2010-07-22 10:20:00+00:00,34,2724.1,0,,-92619.4
2010-07-22 15:15:00+00:00,-34,2755.2,0,,93676.79999999999
2010-07-23 09:16:00+00:00,35,2760.1,0,,-96603.5
2010-07-23 13:36:00+00:00,-35,2744.5,0,,96057.5
2010-07-23 13:37:00+00:00,-35,2740.6,0,,95921.0
2010-07-23 14:48:00+00:00,35,2754.6,0,,-96411.0
2010-07-23 14:49:00+00:00,-34,2754.0,0,,93636.0
2010-07-23 15:15:00+00:00,34,2755.4,0,,-93683.6
2010-07-26 09:16:00+00:00,-34,2762.1,0,,93911.4
2010-07-27 15:15:00+00:00,34,2748.3,0,,-93442.20000000001
2010-07-28 09:16:00+00:00,-34,2750.5,0,,93517.0
2010-07-29 10:07:00+00:00,34,2852.5,0,,-96985.0
2010-07-29 10:08:00+00:00,-30,2853.3,0,,85599.0
2010-07-29 15:15:00+00:00,30,2846.6,0,,-85398.0
2010-07-30 09:16:00+00:00,-30,2842.3,0,,85269.0
2010-08-03 10:07:00+00:00,30,2893.3,0,,-86799.0
2010-08-03 10:08:00+00:00,-28,2892.3,0,,80984.40000000001
2010-08-03 15:15:00+00:00,28,2825.0,0,,-79100.0
2010-08-04 09:16:00+00:00,-31,2829.2,0,,87705.2
2010-08-06 13:06:00+00:00,31,2852.2,0,,-88418.2
2010-08-06 13:07:00+00:00,30,2849.4,0,,-85482.0
2010-08-06 15:15:00+00:00,-30,2886.8,0,,86604.0
2010-08-09 09:16:00+00:00,30,2885.8,0,,-86574.0
2010-08-10 10:56:00+00:00,-30,2871.5,0,,86145.0
2010-08-10 10:57:00+00:00,-30,2870.4,0,,86112.0
2010-08-10 15:15:00+00:00,30,2806.4,0,,-84192.0
2010-08-11 09:16:00+00:00,-33,2808.6,0,,92683.8
2010-08-11 10:08:00+00:00,33,2823.5,0,,-93175.5
2010-08-11 10:09:00+00:00,32,2827.6,0,,-90483.2
2010-08-11 10:55:00+00:00,-32,2810.8,0,,89945.6
2010-08-11 10:56:00+00:00,32,2812.2,0,,-89990.4
2010-08-11 13:08:00+00:00,-32,2797.9,0,,89532.8
2010-08-11 13:09:00+00:00,-31,2801.1,0,,86834.09999999999
2010-08-11 13:29:00+00:00,31,2815.7,0,,-87286.7
2010-08-11 13:30:00+00:00,31,2814.6,0,,-87252.59999999999
2010-08-11 14:10:00+00:00,-31,2799.7,0,,86790.7
2010-08-11 14:11:00+00:00,-30,2803.5,0,,84105.0
2010-08-11 15:15:00+00:00,30,2809.0,0,,-84270.0
2010-08-12 09:16:00+00:00,30,2791.8,0,,-83754.0
2010-08-12 15:15:00+00:00,-30,2796.4,0,,83892.0
2010-08-13 09:16:00+00:00,30,2795.8,0,,-83874.0
2010-08-16 15:15:00+00:00,-30,2897.5,0,,86925.0
2010-08-17 09:16:00+00:00,32,2901.6,0,,-92851.2
2010-08-18 15:15:00+00:00,-32,2913.7,0,,93238.4
2010-08-19 09:16:00+00:00,-32,2917.3,0,,93353.6
2010-08-20 15:15:00+00:00,32,2873.6,0,,-91955.2
2010-08-23 09:16:00+00:00,-34,2873.6,0,,97702.4
2010-08-24 11:21:00+00:00,34,2888.5,0,,-98209.0
2010-08-24 11:22:00+00:00,33,2900.5,0,,-95716.5
2010-08-24 13:36:00+00:00,-33,2885.8,0,,95231.40000000001
2010-08-24 13:37:00+00:00,33,2885.8,0,,-95231.40000000001
2010-08-24 14:36:00+00:00,-33,2870.6,0,,94729.8
2010-08-24 14:37:00+00:00,32,2869.8,0,,-91833.6
2010-08-24 15:15:00+00:00,-32,2867.1,0,,91747.2
2010-08-25 09:16:00+00:00,32,2864.1,0,,-91651.2
2010-08-26 10:07:00+00:00,-32,2820.8,0,,90265.6
2010-08-26 10:08:00+00:00,-32,2820.4,0,,90252.8
2010-08-26 11:14:00+00:00,32,2834.6,0,,-90707.2
2010-08-26 11:15:00+00:00,31,2844.8,0,,-88188.8
2010-08-26 11:26:00+00:00,-31,2827.9,0,,87664.90000000001
2010-08-26 11:27:00+00:00,-31,2827.9,0,,87664.90000000001
2010-08-26 15:15:00+00:00,31,2819.5,0,,-87404.5
2010-08-27 09:16:00+00:00,-31,2815.9,0,,87292.90000000001
2010-08-27 15:15:00+00:00,31,2826.5,0,,-87621.5
2010-08-30 09:16:00+00:00,31,2838.6,0,,-87996.59999999999
2010-08-31 15:15:00+00:00,-31,2863.7,0,,88774.7
2010-09-01 09:16:00+00:00,-31,2877.9,0,,89214.90000000001
2010-09-01 10:27:00+00:00,31,2896.6,0,,-89794.59999999999
2010-09-01 10:28:00+00:00,30,2903.7,0,,-87111.0
2010-09-01 11:05:00+00:00,-30,2886.2,0,,86586.0
2010-09-01 11:06:00+00:00,30,2887.5,0,,-86625.0
2010-09-01 13:01:00+00:00,-30,2869.1,0,,86073.0
2010-09-01 13:02:00+00:00,-29,2868.9,0,,83198.1
2010-09-01 15:15:00+00:00,29,2842.9,0,,-82444.1
2010-09-02 09:16:00+00:00,-30,2873.0,0,,86190.0
2010-09-02 10:12:00+00:00,30,2888.7,0,,-86661.0
2010-09-02 10:13:00+00:00,29,2886.8,0,,-83717.20000000001
2010-09-02 10:32:00+00:00,-29,2871.4,0,,83270.6
2010-09-02 10:33:00+00:00,-29,2871.6,0,,83276.4
2010-09-02 10:50:00+00:00,29,2891.3,0,,-83847.70000000001
2010-09-02 10:51:00+00:00,28,2896.4,0,,-81099.2
2010-09-02 10:58:00+00:00,-28,2876.9,0,,80553.2
2010-09-02 10:59:00+00:00,28,2876.7,0,,-80547.59999999999
2010-09-02 15:15:00+00:00,-28,2883.8,0,,80746.40000000001
2010-09-03 09:16:00+00:00,28,2885.8,0,,-80802.40000000001
2010-09-03 11:27:00+00:00,-28,2866.9,0,,80273.2
2010-09-03 11:28:00+00:00,-28,2869.2,0,,80337.59999999999
2010-09-03 14:43:00+00:00,28,2884.0,0,,-80752.0
2010-09-03 14:44:00+00:00,-27,2885.2,0,,77900.4
2010-09-03 15:15:00+00:00,27,2882.6,0,,-77830.2
2010-09-06 09:16:00+00:00,27,2900.5,0,,-78313.5
2010-09-06 15:15:00+00:00,-27,2940.9,0,,79404.3
2010-09-07 09:16:00+00:00,28,2941.9,0,,-82373.2
2010-09-07 11:08:00+00:00,-28,2926.9,0,,81953.2
2010-09-07 11:09:00+00:00,-28,2923.4,0,,81855.2
2010-09-07 13:45:00+00:00,28,2938.1,0,,-82266.8
2010-09-07 13:46:00+00:00,-27,2937.3,0,,79307.1
2010-09-07 15:15:00+00:00,27,2948.4,0,,-79606.8
2010-09-08 09:16:00+00:00,27,2938.9,0,,-79350.3
2010-09-08 15:15:00+00:00,-27,2947.6,0,,79585.2
2010-09-09 09:16:00+00:00,27,2955.6,0,,-79801.2
2010-09-09 10:07:00+00:00,-27,2933.8,0,,79212.6
2010-09-09 10:08:00+00:00,-27,2934.8,0,,79239.6
2010-09-09 15:15:00+00:00,27,2898.0,0,,-78246.0
2010-09-10 09:16:00+00:00,-28,2907.4,0,,81407.2
2010-09-10 15:15:00+00:00,28,2892.7,0,,-80995.59999999999
2010-09-13 09:16:00+00:00,-28,2904.5,0,,81326.0
2010-09-14 10:07:00+00:00,28,2935.8,0,,-82202.40000000001
2010-09-14 10:08:00+00:00,27,2936.9,0,,-79296.3
2010-09-14 11:15:00+00:00,-27,2919.2,0,,78818.4
2010-09-14 11:16:00+00:00,-27,2920.0,0,,78840.0
2010-09-14 13:31:00+00:00,27,2935.2,0,,-79250.4
2010-09-14 13:32:00+00:00,26,2933.0,0,,-76258.0
2010-09-14 14:02:00+00:00,-26,2917.9,0,,75865.40000000001
2010-09-14 14:03:00+00:00,-26,2921.2,0,,75951.2
2010-09-14 15:15:00+00:00,26,2920.2,0,,-75925.2
2010-09-15 09:16:00+00:00,-26,2921.0,0,,75946.0
2010-09-15 15:15:00+00:00,26,2873.0,0,,-74698.0
2010-09-16 09:16:00+00:00,-27,2878.4,0,,77716.8
2010-09-16 15:15:00+00:00,27,2821.1,0,,-76169.7
2010-09-17 09:16:00+00:00,-29,2824.0,0,,81896.0
2010-09-20 15:15:00+00:00,29,2818.1,0,,-81724.9
2010-09-21 09:16:00+00:00,-29,2825.4,0,,81936.6
2010-09-21 15:15:00+00:00,29,2817.4,0,,-81704.6
2010-09-27 09:16:00+00:00,-30,2826.6,0,,84798.0
2010-09-27 11:14:00+00:00,30,2844.4,0,,-85332.0
2010-09-27 11:15:00+00:00,29,2842.1,0,,-82420.9
2010-09-27 15:15:00+00:00,-29,2848.5,0,,82606.5
2010-09-28 09:16:00+00:00,29,2844.0,0,,-82476.0
2010-09-28 15:15:00+00:00,-29,2836.2,0,,82249.79999999999
2010-09-29 09:16:00+00:00,-29,2837.6,0,,82290.4
2010-09-29 10:15:00+00:00,29,2851.9,0,,-82705.1
2010-09-29 10:16:00+00:00,28,2849.1,0,,-79774.8
2010-09-29 14:29:00+00:00,-28,2833.2,0,,79329.59999999999
2010-09-29 14:30:00+00:00,-28,2831.5,0,,79282.0
2010-09-29 15:15:00+00:00,28,2838.3,0,,-79472.40000000001
2010-09-30 09:16:00+00:00,28,2824.4,0,,-79083.2
2010-09-30 15:15:00+00:00,-28,2895.4,0,,81071.2
2010-10-08 09:16:00+00:00,29,2915.2,0,,-84540.79999999999
2010-10-08 15:15:00+00:00,-29,2997.0,0,,86913.0
2010-10-11 09:16:00+00:00,30,3015.7,0,,-90471.0
2010-10-15 15:15:00+00:00,-30,3302.8,0,,99084.0
2010-10-18 09:16:00+00:00,34,3300.5,0,,-112217.0
2010-10-28 15:15:00+00:00,-34,3422.6,0,,116368.4
2010-10-29 09:16:00+00:00,35,3400.2,0,,-119007.0
2010-11-03 14:36:00+00:00,-35,3379.2,0,,118272.0
2010-11-03 14:37:00+00:00,-35,3373.5,0,,118072.5
2010-11-03 15:15:00+00:00,35,3379.4,0,,-118279.0
2010-11-04 09:16:00+00:00,-35,3395.5,0,,118842.5
2010-11-10 10:07:00+00:00,35,3439.1,0,,-120368.5
2010-11-10 10:08:00+00:00,-33,3438.4,0,,113467.2
2010-11-10 15:15:00+00:00,33,3431.6,0,,-113242.8
2010-11-11 09:16:00+00:00,-34,3430.9,0,,116650.6
2010-11-19 15:15:00+00:00,34,3111.9,0,,-105804.6
2010-11-22 09:16:00+00:00,46,3090.0,0,,-142140.0
2010-11-24 10:15:00+00:00,-46,3074.3,0,,141417.80000000002
2010-11-24 10:16:00+00:00,46,3073.0,0,,-141358.0
2010-11-24 10:51:00+00:00,-46,3057.4,0,,140640.4
2010-11-24 10:52:00+00:00,46,3056.5,0,,-140599.0
2010-11-24 11:09:00+00:00,-46,3037.1,0,,139706.6
2010-11-24 11:10:00+00:00,45,3032.7,0,,-136471.5
2010-11-24 15:15:00+00:00,-45,3070.1,0,,138154.5
2010-11-25 09:16:00+00:00,46,3082.6,0,,-141799.6
2010-11-26 13:40:00+00:00,-46,3063.4,0,,140916.4
2010-11-26 13:41:00+00:00,-45,3056.3,0,,137533.5
2010-11-26 14:02:00+00:00,45,3076.0,0,,-138420.0
2010-11-26 14:03:00+00:00,-44,3076.6,0,,135370.4
2010-11-26 15:15:00+00:00,44,3081.6,0,,-135590.4
2010-11-29 09:16:00+00:00,-44,3078.3,0,,135445.2
2010-11-30 15:15:00+00:00,44,3025.7,0,,-133130.8
2010-12-01 09:16:00+00:00,-47,3026.3,0,,142236.1
2010-12-03 10:07:00+00:00,47,3045.5,0,,-143138.5
2010-12-03 10:08:00+00:00,-46,3045.7,0,,140102.19999999998
2010-12-03 15:15:00+00:00,46,3047.8,0,,-140198.80000000002
2010-12-06 09:16:00+00:00,-46,3060.5,0,,140783.0
2010-12-06 15:15:00+00:00,46,3043.6,0,,-140005.6
2010-12-07 09:16:00+00:00,-46,3029.0,0,,139334.0
2010-12-07 11:28:00+00:00,46,3051.8,0,,-140382.80000000002
2010-12-07 11:29:00+00:00,45,3048.2,0,,-137169.0
2010-12-07 15:15:00+00:00,-45,3090.8,0,,139086.0
2010-12-08 09:16:00+00:00,46,3071.0,0,,-141266.0
2010-12-16 15:15:00+00:00,-46,3093.2,0,,142287.19999999998
2010-12-17 09:16:00+00:00,-47,3107.2,0,,146038.4
2010-12-17 15:15:00+00:00,47,3108.5,0,,-146099.5
2010-12-20 09:16:00+00:00,47,3120.4,0,,-146658.80000000002
2010-12-22 13:35:00+00:00,-47,3103.2,0,,145850.4
2010-12-22 13:36:00+00:00,-46,3098.5,0,,142531.0
2010-12-22 15:15:00+00:00,46,3073.1,0,,-141362.6
2010-12-23 09:16:00+00:00,-47,3074.6,0,,144506.19999999998
2010-12-23 13:27:00+00:00,47,3101.1,0,,-145751.69999999998
2010-12-23 13:28:00+00:00,46,3099.0,0,,-142554.0
2010-12-23 13:55:00+00:00,-46,3081.8,0,,141762.80000000002
2010-12-23 13:56:00+00:00,46,3081.8,0,,-141762.80000000002
2010-12-23 14:23:00+00:00,-46,3063.0,0,,140898.0
2010-12-23 14:24:00+00:00,-45,3060.0,0,,137700.0
2010-12-23 15:15:00+00:00,45,3050.3,0,,-137263.5
2010-12-24 09:16:00+00:00,-46,3042.9,0,,139973.4
2010-12-30 15:15:00+00:00,46,2930.5,0,,-134803.0
2010-12-31 09:16:00+00:00,52,2935.5,0,,-152646.0
2010-12-31 15:15:00+00:00,-52,2990.1,0,,155485.19999999998
2011-01-04 09:16:00+00:00,53,3005.6,0,,-159296.8
2011-01-07 14:20:00+00:00,-53,2981.9,0,,158040.7
2011-01-07 14:21:00+00:00,-52,2985.9,0,,155266.80000000002
2011-01-07 14:47:00+00:00,52,3008.4,0,,-156436.80000000002
2011-01-07 14:48:00+00:00,51,3005.4,0,,-153275.4
2011-01-07 15:15:00+00:00,-51,3002.6,0,,153132.6
2011-01-10 09:16:00+00:00,51,3016.2,0,,-153826.19999999998
2011-01-13 10:07:00+00:00,-51,2993.8,0,,152683.80000000002
2011-01-13 10:08:00+00:00,-50,2984.6,0,,149230.0
2011-01-13 15:15:00+00:00,50,2982.3,0,,-149115.0
2011-01-14 09:16:00+00:00,-50,2978.3,0,,148915.0
2011-01-14 15:15:00+00:00,50,2936.6,0,,-146830.0
2011-01-17 09:16:00+00:00,-53,2928.3,0,,155199.90000000002
2011-01-20 15:15:00+00:00,53,2780.7,0,,-147377.09999999998
2011-01-21 09:16:00+00:00,-63,2774.4,0,,174787.2
2011-01-21 10:07:00+00:00,63,2807.7,0,,-176885.09999999998
2011-01-21 10:08:00+00:00,60,2808.9,0,,-168534.0
2011-01-21 10:17:00+00:00,-60,2793.1,0,,167586.0
2011-01-21 10:18:00+00:00,60,2793.1,0,,-167586.0
2011-01-21 15:15:00+00:00,-60,2813.6,0,,168816.0
2011-01-24 09:16:00+00:00,60,2826.0,0,,-169560.0
2011-02-14 15:15:00+00:00,-60,3034.0,0,,182040.0
2011-02-15 09:16:00+00:00,66,3044.2,0,,-200917.19999999998
2011-02-18 10:15:00+00:00,-66,3025.5,0,,199683.0
2011-02-18 10:16:00+00:00,-65,3025.7,0,,196670.5
2011-02-18 10:42:00+00:00,65,3043.3,0,,-197814.5
2011-02-18 10:43:00+00:00,-64,3042.7,0,,194732.8
2011-02-18 15:15:00+00:00,64,3016.9,0,,-193081.6
2011-02-21 09:16:00+00:00,-66,3009.6,0,,198633.6
2011-02-21 10:07:00+00:00,66,3026.4,0,,-199742.4
2011-02-21 10:08:00+00:00,65,3024.8,0,,-196612.0
2011-02-21 15:15:00+00:00,-65,3065.1,0,,199231.5
2011-02-22 09:16:00+00:00,66,3070.3,0,,-202639.80000000002
2011-02-22 10:07:00+00:00,-66,3050.9,0,,201359.4
2011-02-22 10:08:00+00:00,-65,3051.5,0,,198347.5
2011-02-22 15:15:00+00:00,65,2970.4,0,,-193076.0
2011-02-23 09:16:00+00:00,-71,2963.9,0,,210436.9
2011-02-23 10:21:00+00:00,71,2979.0,0,,-211509.0
2011-02-23 10:22:00+00:00,70,2979.6,0,,-208572.0
2011-02-23 14:24:00+00:00,-70,2958.7,0,,207109.0
2011-02-23 14:25:00+00:00,-69,2959.4,0,,204198.6
2011-02-23 15:15:00+00:00,69,2968.2,0,,-204805.8
2011-02-24 09:16:00+00:00,69,2964.8,0,,-204571.2
2011-02-28 15:15:00+00:00,-69,3039.1,0,,209697.9
2011-03-01 09:16:00+00:00,71,3044.6,0,,-216166.6
2011-03-02 10:23:00+00:00,-71,3029.1,0,,215066.1
2011-03-02 10:24:00+00:00,-71,3022.7,0,,214611.69999999998
2011-03-02 15:15:00+00:00,71,3030.2,0,,-215144.19999999998
2011-03-03 09:16:00+00:00,70,3034.7,0,,-212429.0
2011-03-03 14:55:00+00:00,-70,3018.8,0,,211316.0
2011-03-03 14:56:00+00:00,-69,3015.2,0,,208048.8
2011-03-03 15:15:00+00:00,69,3009.1,0,,-207627.9
2011-03-04 09:16:00+00:00,-70,3017.9,0,,211253.0
2011-03-04 13:32:00+00:00,70,3037.5,0,,-212625.0
2011-03-04 13:33:00+00:00,68,3038.4,0,,-206611.2
2011-03-04 15:15:00+00:00,-68,3069.2,0,,208705.59999999998
2011-03-07 09:16:00+00:00,69,3072.2,0,,-211981.8
2011-03-07 15:15:00+00:00,-69,3120.4,0,,215307.6
2011-03-08 09:16:00+00:00,70,3116.8,0,,-218176.0
2011-03-08 14:13:00+00:00,-70,3100.8,0,,217056.0
2011-03-08 14:14:00+00:00,-70,3101.3,0,,217091.0
2011-03-08 14:53:00+00:00,70,3117.8,0,,-218246.0
2011-03-08 14:54:00+00:00,69,3118.9,0,,-215204.1
2011-03-08 15:15:00+00:00,-69,3137.9,0,,216515.1
2011-03-09 09:16:00+00:00,69,3146.0,0,,-217074.0
2011-03-10 10:07:00+00:00,-69,3097.0,0,,213693.0
2011-03-10 10:08:00+00:00,-67,3096.1,0,,207438.69999999998
2011-03-10 15:15:00+00:00,67,3072.4,0,,-205850.80000000002
2011-03-11 09:16:00+00:00,-69,3066.8,0,,211609.2
2011-03-11 13:58:00+00:00,69,3085.3,0,,-212885.7
2011-03-11 13:59:00+00:00,68,3081.9,0,,-209569.2
2011-03-11 14:24:00+00:00,-68,3066.4,0,,208515.2
2011-03-11 14:25:00+00:00,67,3068.1,0,,-205562.69999999998
2011-03-11 14:33:00+00:00,-67,3051.8,0,,204470.6
2011-03-11 14:34:00+00:00,-67,3052.6,0,,204524.19999999998
2011-03-11 15:15:00+00:00,67,3036.3,0,,-203432.1
2011-03-14 09:16:00+00:00,-68,3042.7,0,,206903.59999999998
2011-03-15 15:15:00+00:00,68,2986.7,0,,-203095.59999999998
2011-03-16 09:16:00+00:00,-72,3004.6,0,,216331.19999999998
2011-03-16 13:36:00+00:00,72,3021.2,0,,-217526.4
2011-03-16 13:37:00+00:00,70,3021.0,0,,-211470.0
2011-03-16 15:15:00+00:00,-70,3027.9,0,,211953.0
2011-03-17 09:16:00+00:00,71,3016.0,0,,-214136.0
2011-03-22 10:07:00+00:00,-71,2981.4,0,,211679.4
2011-03-22 10:08:00+00:00,-70,2978.2,0,,208474.0
2011-03-22 10:41:00+00:00,70,2996.1,0,,-209727.0
2011-03-22 10:42:00+00:00,-68,2993.3,0,,203544.40000000002
2011-03-22 11:16:00+00:00,68,3009.3,0,,-204632.40000000002
2011-03-22 11:17:00+00:00,-67,3006.7,0,,201448.9
2011-03-22 15:15:00+00:00,67,3003.3,0,,-201221.1
2011-03-23 09:16:00+00:00,-67,3002.6,0,,201174.19999999998
2011-03-24 10:07:00+00:00,67,3041.4,0,,-203773.80000000002
2011-03-24 10:08:00+00:00,-64,3043.6,0,,194790.4
2011-03-24 15:15:00+00:00,64,3036.4,0,,-194329.6
2011-03-25 09:16:00+00:00,-65,3040.3,0,,197619.5
2011-03-25 10:07:00+00:00,65,3058.7,0,,-198815.5
2011-03-25 10:08:00+00:00,63,3059.1,0,,-192723.3
2011-03-25 15:15:00+00:00,-63,3066.9,0,,193214.7
2011-03-28 09:16:00+00:00,63,3074.7,0,,-193706.09999999998
2011-03-28 15:15:00+00:00,-63,3067.4,0,,193246.2
2011-03-29 09:16:00+00:00,-63,3058.9,0,,192710.7
2011-04-01 15:15:00+00:00,63,3042.5,0,,-191677.5
2011-04-06 09:16:00+00:00,64,3044.2,0,,-194828.8
2011-04-07 15:15:00+00:00,-64,3087.5,0,,197600.0
2011-04-08 09:16:00+00:00,65,3090.5,0,,-200882.5
2011-04-08 15:15:00+00:00,-65,3125.8,0,,203177.0
2011-04-11 09:16:00+00:00,66,3129.9,0,,-206573.4
2011-04-11 14:39:00+00:00,-66,3113.7,0,,205504.19999999998
2011-04-11 14:40:00+00:00,-66,3112.4,0,,205418.4
2011-04-11 15:15:00+00:00,66,3108.0,0,,-205128.0
2011-04-12 09:16:00+00:00,-66,3105.0,0,,204930.0
2011-04-12 15:15:00+00:00,66,3093.5,0,,-204171.0
2011-04-13 09:16:00+00:00,-67,3083.8,0,,206614.6
2011-04-13 13:53:00+00:00,67,3099.4,0,,-207659.80000000002
2011-04-13 13:54:00+00:00,66,3099.2,0,,-204547.19999999998
2011-04-13 15:15:00+00:00,-66,3135.1,0,,206916.6
2011-04-14 09:16:00+00:00,67,3138.6,0,,-210286.19999999998
2011-04-14 10:18:00+00:00,-67,3119.0,0,,208973.0
2011-04-14 10:19:00+00:00,-66,3119.8,0,,205906.80000000002
2011-04-14 15:15:00+00:00,66,3109.6,0,,-205233.6
2011-04-15 09:16:00+00:00,-67,3110.3,0,,208390.1
2011-04-15 10:07:00+00:00,67,3135.3,0,,-210065.1
2011-04-15 10:08:00+00:00,65,3131.2,0,,-203528.0
2011-04-15 10:26:00+00:00,-65,3114.6,0,,202449.0
2011-04-15 10:27:00+00:00,65,3114.6,0,,-202449.0
2011-04-15 10:40:00+00:00,-65,3095.2,0,,201188.0
2011-04-15 10:41:00+00:00,-64,3096.1,0,,198150.4
2011-04-15 14:23:00+00:00,64,3117.5,0,,-199520.0
2011-04-15 14:24:00+00:00,63,3113.7,0,,-196163.09999999998
2011-04-15 15:15:00+00:00,-63,3116.4,0,,196333.2
2011-04-18 09:16:00+00:00,63,3112.4,0,,-196081.2
2011-04-19 10:07:00+00:00,-63,3084.6,0,,194329.8
2011-04-19 10:08:00+00:00,-62,3082.6,0,,191121.19999999998
2011-04-19 15:15:00+00:00,62,3059.1,0,,-189664.19999999998
2011-04-20 09:16:00+00:00,-64,3066.9,0,,196281.6
2011-04-20 15:15:00+00:00,64,3062.1,0,,-195974.4
2011-04-21 09:16:00+00:00,-64,3076.0,0,,196864.0
2011-04-21 15:15:00+00:00,64,3068.9,0,,-196409.6
2011-04-22 09:16:00+00:00,-64,3070.8,0,,196531.2
2011-04-22 15:15:00+00:00,64,3058.4,0,,-195737.6
2011-04-25 09:16:00+00:00,-65,3051.4,0,,198341.0
2011-04-25 15:15:00+00:00,65,3014.8,0,,-195962.0
2011-04-26 09:16:00+00:00,-68,3008.9,0,,204605.2
2011-04-26 15:15:00+00:00,68,3004.1,0,,-204278.8
2011-04-27 09:16:00+00:00,-68,3010.9,0,,204741.2
2011-04-27 15:15:00+00:00,68,2986.3,0,,-203068.40000000002
2011-04-28 09:16:00+00:00,-70,2992.2,0,,209454.0
2011-04-28 15:15:00+00:00,70,2952.9,0,,-206703.0
2011-04-29 09:16:00+00:00,-73,2949.0,0,,215277.0
2011-05-04 15:15:00+00:00,73,2895.4,0,,-211364.2
2011-05-05 09:16:00+00:00,-78,2883.2,0,,224889.59999999998
2011-05-05 13:25:00+00:00,78,2897.8,0,,-226028.40000000002
2011-05-05 13:26:00+00:00,77,2896.1,0,,-222999.69999999998
2011-05-05 15:13:00+00:00,-77,2880.1,0,,221767.69999999998
2011-05-05 15:14:00+00:00,-76,2881.3,0,,218978.80000000002
2011-05-05 15:15:00+00:00,76,2883.0,0,,-219108.0
2011-05-06 09:16:00+00:00,76,2874.0,0,,-218424.0
2011-05-09 15:15:00+00:00,-76,2897.8,0,,220232.80000000002
2011-05-10 09:16:00+00:00,77,2894.5,0,,-222876.5
2011-05-10 15:15:00+00:00,-77,2911.8,0,,224208.6
2011-05-11 09:16:00+00:00,77,2915.5,0,,-224493.5
2011-05-11 10:26:00+00:00,-77,2900.9,0,,223369.30000000002
2011-05-11 10:27:00+00:00,-77,2898.5,0,,223184.5
2011-05-11 11:22:00+00:00,77,2918.1,0,,-224693.69999999998
2011-05-11 11:23:00+00:00,75,2916.1,0,,-218707.5
2011-05-11 15:03:00+00:00,-75,2900.7,0,,217552.5
2011-05-11 15:04:00+00:00,-74,2901.1,0,,214681.4
2011-05-11 15:15:00+00:00,74,2901.9,0,,-214740.6
2011-05-12 09:16:00+00:00,-74,2887.4,0,,213667.6
2011-05-16 15:15:00+00:00,74,2869.1,0,,-212313.4
2011-05-17 09:16:00+00:00,-76,2864.7,0,,217717.19999999998
2011-05-17 11:22:00+00:00,76,2880.1,0,,-218887.6
2011-05-17 11:23:00+00:00,75,2877.5,0,,-215812.5
2011-05-17 15:15:00+00:00,-75,2878.6,0,,215895.0
2011-05-18 09:16:00+00:00,75,2876.7,0,,-215752.5
2011-05-18 15:15:00+00:00,-75,2896.9,0,,217267.5
2011-05-19 09:16:00+00:00,76,2900.8,0,,-220460.80000000002
2011-05-19 14:04:00+00:00,-76,2886.2,0,,219351.19999999998
2011-05-19 14:05:00+00:00,-75,2887.0,0,,216525.0
2011-05-19 15:15:00+00:00,75,2879.4,0,,-215955.0
2011-05-20 09:16:00+00:00,-76,2880.5,0,,218918.0
2011-05-20 15:15:00+00:00,76,2878.5,0,,-218766.0
2011-05-23 09:16:00+00:00,-76,2870.0,0,,218120.0
2011-05-23 15:15:00+00:00,76,2783.5,0,,-211546.0
2011-05-24 09:16:00+00:00,-84,2779.5,0,,233478.0
2011-05-24 15:15:00+00:00,84,2782.4,0,,-233721.6
2011-05-25 09:16:00+00:00,84,2780.0,0,,-233520.0
2011-05-31 10:07:00+00:00,-84,2741.2,0,,230260.8
2011-05-31 10:08:00+00:00,82,2741.0,0,,-224762.0
2011-05-31 11:28:00+00:00,-82,2726.5,0,,223573.0
2011-05-31 11:29:00+00:00,-82,2727.2,0,,223630.4
2011-05-31 13:58:00+00:00,82,2741.9,0,,-224835.80000000002
2011-05-31 13:59:00+00:00,80,2744.5,0,,-219560.0
2011-05-31 15:15:00+00:00,-80,2756.9,0,,220552.0
2011-06-01 09:16:00+00:00,80,2759.2,0,,-220736.0
2011-06-01 15:15:00+00:00,-80,2764.0,0,,221120.0
2011-06-02 09:16:00+00:00,80,2743.4,0,,-219472.0
2011-06-02 10:42:00+00:00,-80,2727.8,0,,218224.0
2011-06-02 10:43:00+00:00,-80,2728.0,0,,218240.0
2011-06-02 15:15:00+00:00,80,2725.6,0,,-218048.0
2011-06-03 09:16:00+00:00,-80,2727.8,0,,218224.0
2011-06-03 10:57:00+00:00,80,2741.6,0,,-219328.0
2011-06-03 10:58:00+00:00,79,2745.3,0,,-216878.7
2011-06-03 15:15:00+00:00,-79,2747.5,0,,217052.5
2011-06-07 09:16:00+00:00,79,2746.5,0,,-216973.5
2011-06-07 15:15:00+00:00,-79,2756.9,0,,217795.1
2011-06-08 09:16:00+00:00,79,2751.7,0,,-217384.3
2011-06-08 10:07:00+00:00,-79,2721.5,0,,214998.5
2011-06-08 10:08:00+00:00,-78,2726.8,0,,212690.40000000002
2011-06-08 11:02:00+00:00,78,2743.0,0,,-213954.0
2011-06-08 11:03:00+00:00,-76,2741.0,0,,208316.0
2011-06-08 14:18:00+00:00,76,2755.7,0,,-209433.19999999998
2011-06-08 14:19:00+00:00,75,2755.7,0,,-206677.5
2011-06-08 15:15:00+00:00,-75,2762.7,0,,207202.5
2011-06-09 09:16:00+00:00,75,2769.4,0,,-207705.0
2011-06-09 10:12:00+00:00,-75,2755.0,0,,206625.0
2011-06-09 10:13:00+00:00,-74,2757.8,0,,204077.2
2011-06-09 15:15:00+00:00,74,2721.9,0,,-201420.6
2011-06-10 09:16:00+00:00,-78,2724.1,0,,212479.8
2011-06-10 15:15:00+00:00,78,2714.5,0,,-211731.0
2011-06-13 09:16:00+00:00,-79,2705.7,0,,213750.3
2011-06-14 10:07:00+00:00,79,2737.9,0,,-216294.1
2011-06-14 10:08:00+00:00,76,2738.3,0,,-208110.80000000002
2011-06-14 15:15:00+00:00,-76,2746.0,0,,208696.0
2011-06-15 09:16:00+00:00,76,2747.8,0,,-208832.80000000002
2011-06-16 10:07:00+00:00,-76,2704.5,0,,205542.0
2011-06-16 10:08:00+00:00,-74,2703.8,0,,200081.2
2011-06-16 15:15:00+00:00,74,2692.6,0,,-199252.4
2011-06-17 09:16:00+00:00,-75,2695.3,0,,202147.5
2011-06-17 15:15:00+00:00,75,2657.1,0,,-199282.5
2011-06-20 09:16:00+00:00,-79,2655.2,0,,209760.8
2011-06-20 15:15:00+00:00,79,2652.5,0,,-209547.5
2011-06-21 09:16:00+00:00,-79,2657.1,0,,209910.9
2011-06-21 13:51:00+00:00,79,2670.3,0,,-210953.7
2011-06-21 13:52:00+00:00,77,2669.8,0,,-205574.6
2011-06-21 15:15:00+00:00,-77,2667.5,0,,205397.5
2011-06-22 09:16:00+00:00,77,2673.8,0,,-205882.6
2011-06-22 11:28:00+00:00,-77,2658.9,0,,204735.30000000002
2011-06-22 11:29:00+00:00,-76,2658.5,0,,202046.0
2011-06-22 13:56:00+00:00,76,2672.3,0,,-203094.80000000002
2011-06-22 13:57:00+00:00,-75,2670.5,0,,200287.5
2011-06-22 15:15:00+00:00,75,2665.3,0,,-199897.5
2011-06-23 09:16:00+00:00,-76,2658.2,0,,202023.19999999998
2011-06-23 10:33:00+00:00,76,2674.9,0,,-203292.4
2011-06-23 10:34:00+00:00,74,2672.3,0,,-197750.2
2011-06-23 15:15:00+00:00,-74,2721.1,0,,201361.4
2011-06-24 09:16:00+00:00,76,2723.3,0,,-206970.80000000002
2011-06-24 15:15:00+00:00,-76,2793.5,0,,212306.0
2011-06-27 09:16:00+00:00,79,2788.5,0,,-220291.5
2011-06-28 15:15:00+00:00,-79,2794.8,0,,220789.2
2011-06-29 09:16:00+00:00,-79,2804.2,0,,221531.8
2011-06-30 10:32:00+00:00,79,2820.0,0,,-222780.0
2011-06-30 10:33:00+00:00,77,2816.7,0,,-216885.9
2011-06-30 14:35:00+00:00,-77,2796.8,0,,215353.6
2011-06-30 14:36:00+00:00,77,2793.1,0,,-215068.69999999998
2011-06-30 15:15:00+00:00,-77,2794.4,0,,215168.80000000002
2011-07-01 09:16:00+00:00,77,2795.2,0,,-215230.4
2011-07-05 15:15:00+00:00,-77,2866.1,0,,220689.69999999998
2011-07-06 09:16:00+00:00,-79,2868.5,0,,226611.5
2011-07-06 15:15:00+00:00,79,2864.3,0,,-226279.7
2011-07-07 09:16:00+00:00,-80,2868.2,0,,229456.0
2011-07-07 13:15:00+00:00,80,2884.2,0,,-230736.0
2011-07-07 13:16:00+00:00,78,2884.7,0,,-225006.59999999998
2011-07-07 13:45:00+00:00,-78,2869.6,0,,223828.8
2011-07-07 13:46:00+00:00,77,2871.5,0,,-221105.5
2011-07-07 14:11:00+00:00,-77,2854.2,0,,219773.4
2011-07-07 14:12:00+00:00,-77,2853.6,0,,219727.19999999998
2011-07-07 15:15:00+00:00,77,2859.5,0,,-220181.5
2011-07-08 09:16:00+00:00,-76,2870.4,0,,218150.4
2011-07-08 15:15:00+00:00,76,2869.3,0,,-218066.80000000002
2011-07-11 09:16:00+00:00,-76,2862.8,0,,217572.80000000002
2011-07-11 15:15:00+00:00,76,2856.2,0,,-217071.19999999998
2011-07-12 09:16:00+00:00,-76,2836.3,0,,215558.80000000002
2011-07-12 15:15:00+00:00,76,2809.9,0,,-213552.4
2011-07-13 09:16:00+00:00,-79,2816.1,0,,222471.9
2011-07-13 10:23:00+00:00,79,2832.1,0,,-223735.9
2011-07-13 10:24:00+00:00,78,2831.4,0,,-220849.2
2011-07-13 15:15:00+00:00,-78,2857.3,0,,222869.40000000002
2011-07-14 09:16:00+00:00,79,2857.1,0,,-225710.9
2011-07-14 15:15:00+00:00,-79,2862.3,0,,226121.7
2011-07-15 09:16:00+00:00,79,2860.1,0,,-225947.9
2011-07-15 15:15:00+00:00,-79,2874.7,0,,227101.3
2011-07-18 09:16:00+00:00,79,2884.8,0,,-227899.2
2011-07-19 10:07:00+00:00,-79,2846.3,0,,224857.7
2011-07-19 10:08:00+00:00,-78,2845.2,0,,221925.59999999998
2011-07-19 15:15:00+00:00,78,2854.6,0,,-222658.8
2011-07-20 09:16:00+00:00,-77,2866.8,0,,220743.6
2011-07-20 15:15:00+00:00,77,2838.6,0,,-218572.19999999998
2011-07-21 09:16:00+00:00,-79,2831.7,0,,223704.3
2011-07-22 15:15:00+00:00,79,2817.6,0,,-222590.4
2011-07-25 09:16:00+00:00,-80,2805.1,0,,224408.0
2011-07-25 15:15:00+00:00,80,2727.6,0,,-218208.0
2011-07-26 09:16:00+00:00,-89,2728.7,0,,242854.3
2011-08-02 15:15:00+00:00,89,2715.9,0,,-241715.1
2011-08-03 09:16:00+00:00,-90,2688.8,0,,241992.00000000003
2011-08-03 10:07:00+00:00,90,2705.6,0,,-243504.0
2011-08-03 10:08:00+00:00,89,2705.1,0,,-240753.9
2011-08-03 15:15:00+00:00,-89,2709.8,0,,241172.2
2011-08-04 09:16:00+00:00,89,2717.2,0,,-241830.8
2011-08-04 15:15:00+00:00,-89,2715.5,0,,241679.5
2011-08-05 09:16:00+00:00,-89,2658.7,0,,236624.3
2011-08-10 15:15:00+00:00,89,2574.1,0,,-229094.9
2011-08-11 09:16:00+00:00,-101,2555.9,0,,258145.90000000002
2011-08-11 10:07:00+00:00,101,2585.4,0,,-261125.40000000002
2011-08-11 10:08:00+00:00,97,2585.1,0,,-250754.69999999998
2011-08-11 15:15:00+00:00,-97,2638.6,0,,255944.19999999998
2011-08-12 09:16:00+00:00,100,2642.9,0,,-264290.0
2011-09-05 10:07:00+00:00,-100,2527.2,0,,252719.99999999997
2011-09-05 10:08:00+00:00,-93,2525.9,0,,234908.7
2011-09-05 15:15:00+00:00,93,2508.4,0,,-233281.2
2011-09-06 09:16:00+00:00,-96,2500.5,0,,240048.0
2011-09-06 15:15:00+00:00,96,2498.3,0,,-239836.80000000002
2011-09-07 09:16:00+00:00,-96,2500.7,0,,240067.19999999998
2011-09-07 11:21:00+00:00,96,2521.5,0,,-242064.0
2011-09-07 11:22:00+00:00,93,2522.4,0,,-234583.2
2011-09-07 15:15:00+00:00,-93,2533.0,0,,235569.0
2011-09-08 09:16:00+00:00,94,2537.0,0,,-238478.0
2011-09-08 14:18:00+00:00,-94,2522.6,0,,237124.4
2011-09-08 14:19:00+00:00,-93,2523.7,0,,234704.09999999998
2011-09-08 15:15:00+00:00,93,2517.5,0,,-234127.5
2011-09-09 09:16:00+00:00,-93,2533.6,0,,235624.8
2011-09-14 15:15:00+00:00,93,2491.6,0,,-231718.8
2011-09-15 09:16:00+00:00,98,2501.3,0,,-245127.40000000002
2011-09-16 14:21:00+00:00,-98,2487.3,0,,243755.40000000002
2011-09-16 14:22:00+00:00,-97,2488.9,0,,241423.30000000002
2011-09-16 15:15:00+00:00,97,2492.6,0,,-241782.19999999998
2011-09-19 09:16:00+00:00,-96,2468.0,0,,236928.0
2011-09-19 15:15:00+00:00,96,2431.9,0,,-233462.40000000002
2011-09-20 09:16:00+00:00,-102,2434.8,0,,248349.6
2011-09-20 13:13:00+00:00,102,2446.9,0,,-249583.80000000002
2011-09-20 13:14:00+00:00,100,2446.9,0,,-244690.0
2011-09-20 15:15:00+00:00,-100,2463.8,0,,246380.00000000003
2011-09-21 09:16:00+00:00,101,2457.1,0,,-248167.09999999998
2011-09-21 10:07:00+00:00,-101,2438.5,0,,246288.5
2011-09-21 10:08:00+00:00,-100,2438.1,0,,243810.0
2011-09-21 10:24:00+00:00,100,2452.5,0,,-245250.0
2011-09-21 10:25:00+00:00,98,2457.3,0,,-240815.40000000002
2011-09-21 15:15:00+00:00,-98,2520.1,0,,246969.8
2011-09-22 09:16:00+00:00,102,2495.3,0,,-254520.6
2011-09-30 10:07:00+00:00,-102,2377.1,0,,242464.19999999998
2011-09-30 10:08:00+00:00,95,2377.3,0,,-225843.50000000003
2011-09-30 10:49:00+00:00,-95,2362.7,0,,224456.49999999997
2011-09-30 10:50:00+00:00,-94,2362.0,0,,222028.0
2011-09-30 13:42:00+00:00,94,2375.1,0,,-223259.4
2011-09-30 13:43:00+00:00,-92,2373.6,0,,218371.19999999998
2011-09-30 15:15:00+00:00,92,2347.2,0,,-215942.4
2011-10-10 09:16:00+00:00,-96,2367.8,0,,227308.80000000002
2011-10-10 15:15:00+00:00,96,2340.0,0,,-224640.0
2011-10-11 09:16:00+00:00,-99,2407.9,0,,238382.1
2011-10-11 15:15:00+00:00,99,2323.6,0,,-230036.4
2011-10-12 09:16:00+00:00,-109,2315.4,0,,252378.6
2011-10-19 10:07:00+00:00,109,2370.1,0,,-258340.9
2011-10-19 10:08:00+00:00,-100,2370.0,0,,237000.0
2011-10-19 10:47:00+00:00,100,2385.8,0,,-238580.00000000003
2011-10-19 10:48:00+00:00,98,2388.4,0,,-234063.2
2011-10-19 11:27:00+00:00,-98,2374.5,0,,232701.0
2011-10-19 11:28:00+00:00,97,2372.5,0,,-230132.5
2011-10-19 13:01:00+00:00,-97,2354.5,0,,228386.5
2011-10-19 13:02:00+00:00,-96,2357.0,0,,226272.0
2011-10-19 15:15:00+00:00,96,2355.2,0,,-226099.19999999998
2011-10-20 09:16:00+00:00,-96,2339.7,0,,224611.19999999998
2011-10-20 15:15:00+00:00,96,2298.5,0,,-220656.0
2011-10-21 09:16:00+00:00,-102,2306.2,0,,235232.4
2011-11-01 10:07:00+00:00,102,2478.2,0,,-252776.4
2011-11-01 10:08:00+00:00,77,2476.7,0,,-190705.9
2011-11-01 11:28:00+00:00,-77,2464.7,0,,189781.9
2011-11-01 11:29:00+00:00,77,2461.4,0,,-189527.80000000002
2011-11-01 13:46:00+00:00,-77,2447.6,0,,188465.19999999998
2011-11-01 13:47:00+00:00,76,2446.7,0,,-185949.19999999998
2011-11-01 15:15:00+00:00,-76,2447.0,0,,185972.0
2011-11-02 09:16:00+00:00,76,2432.6,0,,-184877.6
2011-11-10 15:15:00+00:00,-76,2460.7,0,,187013.19999999998
2011-11-11 09:16:00+00:00,-78,2466.9,0,,192418.2
2011-11-11 11:27:00+00:00,78,2482.2,0,,-193611.59999999998
2011-11-11 11:28:00+00:00,76,2480.2,0,,-188495.19999999998
2011-11-11 14:20:00+00:00,-76,2465.1,0,,187347.6
2011-11-11 14:21:00+00:00,-75,2465.6,0,,184920.0
2011-11-11 15:15:00+00:00,75,2458.7,0,,-184402.5
2011-11-14 09:16:00+00:00,-76,2478.2,0,,188343.19999999998
2011-11-14 10:10:00+00:00,76,2492.4,0,,-189422.4
2011-11-14 10:11:00+00:00,74,2499.7,0,,-184977.8
2011-11-14 15:15:00+00:00,-74,2508.6,0,,185636.4
2011-11-15 09:16:00+00:00,74,2501.2,0,,-185088.8
2011-11-15 15:15:00+00:00,-74,2498.1,0,,184859.4
2011-11-16 09:16:00+00:00,-74,2503.0,0,,185222.0
2011-11-16 15:15:00+00:00,74,2436.8,0,,-180323.2
2011-11-17 09:16:00+00:00,-81,2437.9,0,,197469.9
2011-11-23 15:15:00+00:00,81,2350.1,0,,-190358.1
2011-11-24 09:16:00+00:00,-91,2337.2,0,,212685.19999999998
2011-11-24 10:47:00+00:00,91,2350.1,0,,-213859.1
2011-11-24 10:48:00+00:00,90,2351.2,0,,-211607.99999999997
2011-11-24 15:15:00+00:00,-90,2361.2,0,,212507.99999999997
2011-11-25 09:16:00+00:00,90,2356.1,0,,-212049.0
2011-11-28 10:07:00+00:00,-90,2339.9,0,,210591.0
2011-11-28 10:08:00+00:00,-90,2341.2,0,,210707.99999999997
2011-11-28 11:01:00+00:00,90,2354.1,0,,-211869.0
2011-11-28 11:02:00+00:00,88,2361.9,0,,-207847.2
2011-11-28 11:23:00+00:00,-88,2348.9,0,,206703.2
2011-11-28 11:24:00+00:00,-87,2346.7,0,,204162.9
2011-11-28 15:15:00+00:00,87,2349.0,0,,-204363.0
2011-11-29 09:16:00+00:00,-87,2358.5,0,,205189.5
2011-11-29 13:56:00+00:00,87,2369.8,0,,-206172.6
2011-11-29 13:57:00+00:00,85,2371.9,0,,-201611.5
2011-11-29 15:15:00+00:00,-85,2366.5,0,,201152.5
2011-11-30 09:16:00+00:00,84,2365.9,0,,-198735.6
2011-11-30 10:26:00+00:00,-84,2353.0,0,,197652.0
2011-11-30 10:27:00+00:00,-84,2354.5,0,,197778.0
2011-11-30 15:15:00+00:00,84,2299.4,0,,-193149.6
2011-12-01 09:16:00+00:00,-91,2352.5,0,,214077.5
2011-12-07 15:15:00+00:00,91,2305.4,0,,-209791.4
2011-12-08 09:16:00+00:00,95,2300.9,0,,-218585.5
2011-12-08 10:07:00+00:00,-95,2283.2,0,,216903.99999999997
2011-12-08 10:08:00+00:00,-94,2282.3,0,,214536.2
2011-12-08 11:16:00+00:00,94,2294.0,0,,-215636.0
2011-12-08 11:17:00+00:00,-92,2297.4,0,,211360.80000000002
2011-12-08 11:28:00+00:00,92,2319.0,0,,-213348.0
2011-12-08 11:29:00+00:00,89,2319.6,0,,-206444.4
2011-12-08 13:37:00+00:00,-89,2307.6,0,,205376.4
2011-12-08 13:38:00+00:00,89,2307.2,0,,-205340.8
2011-12-08 15:15:00+00:00,-89,2300.1,0,,204708.9
2011-12-09 09:16:00+00:00,-88,2288.9,0,,201423.2
2011-12-09 15:15:00+00:00,88,2281.8,0,,-200798.40000000002
2011-12-12 09:16:00+00:00,-89,2283.4,0,,203222.6
2011-12-13 15:15:00+00:00,89,2217.2,0,,-197330.8
2011-12-14 09:16:00+00:00,-99,2211.8,0,,218968.2
2011-12-15 15:15:00+00:00,99,2129.4,0,,-210810.6
2011-12-16 09:16:00+00:00,-112,2132.7,0,,238862.39999999997
2011-12-16 14:15:00+00:00,112,2145.9,0,,-240340.80000000002
2011-12-16 14:16:00+00:00,109,2149.9,0,,-234339.1
2011-12-16 15:15:00+00:00,-109,2166.7,0,,236170.3
2011-12-19 09:16:00+00:00,110,2153.5,0,,-236885.0
2011-12-19 10:07:00+00:00,-110,2131.1,0,,234421.0
2011-12-19 10:08:00+00:00,-109,2131.8,0,,232366.2
2011-12-19 14:21:00+00:00,109,2145.4,0,,-233848.6
2011-12-19 14:22:00+00:00,106,2157.3,0,,-228673.80000000002
2011-12-19 15:15:00+00:00,-106,2176.0,0,,230656.0
2011-12-20 09:16:00+00:00,108,2166.2,0,,-233949.59999999998
2011-12-22 10:07:00+00:00,-108,2110.8,0,,227966.40000000002
2011-12-22 10:08:00+00:00,-104,2107.5,0,,219180.0
2011-12-22 11:27:00+00:00,104,2125.4,0,,-221041.6
2011-12-22 11:28:00+00:00,101,2130.0,0,,-215130.0
2011-12-22 13:06:00+00:00,-101,2119.1,0,,214029.09999999998
2011-12-22 13:07:00+00:00,-100,2118.9,0,,211890.0
2011-12-22 14:02:00+00:00,100,2132.9,0,,-213290.0
2011-12-22 14:03:00+00:00,97,2140.1,0,,-207589.69999999998
2011-12-22 14:11:00+00:00,-97,2126.2,0,,206241.4
2011-12-22 14:12:00+00:00,96,2130.3,0,,-204508.80000000002
2011-12-22 15:15:00+00:00,-96,2134.7,0,,204931.19999999998
2011-12-23 09:16:00+00:00,96,2135.4,0,,-204998.40000000002
2011-12-29 10:07:00+00:00,-96,2107.2,0,,202291.19999999998
2011-12-29 10:08:00+00:00,94,2107.3,0,,-198086.2
2011-12-29 13:44:00+00:00,-94,2095.4,0,,196967.6
2011-12-29 13:45:00+00:00,94,2095.7,0,,-196995.8
2011-12-29 15:15:00+00:00,-94,2103.2,0,,197700.8
2011-12-30 09:16:00+00:00,94,2111.0,0,,-198434.0
2011-12-30 15:15:00+00:00,-94,2132.9,0,,200492.6
2012-01-04 09:16:00+00:00,95,2156.2,0,,-204838.99999999997
2012-01-04 10:07:00+00:00,-95,2142.5,0,,203537.5
2012-01-04 10:08:00+00:00,-93,2140.8,0,,199094.40000000002
2012-01-04 15:15:00+00:00,93,2088.5,0,,-194230.5
2012-01-05 09:16:00+00:00,-101,2086.0,0,,210686.0
2012-01-12 10:07:00+00:00,101,2226.0,0,,-224826.0
2012-01-12 10:08:00+00:00,79,2225.4,0,,-175806.6
2012-01-12 10:37:00+00:00,-79,2213.8,0,,174890.2
2012-01-12 10:38:00+00:00,78,2213.5,0,,-172653.0
2012-01-12 15:15:00+00:00,-78,2214.7,0,,172746.59999999998
2012-01-13 09:16:00+00:00,78,2216.5,0,,-172887.0
2012-02-07 11:01:00+00:00,-78,2204.1,0,,171919.8
2012-02-07 11:02:00+00:00,-78,2205.0,0,,171990.0
2012-02-07 15:15:00+00:00,78,2207.1,0,,-172153.8
2012-02-08 09:16:00+00:00,-77,2212.0,0,,170324.0
2012-02-13 10:07:00+00:00,77,2257.9,0,,-173858.30000000002
2012-02-13 10:08:00+00:00,-72,2257.2,0,,162518.4
2012-02-13 10:19:00+00:00,72,2268.5,0,,-163332.0
2012-02-13 10:20:00+00:00,70,2267.6,0,,-158732.0
2012-02-13 15:15:00+00:00,-70,2271.2,0,,158984.0
2012-02-14 09:16:00+00:00,71,2267.8,0,,-161013.80000000002
2012-02-15 15:15:00+00:00,-71,2285.5,0,,162270.5
2012-02-16 09:16:00+00:00,71,2275.0,0,,-161525.0
2012-02-16 13:28:00+00:00,-71,2262.8,0,,160658.80000000002
2012-02-16 13:29:00+00:00,-71,2263.4,0,,160701.4
2012-02-16 15:15:00+00:00,71,2272.8,0,,-161368.80000000002
2012-02-17 09:16:00+00:00,-70,2286.1,0,,160027.0
2012-02-23 10:07:00+00:00,70,2331.8,0,,-163226.0
2012-02-23 10:08:00+00:00,65,2332.1,0,,-151586.5
2012-02-23 11:27:00+00:00,-65,2320.2,0,,150813.0
2012-02-23 11:28:00+00:00,64,2320.4,0,,-148505.6
2012-02-23 15:15:00+00:00,-64,2327.7,0,,148972.8
2012-02-24 09:16:00+00:00,65,2337.0,0,,-151905.0
2012-02-24 11:01:00+00:00,-65,2322.5,0,,150962.5
2012-02-24 11:02:00+00:00,-64,2324.1,0,,148742.4
2012-02-24 11:23:00+00:00,64,2340.4,0,,-149785.6
2012-02-24 11:24:00+00:00,62,2341.1,0,,-145148.19999999998
2012-02-24 15:15:00+00:00,-62,2373.1,0,,147132.19999999998
2012-02-27 09:16:00+00:00,63,2380.0,0,,-149940.0
2012-03-01 10:07:00+00:00,-63,2367.9,0,,149177.7
2012-03-01 10:08:00+00:00,63,2368.9,0,,-149240.7
2012-03-01 14:48:00+00:00,-63,2356.8,0,,148478.40000000002
2012-03-01 14:49:00+00:00,62,2358.6,0,,-146233.19999999998
2012-03-01 15:15:00+00:00,-62,2358.2,0,,146208.4
2012-03-02 09:16:00+00:00,62,2362.9,0,,-146499.80000000002
2012-03-02 15:15:00+00:00,-62,2399.3,0,,148756.6
2012-03-05 09:16:00+00:00,63,2399.7,0,,-151181.09999999998
2012-03-05 14:01:00+00:00,-63,2387.0,0,,150381.0
2012-03-05 14:02:00+00:00,-63,2387.3,0,,150399.90000000002
2012-03-05 15:15:00+00:00,63,2383.1,0,,-150135.3
2012-03-06 09:16:00+00:00,-63,2380.6,0,,149977.8
2012-03-06 15:15:00+00:00,63,2350.9,0,,-148106.7
2012-03-07 09:16:00+00:00,-66,2335.5,0,,154143.0
2012-03-07 11:11:00+00:00,66,2349.1,0,,-155040.6
2012-03-07 11:12:00+00:00,65,2352.0,0,,-152880.0
2012-03-07 14:16:00+00:00,-65,2338.9,0,,152028.5
2012-03-07 14:17:00+00:00,64,2339.5,0,,-149728.0
2012-03-07 15:15:00+00:00,-64,2333.6,0,,149350.4
2012-03-08 09:16:00+00:00,-64,2340.9,0,,149817.6
2012-03-08 10:36:00+00:00,64,2354.5,0,,-150688.0
2012-03-08 10:37:00+00:00,62,2353.8,0,,-145935.6
2012-03-08 15:15:00+00:00,-62,2355.0,0,,146010.0
2012-03-09 09:16:00+00:00,62,2365.2,0,,-146642.4
2012-03-13 15:15:00+00:00,-62,2392.3,0,,148322.6
2012-03-14 09:16:00+00:00,63,2403.6,0,,-151426.8
2012-03-14 13:42:00+00:00,-63,2391.1,0,,150639.3
2012-03-14 13:43:00+00:00,-62,2393.4,0,,148390.80000000002
2012-03-14 15:15:00+00:00,62,2334.6,0,,-144745.19999999998
2012-03-15 09:16:00+00:00,-68,2332.8,0,,158630.40000000002
2012-03-16 15:15:00+00:00,68,2339.6,0,,-159092.8
2012-03-19 09:16:00+00:00,67,2337.3,0,,-156599.1
2012-03-20 10:07:00+00:00,-67,2325.0,0,,155775.0
2012-03-20 10:08:00+00:00,-66,2326.4,0,,153542.4
2012-03-20 15:15:00+00:00,66,2312.0,0,,-152592.0
2012-03-21 09:16:00+00:00,-68,2322.3,0,,157916.40000000002
2012-03-22 15:15:00+00:00,68,2312.0,0,,-157216.0
2012-03-23 09:16:00+00:00,-69,2306.1,0,,159120.9
2012-03-23 15:15:00+00:00,69,2289.8,0,,-157996.2
2012-03-26 09:16:00+00:00,-70,2286.7,0,,160069.0
2012-03-26 15:15:00+00:00,70,2286.5,0,,-160055.0
2012-03-27 09:16:00+00:00,70,2296.9,0,,-160783.0
2012-03-27 13:42:00+00:00,-70,2284.4,0,,159908.0
2012-03-27 13:43:00+00:00,-70,2284.8,0,,159936.0
2012-03-27 15:15:00+00:00,70,2282.8,0,,-159796.0
2012-03-28 09:16:00+00:00,-70,2278.2,0,,159474.0
2012-03-28 15:15:00+00:00,70,2219.8,0,,-155386.0
2012-03-29 09:16:00+00:00,-76,2210.0,0,,167960.0
2012-03-30 15:15:00+00:00,76,2186.8,0,,-166196.80000000002
2012-04-05 09:16:00+00:00,-79,2172.6,0,,171635.4
2012-04-05 10:07:00+00:00,79,2193.9,0,,-173318.1
2012-04-05 10:08:00+00:00,77,2193.9,0,,-168930.30000000002
2012-04-05 15:15:00+00:00,-77,2236.5,0,,172210.5
2012-04-06 09:16:00+00:00,79,2238.3,0,,-176825.7
2012-04-06 15:15:00+00:00,-79,2243.8,0,,177260.2
2012-04-09 09:16:00+00:00,79,2235.8,0,,-176628.2
2012-04-12 15:15:00+00:00,-79,2290.5,0,,180949.5
2012-04-13 09:16:00+00:00,82,2298.7,0,,-188493.4
2012-04-17 10:07:00+00:00,-82,2279.6,0,,186927.19999999998
2012-04-17 10:08:00+00:00,-81,2280.3,0,,184704.30000000002
2012-04-17 15:15:00+00:00,81,2270.3,0,,-183894.30000000002
2012-04-18 09:16:00+00:00,-82,2279.7,0,,186935.4
2012-04-18 11:13:00+00:00,82,2295.5,0,,-188231.0
2012-04-18 11:14:00+00:00,80,2301.9,0,,-184152.0
2012-04-18 15:15:00+00:00,-80,2314.5,0,,185160.0
2012-04-19 09:16:00+00:00,80,2315.7,0,,-185256.0
2012-04-19 15:15:00+00:00,-80,2317.3,0,,185384.0
2012-04-20 09:16:00+00:00,80,2313.8,0,,-185104.0
2012-04-20 15:15:00+00:00,-80,2340.4,0,,187232.0
2012-04-23 09:16:00+00:00,82,2339.4,0,,-191830.80000000002
2012-04-23 13:42:00+00:00,-82,2327.6,0,,190863.19999999998
2012-04-23 13:43:00+00:00,-81,2329.1,0,,188657.1
2012-04-23 15:15:00+00:00,81,2324.4,0,,-188276.4
2012-04-24 09:16:00+00:00,-81,2321.3,0,,188025.30000000002
2012-04-24 10:07:00+00:00,81,2348.9,0,,-190260.9
2012-04-24 10:08:00+00:00,78,2349.5,0,,-183261.0
2012-04-24 10:36:00+00:00,-78,2333.1,0,,181981.8
2012-04-24 10:37:00+00:00,77,2338.5,0,,-180064.5
2012-04-24 10:52:00+00:00,-77,2325.5,0,,179063.5
2012-04-24 10:53:00+00:00,76,2326.9,0,,-176844.4
2012-04-24 11:01:00+00:00,-76,2307.9,0,,175400.4
2012-04-24 11:02:00+00:00,-76,2303.9,0,,175096.4
2012-04-24 14:50:00+00:00,76,2318.2,0,,-176183.19999999998
2012-04-24 14:51:00+00:00,-74,2318.1,0,,171539.4
2012-04-24 15:15:00+00:00,74,2315.0,0,,-171310.0
2012-04-25 09:16:00+00:00,-74,2316.1,0,,171391.4
2012-04-27 10:07:00+00:00,74,2340.1,0,,-173167.4
2012-04-27 10:08:00+00:00,-72,2341.8,0,,168609.6
2012-04-27 15:15:00+00:00,72,2340.2,0,,-168494.4
2012-05-02 09:16:00+00:00,-72,2357.3,0,,169725.6
2012-05-02 10:34:00+00:00,72,2371.1,0,,-170719.19999999998
2012-05-02 10:35:00+00:00,70,2363.7,0,,-165459.0
2012-05-02 15:15:00+00:00,-70,2384.6,0,,166922.0
2012-05-03 09:16:00+00:00,71,2383.2,0,,-169207.19999999998
2012-05-03 15:15:00+00:00,-71,2392.4,0,,169860.4
2012-05-04 09:16:00+00:00,71,2390.3,0,,-169711.30000000002
2012-05-07 15:15:00+00:00,-71,2409.5,0,,171074.5
2012-05-08 09:16:00+00:00,72,2414.3,0,,-173829.6
2012-05-08 10:07:00+00:00,-72,2397.4,0,,172612.80000000002
2012-05-08 10:08:00+00:00,-71,2399.0,0,,170329.0
2012-05-08 15:15:00+00:00,71,2399.7,0,,-170378.69999999998
2012-05-09 09:16:00+00:00,-71,2392.1,0,,169839.1
2012-05-09 15:15:00+00:00,71,2364.2,0,,-167858.19999999998
2012-05-10 09:16:00+00:00,-74,2365.3,0,,175032.2
2012-05-10 15:15:00+00:00,74,2364.6,0,,-174980.4
2012-05-11 09:16:00+00:00,-74,2361.2,0,,174728.8
2012-05-11 15:15:00+00:00,74,2334.7,0,,-172767.8
2012-05-14 09:16:00+00:00,-77,2347.3,0,,180742.1
2012-05-14 15:15:00+00:00,77,2311.8,0,,-178008.6
2012-05-15 09:16:00+00:00,-81,2298.9,0,,186210.9
2012-05-15 10:11:00+00:00,81,2310.4,0,,-187142.4
2012-05-15 10:12:00+00:00,80,2309.4,0,,-184752.0
2012-05-15 15:15:00+00:00,-80,2312.7,0,,185016.0
2012-05-16 09:16:00+00:00,80,2307.3,0,,-184584.0
2012-05-16 10:55:00+00:00,-80,2294.2,0,,183536.0
2012-05-16 10:56:00+00:00,-79,2295.1,0,,181312.9
2012-05-16 15:15:00+00:00,79,2272.4,0,,-179519.6
2012-05-17 09:16:00+00:00,-82,2285.2,0,,187386.4
2012-05-17 11:23:00+00:00,82,2298.5,0,,-188477.0
2012-05-17 11:24:00+00:00,80,2298.3,0,,-183864.0
2012-05-17 15:15:00+00:00,-80,2305.7,0,,184456.0
2012-05-18 09:16:00+00:00,80,2295.4,0,,-183632.0
2012-05-22 15:15:00+00:00,-80,2308.0,0,,184640.0
2012-05-23 09:16:00+00:00,81,2297.6,0,,-186105.6
2012-05-23 13:13:00+00:00,-81,2285.5,0,,185125.5
2012-05-23 13:14:00+00:00,-81,2287.5,0,,185287.5
2012-05-23 15:15:00+00:00,81,2289.2,0,,-185425.19999999998
2012-05-24 09:16:00+00:00,-80,2295.8,0,,183664.0
2012-05-24 15:15:00+00:00,80,2285.7,0,,-182856.0
2012-05-25 09:16:00+00:00,-81,2281.8,0,,184825.80000000002
2012-05-29 10:07:00+00:00,81,2301.5,0,,-186421.5
2012-05-29 10:08:00+00:00,79,2299.9,0,,-181692.1
2012-05-29 15:15:00+00:00,-79,2339.5,0,,184820.5
2012-05-30 09:16:00+00:00,81,2331.2,0,,-188827.19999999998
2012-05-30 15:15:00+00:00,-81,2329.4,0,,188681.4
2012-05-31 09:16:00+00:00,-81,2319.0,0,,187839.0
2012-05-31 11:16:00+00:00,81,2333.8,0,,-189037.80000000002
2012-05-31 11:17:00+00:00,80,2333.1,0,,-186648.0
2012-05-31 15:15:00+00:00,-80,2331.0,0,,186480.0
2012-06-01 09:16:00+00:00,79,2326.8,0,,-183817.2
2012-06-05 10:07:00+00:00,-79,2264.1,0,,178863.9
2012-06-05 10:08:00+00:00,76,2265.2,0,,-172155.19999999998
2012-06-05 11:27:00+00:00,-76,2253.9,0,,171296.4
2012-06-05 11:28:00+00:00,-76,2254.0,0,,171304.0
2012-06-05 13:46:00+00:00,76,2265.0,0,,-172140.0
2012-06-05 13:47:00+00:00,74,2268.4,0,,-167861.6
2012-06-05 14:21:00+00:00,-74,2256.9,0,,167010.6
2012-06-05 14:22:00+00:00,-74,2256.2,0,,166958.8
2012-06-05 15:15:00+00:00,74,2257.0,0,,-167018.0
2012-06-06 09:16:00+00:00,-74,2255.8,0,,166929.2
2012-06-06 10:07:00+00:00,74,2268.9,0,,-167898.6
2012-06-06 10:08:00+00:00,72,2269.4,0,,-163396.80000000002
2012-06-06 11:22:00+00:00,-72,2257.0,0,,162504.0
2012-06-06 11:23:00+00:00,72,2257.6,0,,-162547.19999999998
2012-06-06 15:15:00+00:00,-72,2255.6,0,,162403.19999999998
2012-06-07 09:16:00+00:00,-71,2273.7,0,,161432.69999999998
2012-06-07 15:15:00+00:00,71,2239.7,0,,-159018.69999999998
2012-06-08 09:16:00+00:00,-74,2251.7,0,,166625.8
2012-06-12 15:15:00+00:00,74,2247.0,0,,-166278.0
2012-06-13 09:16:00+00:00,75,2250.7,0,,-168802.5
2012-06-14 15:15:00+00:00,-75,2261.3,0,,169597.5
2012-06-15 09:16:00+00:00,-75,2270.6,0,,170295.0
2012-06-15 10:22:00+00:00,75,2282.8,0,,-171210.0
2012-06-15 10:23:00+00:00,73,2283.9,0,,-166724.7
2012-06-15 10:47:00+00:00,-73,2269.7,0,,165688.09999999998
2012-06-15 10:48:00+00:00,72,2271.3,0,,-163533.6
2012-06-15 13:25:00+00:00,-72,2259.6,0,,162691.19999999998
2012-06-15 13:26:00+00:00,-72,2258.1,0,,162583.19999999998
2012-06-15 14:19:00+00:00,72,2273.4,0,,-163684.80000000002
2012-06-15 14:20:00+00:00,70,2273.2,0,,-159124.0
2012-06-15 15:15:00+00:00,-70,2275.4,0,,159278.0
2012-06-18 09:16:00+00:00,70,2291.2,0,,-160384.0
2012-06-18 15:15:00+00:00,-70,2286.0,0,,160020.0
2012-06-19 09:16:00+00:00,-70,2285.1,0,,159957.0
2012-06-19 15:15:00+00:00,70,2271.1,0,,-158977.0
2012-06-20 09:16:00+00:00,-71,2277.3,0,,161688.30000000002
2012-06-20 15:15:00+00:00,71,2264.9,0,,-160807.9
2012-06-21 09:16:00+00:00,-72,2260.8,0,,162777.6
2012-06-21 15:15:00+00:00,72,2231.7,0,,-160682.4
2012-06-25 09:16:00+00:00,-75,2221.2,0,,166590.0
2012-06-25 15:15:00+00:00,75,2191.3,0,,-164347.5
2012-06-26 09:16:00+00:00,-79,2188.3,0,,172875.7
2012-06-27 15:15:00+00:00,79,2181.2,0,,-172314.8
2012-06-28 09:16:00+00:00,-80,2186.5,0,,174920.0
2012-06-28 15:15:00+00:00,80,2167.2,0,,-173376.0
2012-06-29 09:16:00+00:00,-82,2159.9,0,,177111.80000000002
2012-06-29 10:56:00+00:00,82,2172.3,0,,-178128.6
2012-06-29 10:57:00+00:00,81,2170.9,0,,-175842.9
2012-06-29 15:15:00+00:00,-81,2192.9,0,,177624.9
2012-07-02 09:16:00+00:00,82,2200.6,0,,-180449.19999999998
2012-07-02 10:07:00+00:00,-82,2187.6,0,,179383.19999999998
2012-07-02 10:08:00+00:00,-81,2189.0,0,,177309.0
2012-07-02 15:15:00+00:00,81,2189.6,0,,-177357.6
2012-07-03 09:16:00+00:00,-81,2191.3,0,,177495.30000000002
2012-07-05 15:15:00+00:00,81,2171.4,0,,-175883.4
2012-07-06 09:16:00+00:00,-84,2170.2,0,,182296.8
2012-07-09 10:07:00+00:00,84,2198.1,0,,-184640.4
2012-07-09 10:08:00+00:00,80,2199.1,0,,-175928.0
2012-07-09 11:21:00+00:00,-80,2187.1,0,,174968.0
2012-07-09 11:22:00+00:00,-79,2187.2,0,,172788.8
2012-07-09 15:15:00+00:00,79,2159.0,0,,-170561.0
2012-07-10 09:16:00+00:00,-83,2156.5,0,,178989.5
2012-07-11 15:15:00+00:00,83,2157.7,0,,-179089.09999999998
2012-07-12 09:16:00+00:00,83,2156.1,0,,-178956.3
2012-07-12 15:15:00+00:00,-83,2172.8,0,,180342.40000000002
2012-07-13 09:16:00+00:00,83,2175.3,0,,-180549.90000000002
2012-07-13 15:15:00+00:00,-83,2182.1,0,,181114.3
2012-07-16 09:16:00+00:00,84,2187.2,0,,-183724.8
2012-07-16 10:07:00+00:00,-84,2169.3,0,,182221.2
2012-07-16 10:08:00+00:00,-82,2169.3,0,,177882.6
2012-07-16 15:15:00+00:00,82,2147.1,0,,-176062.19999999998
2012-07-17 09:16:00+00:00,-85,2142.8,0,,182138.00000000003
2012-07-17 11:13:00+00:00,85,2157.2,0,,-183361.99999999997
2012-07-17 11:14:00+00:00,84,2155.4,0,,-181053.6
2012-07-17 13:52:00+00:00,-84,2143.0,0,,180012.0
2012-07-17 13:53:00+00:00,83,2143.2,0,,-177885.59999999998
2012-07-17 15:15:00+00:00,-83,2151.0,0,,178533.0
2012-07-18 09:16:00+00:00,83,2148.5,0,,-178325.5
2012-07-23 10:07:00+00:00,-83,2106.5,0,,174839.5
2012-07-23 10:08:00+00:00,-81,2105.8,0,,170569.80000000002
2012-07-23 13:44:00+00:00,81,2116.0,0,,-171396.0
2012-07-23 13:45:00+00:00,-80,2114.3,0,,169144.0
2012-07-23 15:15:00+00:00,80,2106.5,0,,-168520.0
2012-07-24 09:16:00+00:00,-81,2102.4,0,,170294.4
2012-07-24 10:41:00+00:00,81,2113.2,0,,-171169.19999999998
2012-07-24 10:42:00+00:00,79,2112.7,0,,-166903.3
2012-07-24 15:15:00+00:00,-79,2110.2,0,,166705.8
2012-07-25 09:16:00+00:00,79,2102.6,0,,-166105.4
2012-07-25 15:15:00+00:00,-79,2101.3,0,,166002.7
2012-07-26 09:16:00+00:00,-79,2100.3,0,,165923.7
2012-07-26 10:40:00+00:00,79,2111.1,0,,-166776.9
2012-07-26 10:41:00+00:00,78,2109.0,0,,-164502.0
2012-07-26 14:23:00+00:00,-78,2098.2,0,,163659.59999999998
2012-07-26 14:24:00+00:00,-77,2098.2,0,,161561.4
2012-07-26 15:15:00+00:00,77,2093.7,0,,-161214.9
2012-07-27 09:16:00+00:00,-78,2098.9,0,,163714.2
2012-07-27 15:15:00+00:00,78,2099.4,0,,-163753.2
2012-07-30 09:16:00+00:00,77,2100.8,0,,-161761.6
2012-07-31 15:15:00+00:00,-77,2092.1,0,,161091.69999999998
2012-08-01 09:16:00+00:00,77,2087.9,0,,-160768.30000000002
2012-08-01 15:15:00+00:00,-77,2098.3,0,,161569.1
2012-08-02 09:16:00+00:00,77,2097.8,0,,-161530.6
2012-08-02 11:29:00+00:00,-77,2085.9,0,,160614.30000000002
2012-08-02 11:30:00+00:00,-77,2086.3,0,,160645.1
2012-08-02 15:15:00+00:00,77,2081.3,0,,-160260.1
2012-08-03 09:16:00+00:00,-77,2084.7,0,,160521.9
2012-08-06 10:07:00+00:00,77,2098.7,0,,-161599.9
2012-08-06 10:08:00+00:00,75,2099.6,0,,-157470.0
2012-08-06 15:15:00+00:00,-75,2110.7,0,,158302.5
2012-08-07 09:16:00+00:00,76,2111.8,0,,-160496.80000000002
2012-08-07 15:15:00+00:00,-76,2117.5,0,,160930.0
2012-08-08 09:16:00+00:00,76,2121.2,0,,-161211.19999999998
2012-08-08 15:15:00+00:00,-76,2117.3,0,,160914.80000000002
2012-08-09 09:16:00+00:00,-76,2119.1,0,,161051.6
2012-08-09 13:02:00+00:00,76,2132.0,0,,-162032.0
2012-08-09 13:03:00+00:00,74,2130.2,0,,-157634.8
2012-08-09 15:15:00+00:00,-74,2140.5,0,,158397.0
2012-08-10 09:16:00+00:00,75,2142.1,0,,-160657.5
2012-08-10 13:07:00+00:00,-75,2131.1,0,,159832.5
2012-08-10 13:08:00+00:00,-74,2130.4,0,,157649.6
2012-08-10 15:15:00+00:00,74,2134.1,0,,-157923.4
2012-08-13 09:16:00+00:00,-73,2131.1,0,,155570.3
2012-08-13 15:15:00+00:00,73,2097.8,0,,-153139.40000000002
2012-08-14 09:16:00+00:00,-78,2093.6,0,,163300.8
2012-08-14 15:15:00+00:00,78,2087.7,0,,-162840.59999999998
2012-08-15 09:16:00+00:00,-78,2085.2,0,,162645.59999999998
2012-08-15 15:15:00+00:00,78,2071.1,0,,-161545.8
2012-08-16 09:16:00+00:00,-80,2070.3,0,,165624.0
2012-08-16 15:15:00+00:00,80,2065.4,0,,-165232.0
2012-08-17 09:16:00+00:00,-81,2065.8,0,,167329.80000000002
2012-08-17 15:15:00+00:00,81,2056.3,0,,-166560.30000000002
2012-08-20 09:16:00+00:00,-82,2043.9,0,,167599.80000000002
2012-08-20 15:15:00+00:00,82,2040.9,0,,-167353.80000000002
2012-08-21 09:16:00+00:00,-83,2039.9,0,,169311.7
2012-08-21 10:07:00+00:00,83,2060.8,0,,-171046.40000000002
2012-08-21 10:08:00+00:00,80,2058.5,0,,-164680.0
2012-08-21 13:53:00+00:00,-80,2044.6,0,,163568.0
2012-08-21 13:54:00+00:00,79,2044.6,0,,-161523.4
2012-08-21 15:15:00+00:00,-79,2046.0,0,,161634.0
2012-08-22 09:16:00+00:00,79,2044.6,0,,-161523.4
2012-08-22 13:56:00+00:00,-79,2033.5,0,,160646.5
2012-08-22 13:57:00+00:00,-79,2034.1,0,,160693.9
2012-08-22 15:15:00+00:00,79,2034.4,0,,-160717.6
2012-08-23 09:16:00+00:00,-79,2036.5,0,,160883.5
2012-08-24 15:15:00+00:00,79,2021.0,0,,-159659.0
2012-08-27 09:16:00+00:00,-81,2021.9,0,,163773.9
2012-08-27 15:15:00+00:00,81,1981.2,0,,-160477.2
2012-08-28 09:16:00+00:00,-86,1979.8,0,,170262.8
2012-08-28 13:46:00+00:00,86,1993.7,0,,-171458.2
2012-08-28 13:47:00+00:00,84,1993.6,0,,-167462.4
2012-08-28 14:50:00+00:00,-84,1980.7,0,,166378.80000000002
2012-08-28 14:51:00+00:00,83,1981.0,0,,-164423.0
2012-08-28 15:15:00+00:00,-83,1980.7,0,,164398.1
2012-08-29 09:16:00+00:00,83,1978.6,0,,-164223.8
2012-08-29 13:31:00+00:00,-83,1968.9,0,,163418.7
2012-08-29 13:32:00+00:00,-83,1967.8,0,,163327.4
2012-08-29 15:15:00+00:00,83,1965.7,0,,-163153.1
2012-08-30 09:16:00+00:00,-83,1962.7,0,,162904.1
2012-08-31 15:15:00+00:00,83,1952.2,0,,-162032.6
2012-09-03 09:16:00+00:00,85,1951.3,0,,-165860.5
2012-09-03 15:15:00+00:00,-85,1967.3,0,,167220.5
2012-09-04 09:16:00+00:00,86,1966.4,0,,-169110.4
2012-09-04 13:55:00+00:00,-86,1955.5,0,,168173.0
2012-09-04 13:56:00+00:00,-85,1953.7,0,,166064.5
2012-09-04 15:15:00+00:00,85,1947.2,0,,-165512.0
2012-09-05 09:16:00+00:00,-86,1944.8,0,,167252.8
2012-09-05 15:15:00+00:00,86,1945.3,0,,-167295.8
2012-09-06 09:16:00+00:00,86,1946.3,0,,-167381.8
2012-09-11 15:15:00+00:00,-86,2044.5,0,,175827.0
2012-09-12 09:16:00+00:00,-92,2051.2,0,,188710.4
2012-09-17 15:15:00+00:00,92,1998.3,0,,-183843.6
2012-09-18 09:16:00+00:00,-100,1990.7,0,,199070.0
2012-09-20 15:15:00+00:00,100,1936.0,0,,-193600.0
2012-09-21 09:16:00+00:00,-110,1933.1,0,,212641.0
2012-09-21 10:17:00+00:00,110,1943.2,0,,-213752.0
2012-09-21 10:18:00+00:00,108,1945.3,0,,-210092.4
2012-09-21 14:09:00+00:00,-108,1935.7,0,,209055.6
2012-09-21 14:10:00+00:00,108,1935.9,0,,-209077.2
2012-09-21 15:15:00+00:00,-108,1940.2,0,,209541.6
2012-09-24 09:16:00+00:00,108,1925.9,0,,-207997.2
2012-09-25 15:15:00+00:00,-108,1941.8,0,,209714.4
2012-09-26 09:16:00+00:00,110,1934.8,0,,-212828.0
2012-10-16 15:15:00+00:00,-110,2013.1,0,,221441.0
2012-10-17 09:16:00+00:00,-117,2021.8,0,,236550.6
2012-10-19 10:07:00+00:00,117,2047.8,0,,-239592.6
2012-10-19 10:08:00+00:00,111,2047.5,0,,-227272.5
2012-10-19 15:15:00+00:00,-111,2042.6,0,,226728.59999999998
2012-10-22 09:16:00+00:00,-110,2032.0,0,,223520.0
2012-10-22 13:51:00+00:00,110,2045.2,0,,-224972.0
2012-10-22 13:52:00+00:00,108,2042.8,0,,-220622.4
2012-10-22 15:15:00+00:00,-108,2045.7,0,,220935.6
2012-10-23 09:16:00+00:00,109,2049.6,0,,-223406.4
2012-10-23 11:05:00+00:00,-109,2038.6,0,,222207.4
2012-10-23 11:06:00+00:00,-108,2035.3,0,,219812.4
2012-10-23 15:15:00+00:00,108,2023.1,0,,-218494.8
2012-10-24 09:16:00+00:00,-110,2017.4,0,,221914.0
2012-10-24 10:21:00+00:00,110,2027.8,0,,-223058.0
2012-10-24 10:22:00+00:00,108,2026.9,0,,-218905.2
2012-10-24 15:15:00+00:00,-108,2020.3,0,,218192.4
2012-10-25 09:16:00+00:00,108,2020.8,0,,-218246.4
2012-10-25 13:39:00+00:00,-108,2010.4,0,,217123.2
2012-10-25 13:40:00+00:00,-107,2011.8,0,,215262.6
2012-10-25 15:15:00+00:00,107,2009.0,0,,-214963.0
2012-10-26 09:16:00+00:00,-107,2006.7,0,,214716.9
2012-10-26 15:15:00+00:00,107,1961.7,0,,-209901.9
2012-10-29 09:16:00+00:00,-116,1958.2,0,,227151.2
2012-10-29 15:15:00+00:00,116,1951.4,0,,-226362.40000000002
2012-10-30 09:16:00+00:00,-117,1953.8,0,,228594.6
2012-10-30 10:42:00+00:00,117,1971.9,0,,-230712.30000000002
2012-10-30 10:43:00+00:00,113,1969.0,0,,-222497.0
2012-10-30 11:00:00+00:00,-113,1958.3,0,,221287.9
2012-10-30 11:01:00+00:00,113,1957.0,0,,-221141.0
2012-10-30 15:15:00+00:00,-113,1953.8,0,,220779.4
2012-10-31 09:16:00+00:00,112,1959.9,0,,-219508.80000000002
2012-11-01 15:15:00+00:00,-112,2006.2,0,,224694.4
2012-11-02 09:16:00+00:00,116,2011.4,0,,-233322.40000000002
2012-11-02 11:17:00+00:00,-116,2001.2,0,,232139.2
2012-11-02 11:18:00+00:00,-115,1999.8,0,,229977.0
2012-11-02 14:05:00+00:00,115,2010.2,0,,-231173.0
2012-11-02 14:06:00+00:00,-113,2008.7,0,,226983.1
2012-11-02 15:15:00+00:00,113,2008.8,0,,-226994.4
2012-11-05 09:16:00+00:00,-112,2006.4,0,,224716.80000000002
2012-11-06 15:15:00+00:00,112,1994.2,0,,-223350.4
2012-11-07 09:16:00+00:00,-115,1998.9,0,,229873.5
2012-11-13 15:15:00+00:00,115,1926.3,0,,-221524.5
2012-11-14 09:16:00+00:00,-130,1927.9,0,,250627.0
2012-11-15 15:15:00+00:00,130,1907.7,0,,-248001.0
2012-11-16 09:16:00+00:00,-134,1906.8,0,,255511.19999999998
2012-11-16 15:15:00+00:00,134,1893.4,0,,-253715.6
2012-11-19 09:16:00+00:00,-138,1892.6,0,,261178.8
2012-11-20 15:15:00+00:00,138,1889.3,0,,-260723.4
2012-11-21 09:16:00+00:00,-138,1887.0,0,,260406.0
2012-11-26 11:24:00+00:00,138,1896.4,0,,-261703.2
2012-11-26 11:25:00+00:00,-136,1895.5,0,,257788.0
2012-11-26 15:15:00+00:00,136,1890.0,0,,-257040.0
2012-11-27 09:16:00+00:00,-137,1887.2,0,,258546.4
2012-11-27 15:15:00+00:00,137,1871.6,0,,-256409.19999999998
2012-11-28 09:16:00+00:00,-142,1867.1,0,,265128.2
2012-11-28 15:15:00+00:00,142,1858.8,0,,-263949.6
2012-11-29 09:16:00+00:00,-144,1855.3,0,,267163.2
2012-11-29 15:15:00+00:00,144,1842.8,0,,-265363.2
2012-11-30 09:16:00+00:00,-147,1840.9,0,,270612.3
2012-11-30 10:31:00+00:00,147,1851.0,0,,-272097.0
2012-11-30 10:32:00+00:00,145,1849.6,0,,-268192.0
2012-11-30 15:15:00+00:00,-145,1855.0,0,,268975.0
2012-12-03 09:16:00+00:00,145,1854.6,0,,-268917.0
2012-12-05 15:15:00+00:00,-145,1920.0,0,,278400.0
2012-12-06 09:16:00+00:00,153,1922.6,0,,-294157.8
2012-12-11 15:15:00+00:00,-153,1960.0,0,,299880.0
2012-12-12 09:16:00+00:00,-157,1962.4,0,,308096.8
2012-12-14 10:07:00+00:00,157,1984.5,0,,-311566.5
2012-12-14 10:08:00+00:00,150,1983.2,0,,-297480.0
2012-12-14 15:15:00+00:00,-150,2058.1,0,,308715.0
2012-12-17 09:16:00+00:00,158,2056.7,0,,-324958.6
2012-12-25 15:15:00+00:00,-158,2114.5,0,,334091.0
2012-12-26 09:16:00+00:00,165,2113.8,0,,-348777.00000000006
2012-12-26 15:15:00+00:00,-165,2120.3,0,,349849.50000000006
2012-12-27 09:16:00+00:00,165,2129.6,0,,-351384.0
