Date,S_DQ_ADJCLOSE
2010-04-16,0.0019179382722710866
2010-04-19,0.0004103648326399302
2010-04-20,0.0018612813287799226
2010-04-21,0.000585016204491116
2010-04-22,0.0008727256030465502
2010-04-23,0.0010861932139078587
2010-04-26,0.00047844533161517556
2010-04-27,0.0005552330569124229
2010-04-28,0.000604195076296363
2010-04-29,0.001269945908884016
2010-04-30,0.0017784028185234737
2010-05-04,0.002014654869813496
2010-05-05,0.0013147849893389942
2010-05-06,0.0005992951844300752
2010-05-07,0.0025423780027650235
2010-05-10,0.002185060781632477
2010-05-11,0.0005919001166873742
2010-05-12,0.003435435401575755
2010-05-13,0.0027114203800195653
2010-05-14,0.0006959565979366829
2010-05-17,0.000472889373172366
2010-05-18,0.002000027443996778
2010-05-19,0.0014199128484102658
2010-05-20,0.002451886243190898
2010-05-21,0.002238230117235441
2010-05-24,0.0004888055912398347
2010-05-25,0.001249276324821951
2010-05-26,0.0022705714336031615
2010-05-27,0.0013500348836675178
2010-05-28,0.0016669288693296938
2010-05-31,0.0020677566077393038
2010-06-01,0.003671401920875494
2010-06-02,0.0019923481539791546
2010-06-03,0.0011987797139899235
2010-06-04,0.0016136472512629555
2010-06-07,0.0010961556717830388
2010-06-08,0.0008772387600343324
2010-06-09,0.0011091034951363709
2010-06-10,0.0011886271753935665
2010-06-11,0.0006180613600594586
2010-06-17,0.0008861252112437175
2010-06-18,0.0007651808084780076
2010-06-21,0.0022970310425501524
2010-06-22,0.0006113118789525872
2010-06-23,0.00025726916874606624
2010-06-24,0.0011717893801804378
2010-06-25,0.0008120371545723504
2010-06-28,0.0009972925228476396
2010-06-29,0.0004112875503453214
2010-06-30,0.0015235337416828832
2010-07-01,0.0007099748326476297
2010-07-02,0.0010726542616591181
2010-07-05,0.001757208374829512
2010-07-06,0.0004021785806570684
2010-07-07,0.002601961810812752
2010-07-08,0.001235275758291832
2010-07-09,0.00042660043560974496
2010-07-12,0.0011276299631269827
2010-07-13,0.0007325110802567423
2010-07-14,0.0006193741888849424
2010-07-15,0.007394950228718614
2010-07-16,0.0022337773127635383
2010-07-19,0.0004943328797513861
2010-07-20,0.0010019302981305676
2010-07-21,0.0008428916948165866
2010-07-22,0.00048503774707467785
2010-07-23,0.0007844458571257163
2010-07-26,0.0015735407283078906
2010-07-27,0.0006910932201473826
2010-07-28,0.0012535434130216121
2010-07-29,0.0008859029738113778
2010-07-30,0.0009658490241909772
2010-08-02,0.0015093978850875347
2010-08-03,0.0006422606869412927
2010-08-04,0.0013812041541041114
2010-08-05,0.001285009648971512
2010-08-06,0.0007602581732691397
2010-08-09,0.0009160081290757243
2010-08-10,0.0005873714324659218
2010-08-11,0.0006097609710864848
2010-08-12,0.000575383987258983
2010-08-13,0.001114069773530605
2010-08-16,0.00044311871781652805
2010-08-17,0.0014932157862111003
2010-08-18,0.0007894671485920501
2010-08-19,0.0011768206859150215
2010-08-20,0.0008641555088167412
2010-08-23,0.000987631271285448
2010-08-24,0.0008537343735313867
2010-08-25,0.0013695713600783588
2010-08-26,0.0007989400772802302
2010-08-27,0.0005291753664022584
2010-08-30,0.0016468675350277259
2010-08-31,0.0005166702734956728
2010-09-01,0.0007479672926403428
2010-09-02,0.0004933206497658568
2010-09-03,0.000816414638452741
2010-09-06,0.0007933020862875417
2010-09-07,0.0006597887786794821
2010-09-08,0.0003752368144278606
2010-09-09,0.0004993148249926621
2010-09-10,0.00039220592917924344
2010-09-13,0.0011797249768688792
2010-09-14,0.0007830357813168415
2010-09-15,0.0007115734799023338
2010-09-16,0.0005573441492423829
2010-09-17,0.0011909417934709593
2010-09-20,0.0005853876302630386
2010-09-21,0.0007228733277473291
2010-09-27,0.0005914815509387603
2010-09-28,0.0004582058856294251
2010-09-29,0.00030179773713524024
2010-09-30,0.0006494826583563894
2010-10-08,0.0005602226654003621
2010-10-11,0.0011336847984493989
2010-10-12,0.0009477686635199078
2010-10-13,0.0018231213010215647
2010-10-14,0.0020920719629693575
2010-10-15,0.0007184158656169763
2010-10-18,0.0015434939581707558
2010-10-19,0.002111459282215912
2010-10-20,0.0031866575731900994
2010-10-21,0.0009817733565874185
2010-10-22,0.0013222292540053357
2010-10-25,0.0009391216165197475
2010-10-26,0.001048921825726912
2010-10-27,0.0027005746365504906
2010-10-28,0.0008814850783123054
2010-10-29,0.002396822112932073
2010-11-01,0.001248976785634604
2010-11-02,0.0010055080742138811
2010-11-03,0.0006635019440918909
2010-11-04,0.0012744246222784463
2010-11-05,0.0040753956834381835
2010-11-08,0.00125944592058316
2010-11-09,0.0012745446168166388
2010-11-10,0.0008583761659932353
2010-11-11,0.00477464589684849
2010-11-12,0.00261305033070326
2010-11-15,0.0020107832657773744
2010-11-16,0.0010912945761551657
2010-11-17,0.0010421997541596776
2010-11-18,0.0022973743640162902
2010-11-19,0.0006260581384348996
2010-11-22,0.002620426355780119
2010-11-23,0.0012326203365580742
2010-11-24,0.0008482164211129909
2010-11-25,0.001100193413962817
2010-11-26,0.0008767475914972852
2010-11-29,0.0011223350211430308
2010-11-30,0.0008402843630818426
2010-12-01,0.0023583705291481943
2010-12-02,0.002184362360297462
2010-12-03,0.0008987817812543949
2010-12-06,0.0008493951785629404
2010-12-07,0.0008446411863389355
2010-12-08,0.0011194237087133103
2010-12-09,0.0013183479507135392
2010-12-10,0.0012219209138789044
2010-12-13,0.002481828058756361
2010-12-14,0.0011745409667268524
2010-12-15,0.0009110571439615446
2010-12-16,0.0004985828622265078
2010-12-17,0.0004881519303047585
2010-12-20,0.0011440705300724643
2010-12-21,0.0009544287463569939
2010-12-22,0.0008741206955815096
2010-12-23,0.0008575760867593688
2010-12-24,0.0028182312349050937
2010-12-27,0.002313969014412122
2010-12-28,0.001575334159994653
2010-12-29,0.0011687749310020077
2010-12-30,0.0005870283948035711
2010-12-31,0.0005546118079477371
2011-01-04,0.0009432794197765987
2011-01-05,0.0010824370515933892
2011-01-06,0.0018954542633809665
2011-01-07,0.0006493565083343961
2011-01-10,0.0020772652978061582
2011-01-11,0.0009223027287242528
2011-01-12,0.001090915100389728
2011-01-13,0.0007937688889741276
2011-01-14,0.000567391395830387
2011-01-17,0.001009332369930376
2011-01-18,0.0009200305570167836
2011-01-19,0.000960237899001799
2011-01-20,0.0005338089747583751
2011-01-21,0.0007173176760744342
2011-01-24,0.0023059352805826112
2011-01-25,0.0018457158130824628
2011-01-26,0.0009172275189023532
2011-01-27,0.002047218024146019
2011-01-28,0.0010250737117576062
2011-01-31,0.0018550873240489746
2011-02-01,0.0014731266809867403
2011-02-09,0.00404752710347573
2011-02-10,0.0011272857362224368
2011-02-11,0.0014145448754131812
2011-02-14,0.00035874406799256734
2011-02-15,0.0015505775154159567
2011-02-16,0.001030307872072559
2011-02-17,0.0014460023312126383
2011-02-18,0.0008580459420377924
2011-02-21,0.0004074537616812963
2011-02-22,0.0005654186390107955
2011-02-23,0.0005255279062702948
2011-02-24,0.0011691194796211461
2011-02-25,0.0010407839559095178
2011-02-28,0.0006756518548648824
2011-03-01,0.001256051374938256
2011-03-02,0.0005071525174455556
2011-03-03,0.0008923632830013685
2011-03-04,0.0003959770257443887
2011-03-07,0.0003698105152386364
2011-03-08,0.0006402720726530249
2011-03-09,0.0009524966999737516
2011-03-10,0.00048566414518068005
2011-03-11,0.00031999750291417437
2011-03-14,0.0012241307368585166
2011-03-15,0.0004285779368473353
2011-03-16,0.0007524023709675359
2011-03-17,0.002876705562120353
2011-03-18,0.0020901856763925752
2011-03-21,0.0033007976384208933
2011-03-22,0.0002636565581613495
2011-03-23,0.0011357111102374912
2011-03-24,0.0008394337474626415
2011-03-25,0.0007239283097329948
2011-03-28,0.0008820812993155457
2011-03-29,0.0013987916053921545
2011-03-30,0.0011647598016789583
2011-03-31,0.0011309899951619526
2011-04-01,0.0008340245225635056
2011-04-06,0.0022905103809419585
2011-04-07,0.0006126954488435422
2011-04-08,0.0005781937234898539
2011-04-11,0.0007645908200314619
2011-04-12,0.0006191990912112434
2011-04-13,0.00039237935796931466
2011-04-14,0.0005507975670934694
2011-04-15,0.0008764655181961841
2011-04-18,0.0016002692153149396
2011-04-19,0.0006532689625592799
2011-04-20,0.0006117473843543114
2011-04-21,0.0003088519738713946
2011-04-22,0.0007030058624408713
2011-04-25,0.00029567641335707663
2011-04-26,0.0005649240407680205
2011-04-27,0.0005889778600664985
2011-04-28,0.000489895704422069
2011-04-29,0.001229324405378641
2011-05-03,0.0012469620854947457
2011-05-04,0.0007767411947775627
2011-05-05,0.0004108706600319332
2011-05-06,0.002528110859525857
2011-05-09,0.0005408867112909137
2011-05-10,0.0008130475365498691
2011-05-11,0.0006683538305554487
2011-05-12,0.0009363814874960644
2011-05-13,0.0011926719267818073
2011-05-16,0.0008784774213338961
2011-05-17,0.0008286672754468814
2011-05-18,0.0005390936669089652
2011-05-19,0.0005466480800965968
2011-05-20,0.0006830983054700676
2011-05-23,0.0003946099580500765
2011-05-24,0.0005635669812183026
2011-05-25,0.00173099209941294
2011-05-26,0.001005629874068535
2011-05-27,0.0015873677258949701
2011-05-30,0.001477824942414764
2011-05-31,0.0006989811832622136
2011-06-01,0.0006610575727485717
2011-06-02,0.00039714173535017897
2011-06-03,0.0004739692915393355
2011-06-07,0.0006128386730203563
2011-06-08,0.00037499350091474106
2011-06-09,0.0005802302065712364
2011-06-10,0.0007744453502727438
2011-06-13,0.001435106182036035
2011-06-14,0.00038230985746651777
2011-06-15,0.0009481760749077918
2011-06-16,0.0005843577314347975
2011-06-17,0.00046871204439254485
2011-06-20,0.0004982446246934395
2011-06-21,0.00068959746502344
2011-06-22,0.0005395973414362603
2011-06-23,0.0006878515974671279
2011-06-24,0.0007304921183353484
2011-06-27,0.001949976674920227
2011-06-28,0.0008035256269693819
2011-06-29,0.0011059693881983238
2011-06-30,0.0005633065713932406
2011-07-01,0.0009156230179394241
2011-07-04,0.0013928648261379308
2011-07-05,0.0004481275835706729
2011-07-06,0.00032938402997973593
2011-07-07,0.0005176522462141986
2011-07-08,0.0007076430550652552
2011-07-11,0.0005803040363062857
2011-07-12,0.00031240590260290103
2011-07-13,0.00045641213467398454
2011-07-14,0.0006230101358861856
2011-07-15,0.000647663718107515
2011-07-18,0.00092809934524225
2011-07-19,0.00027527287240096464
2011-07-20,0.00028319803046414664
2011-07-21,0.0019987590893439087
2011-07-22,0.0008916221081529435
2011-07-25,0.00045020678591240127
2011-07-26,0.0010438659391239008
2011-07-27,0.002042396519929277
2011-07-28,0.0012680105697558354
2011-07-29,0.0011740667267286053
2011-08-01,0.0021902074530399758
2011-08-02,0.0006153372404807627
2011-08-03,0.0006249975475824762
2011-08-04,0.000754309074803781
2011-08-05,0.0009505563878826158
2011-08-08,0.001655729731806151
2011-08-09,0.0032749561993432445
2011-08-10,0.0008275534206756155
2011-08-11,0.0008752676529127834
2011-08-12,0.001676611733052968
2011-08-15,0.001347798693817027
2011-08-16,0.0012581792132585904
2011-08-17,0.0024342918860941034
2011-08-18,0.0012910332911546182
2011-08-19,0.0013893810141412078
2011-08-22,0.001146324416169108
2011-08-23,0.0016570881709019956
2011-08-24,0.0013051902784815429
2011-08-25,0.0011655280573695955
2011-08-26,0.0009372199584797125
2011-08-29,0.0011754894045166854
2011-08-30,0.0011715868731512378
2011-08-31,0.0017901859613394793
2011-09-01,0.0014729928451530578
2011-09-02,0.0013991349349705775
2011-09-05,0.0005794376229254525
2011-09-06,0.0006816919752873001
2011-09-07,0.0006518817096901995
2011-09-08,0.0008537151871420249
2011-09-09,0.0024821697724784243
2011-09-13,0.0010428055358657937
2011-09-14,0.0004689977388414563
2011-09-15,0.0017319993824107204
2011-09-16,0.0007199460024603422
2011-09-19,0.0006362341175894663
2011-09-20,0.0007204392413847412
2011-09-21,0.00032950359549596084
2011-09-22,0.0010803715176439512
2011-09-23,0.0012441266933784854
2011-09-26,0.002176659456622261
2011-09-27,0.0012755782112705352
2011-09-28,0.001292078524364195
2011-09-29,0.0011637945896006078
2011-09-30,0.0007499625194611457
2011-10-10,0.0003616795309061817
2011-10-11,0.0004886125298475477
2011-10-12,0.0010393250793006292
2011-10-13,0.0018396967241456489
2011-10-14,0.0012991914773626575
2011-10-17,0.001185398913363173
2011-10-18,0.0009744253785218285
2011-10-19,0.0007800272304338458
2011-10-20,0.0007988482368213583
2011-10-21,0.0009125211912183862
2011-10-24,0.0016799988296506238
2011-10-25,0.0010567630734423183
2011-10-26,0.0009286140663214715
2011-10-27,0.001169808561074906
2011-10-28,0.00229902145670254
2011-10-31,0.0011010959416140433
2011-11-01,0.0005869210997659129
2011-11-02,0.0012486389179801576
2011-11-03,0.0009836097128581365
2011-11-04,0.0017173490788805607
2011-11-07,0.0009564375185878238
2011-11-08,0.0015337642055004669
2011-11-09,0.0012458566479479672
2011-11-10,0.0008316216275805897
2011-11-11,0.0005587462326800782
2011-11-14,0.0008110819263161032
2011-11-15,0.0005142351452302905
2011-11-16,0.00016274866014285493
2011-11-17,0.0011272721499982238
2011-11-18,0.0014388032042684238
2011-11-21,0.0010663184214358907
2011-11-22,0.0017257423827229245
2011-11-23,0.0008374102951499791
2011-11-24,0.000815193503314508
2011-11-25,0.000931704688456692
2011-11-28,0.00047485408748352637
2011-11-29,0.00044092589572404203
2011-11-30,0.00021682210620434735
2011-12-01,0.00190121506863004
2011-12-02,0.00146272322135339
2011-12-05,0.0010452745641457502
2011-12-06,0.0010230327445107379
2011-12-07,0.0004212001814950368
2011-12-08,0.0004270593436352031
2011-12-09,0.0007163761783528263
2011-12-12,0.0015451287671382488
2011-12-13,0.0005543910874181957
2011-12-14,0.0009958116425310718
2011-12-15,0.0005574055184229122
2011-12-16,0.0008691292102682498
2011-12-19,0.0006037918319876823
2011-12-20,0.0013570549401170917
2011-12-21,0.0016841109158648921
2011-12-22,0.0006846210347645626
2011-12-23,0.0027383549127771196
2011-12-26,0.0014050972581999776
2011-12-27,0.0009187062960286345
2011-12-28,0.0016901162808310027
2011-12-29,0.0002808346332899244
2011-12-30,0.0006381460739671395
2012-01-04,0.0006794782870114564
2012-01-05,0.0010523837936731114
2012-01-06,0.0014153280692645708
2012-01-09,0.0011898150943008882
2012-01-10,0.0010571473551313996
2012-01-11,0.0016428245411617879
2012-01-12,0.0007572995866422303
2012-01-13,0.0013060772022725836
2012-01-16,0.0027750793955032566
2012-01-17,0.0014291514827636592
2012-01-18,0.002300714371176257
2012-01-19,0.0024604043198822264
2012-01-20,0.0016166422495535251
2012-01-30,0.0029473877281053933
2012-01-31,0.0011222201248416582
2012-02-01,0.0015987682936607895
2012-02-02,0.0010379118078914255
2012-02-03,0.0009135517320831098
2012-02-06,0.001506806882209633
2012-02-07,0.00026973393014902624
2012-02-08,0.0013733864527058321
2012-02-09,0.0014380364134704093
2012-02-10,0.001702919459443151
2012-02-13,0.0007253551793696829
2012-02-14,0.001318191542120429
2012-02-15,0.0006639554256556901
2012-02-16,0.0006143562574691303
2012-02-17,0.0011454688699274905
2012-02-20,0.0010946491812270007
2012-02-21,0.0011101382078727512
2012-02-22,0.0010964057577541272
2012-02-23,0.0008220714783009308
2012-02-24,0.0004444109818538293
2012-02-27,0.0014307153671515322
2012-02-28,0.0009252249031026406
2012-02-29,0.0010644759889148422
2012-03-01,0.00034216663973796267
2012-03-02,0.00021432801378446512
2012-03-05,0.0006349290109172254
2012-03-06,0.00039731815766827077
2012-03-07,0.0007311550923751548
2012-03-08,0.0005803710066637923
2012-03-09,0.0010769194600381592
2012-03-12,0.0009248017569204666
2012-03-13,0.0007367774945440011
2012-03-14,0.000720414435991321
2012-03-15,0.0011431070691479829
2012-03-16,0.00038435981616012795
2012-03-19,0.0009329245292256234
2012-03-20,0.00047585799005990325
2012-03-21,0.0009185674252074013
2012-03-22,0.0006239445775766155
2012-03-23,0.0004418292901316151
2012-03-26,0.0007060378961447631
2012-03-27,0.00034736193006932903
2012-03-28,0.0003921277313994046
2012-03-29,0.000982431210973988
2012-03-30,0.0005583063532241951
2012-04-05,0.000841932354095836
2012-04-06,0.0008487923675279895
2012-04-09,0.0010268918200305448
2012-04-10,0.0009600239283661079
2012-04-11,0.0010418848413885002
2012-04-12,0.0007330169961166234
2012-04-13,0.001118866481287544
2012-04-16,0.0012260053005900134
2012-04-17,0.0006885220037633231
2012-04-18,0.0004991934767431594
2012-04-19,0.000760138815996842
2012-04-20,0.000700361173565553
2012-04-23,0.0004931000028301851
2012-04-24,0.0003982616267769594
2012-04-25,0.0012756892505460119
2012-04-26,0.001029376859932032
2012-04-27,0.0007297569381206694
2012-05-02,0.0004806008010033372
2012-05-03,0.0004220325708546926
2012-05-04,0.0019872372534564292
2012-05-07,0.0006704049104617385
2012-05-08,0.0003741504248177735
2012-05-09,0.000704038727777605
2012-05-10,0.0003689145473516939
2012-05-11,0.000574827977340687
2012-05-14,0.0007807053797595032
2012-05-15,0.0007040552121048725
2012-05-16,0.00043515467046968334
2012-05-17,0.0008367772100699919
2012-05-18,0.001265843526405426
2012-05-21,0.0013409679142455313
2012-05-22,0.000514011733080468
2012-05-23,0.00031577712039418767
2012-05-24,0.0008939430953921089
2012-05-25,0.0011337632075656696
2012-05-28,0.0012664393570384156
2012-05-29,0.00040295033677927505
2012-05-30,0.0005750674749122785
2012-05-31,0.000245384624020023
2012-06-01,0.0012132773027169863
2012-06-04,0.0010161348164655628
2012-06-05,0.0008738427277039821
2012-06-06,0.0008293385313287141
2012-06-07,0.0003767013123210528
2012-06-08,0.0025124617358615094
2012-06-11,0.0009111796329591108
2012-06-12,0.00046522599628288626
2012-06-13,0.0014408139039897977
2012-06-14,0.00041317292402884363
2012-06-15,0.0008685772421844584
2012-06-18,0.0008122531556994462
2012-06-19,0.0003168471973552
2012-06-20,0.0005678787601653302
2012-06-21,0.0002559405771259913
2012-06-25,0.0005970141333140415
2012-06-26,0.001057359834671563
2012-06-27,0.0006780842465702811
2012-06-28,0.0003831407573627425
2012-06-29,0.0006412549569667203
2012-07-02,0.0004924795610555489
2012-07-03,0.0009093297450937287
2012-07-04,0.0018157599204127412
2012-07-05,0.00034324025505660856
2012-07-06,0.001637379164148562
2012-07-09,0.0007040813162128202
2012-07-10,0.0009618366298855917
2012-07-11,0.0005977952770990105
2012-07-12,0.0004391211969926664
2012-07-13,0.0005230726706149876
2012-07-16,0.0006124785533199449
2012-07-17,0.00041004051442665934
2012-07-18,0.0014464584643368206
2012-07-19,0.0010720051187381803
2012-07-20,0.0009058282637225883
2012-07-23,0.000772297293238124
2012-07-24,0.0005303877226746713
2012-07-25,0.0006293338450816854
2012-07-26,0.0007200088125986888
2012-07-27,0.0005442741595836082
2012-07-30,0.0010962706672110769
2012-07-31,0.0005250506657341317
2012-08-01,0.00021088058888376883
2012-08-02,0.00033162400774735667
2012-08-03,0.0009731847962875568
2012-08-06,0.000552095515802187
2012-08-07,0.00030913150842181727
2012-08-08,0.0005552925750026022
2012-08-09,0.0007598779547178536
2012-08-10,0.0006023991018274407
2012-08-13,0.0005705947366084639
2012-08-14,0.00047143508670808936
2012-08-15,0.0007290544551102243
2012-08-16,0.0006471179768509337
2012-08-17,0.00033011872165434973
2012-08-20,0.0006131506899388513
2012-08-21,0.00031988488998963894
2012-08-22,0.000895727186750741
2012-08-23,0.0009122345340082704
2012-08-24,0.0006816381713553257
2012-08-27,0.00035209975206198195
2012-08-28,0.0008200848651746742
2012-08-29,0.0006090096930203824
2012-08-30,0.0010469695557103577
2012-08-31,0.0005057473166920842
2012-09-03,0.000336012675616112
2012-09-04,0.0007617693362450336
2012-09-05,0.0007201353558075437
2012-09-06,0.001206068290699849
2012-09-07,0.0012093008041981072
2012-09-10,0.0014326127709239774
2012-09-11,0.00037192174348545673
2012-09-12,0.0020399170665397013
2012-09-13,0.0013541999895498
2012-09-14,0.0011315941136660194
2012-09-17,0.0007606900553694258
2012-09-18,0.0011841345484652492
2012-09-19,0.0009382770052479834
2012-09-20,0.0006010894311615858
2012-09-21,0.0008151552467493332
2012-09-24,0.0009407576501152685
2012-09-25,0.000595035316017564
2012-09-26,0.0016928620776661678
2012-09-27,0.00199871284637226
2012-09-28,0.0015284435485318274
2012-10-08,0.001342225910895248
2012-10-09,0.0011568381146156077
2012-10-10,0.0009618665342125787
2012-10-11,0.0014849898121987613
2012-10-12,0.0019388583125848557
2012-10-15,0.0012591502887446487
2012-10-16,0.000887240414572638
2012-10-17,0.0011892179818407862
2012-10-18,0.0016346746974144504
2012-10-19,0.0007331386283591416
2012-10-22,0.0004542690720063384
2012-10-23,0.0006114284986555919
2012-10-24,0.0003432360595863401
2012-10-25,0.00045479203581545805
2012-10-26,0.0003462984702296889
2012-10-29,0.0007352699732652786
2012-10-30,0.0006963553149484837
2012-10-31,0.0013577301636628037
2012-11-01,0.0006104782061107487
2012-11-02,0.00024402475050429057
2012-11-05,0.0022583288479896607
2012-11-06,0.0005503460848545905
2012-11-07,0.0019059788234017838
2012-11-08,0.0019056563879551547
2012-11-09,0.0011739922937867994
2012-11-12,0.001196622956219781
2012-11-13,0.0002706609530067488
2012-11-14,0.0013961120447878658
2012-11-15,0.0008195107684722034
2012-11-16,0.0007491384184831027
2012-11-19,0.0012898055561983048
2012-11-20,0.0008541990011820909
2012-11-21,0.002506065786456294
2012-11-22,0.0010356097456678064
2012-11-23,0.0019469447460074014
2012-11-26,0.00025197260590433516
2012-11-27,0.0008273829395222563
2012-11-28,0.0003396657316149032
2012-11-29,0.00043896952930665546
2012-11-30,0.0006525197739070995
2012-12-03,0.000946100530738989
2012-12-04,0.0009140839771496857
2012-12-05,0.00034191926896992125
2012-12-06,0.0009169663655650231
2012-12-07,0.0009851714083121076
2012-12-10,0.0011885777707602695
2012-12-11,0.0006671076744053394
2012-12-12,0.0010059036905073209
2012-12-13,0.0009190058766404706
2012-12-14,0.0004936745245752797
2012-12-17,0.0018038875224029016
2012-12-18,0.002188278547692675
2012-12-19,0.0017941004815683844
2012-12-20,0.001012871715948982
2012-12-21,0.0016168483419313486
2012-12-24,0.002099794167680383
2012-12-25,0.0006333682403942245
2012-12-26,0.000609901101794503
2012-12-27,0.003663725365646791
2012-12-28,0.0011276464027990493
2012-12-31,0.0009884550997789562
2013-01-04,0.0008214835641838212
2013-01-07,0.0016284165499696607
2013-01-08,0.0009424732035563648
2013-01-09,0.0016299796782535132
2013-01-10,0.0014284397175654384
2013-01-11,0.0017044195769285971
2013-01-14,0.0010717738249975488
2013-01-15,0.000612320395686909
2013-01-16,0.000706552790966897
2013-01-17,0.0024996356377510976
2013-01-18,0.0030764282002157294
2013-01-21,0.0028511578525244287
2013-01-22,0.0005900412558963398
2013-01-23,0.0015670331485631767
2013-01-24,0.0013525786983635494
2013-01-25,0.0007860000964193194
2013-01-28,0.00047030031693005245
2013-01-29,0.0009257526987551062
2013-01-30,0.0009011570823786255
2013-01-31,0.0005680207125790368
2013-02-01,0.0011249910469987858
2013-02-04,0.0017148323711974561
2013-02-05,0.000527156607501528
2013-02-06,0.0008557856217537926
2013-02-07,0.000752210337270264
2013-02-08,0.0007969169778159934
2013-02-18,0.0022611405138554396
2013-02-19,0.0006426516052844048
2013-02-20,0.00047557689984228745
2013-02-21,0.0011952934952434086
2013-02-22,0.0011379002600422799
2013-02-25,0.0032419722319135024
2013-02-26,0.000885450497298389
2013-02-27,0.0016983819736470826
2013-02-28,0.0014116395335946317
2013-03-01,0.0008573976360040156
2013-03-04,0.004218857563258186
2013-03-05,0.0016394345191142784
2013-03-06,0.001477038299944079
2013-03-07,0.002715577785663955
2013-03-08,0.0017198421724285535
2013-03-11,0.0012553069729247252
2013-03-12,0.0014629845859111237
2013-03-13,0.0011992858037278844
2013-03-14,0.0019742196032392686
2013-03-15,0.0011414297823219904
2013-03-18,0.0020974222499012905
2013-03-19,0.0014984033181937686
2013-03-20,0.001100865983813282
2013-03-21,0.001425364252267741
2013-03-22,0.0017111478420319655
2013-03-25,0.0020661763195459716
2013-03-26,0.000972432609989856
2013-03-27,0.0005059893846472652
2013-03-28,0.0017063703209748496
2013-03-29,0.0009603287016840866
2013-04-01,0.0015171004141997532
2013-04-02,0.0004240185034715406
2013-04-03,0.0008674210002268055
2013-04-08,0.0011762170864938518
2013-04-09,0.0011236524220859779
2013-04-10,0.0015434328305955621
2013-04-11,0.0012934075948820834
2013-04-12,0.0007453777250895071
2013-04-15,0.0033384906726439106
2013-04-16,0.0011998277424615717
2013-04-17,0.0008573171323683122
2013-04-18,0.0004918740337721108
2013-04-19,0.0007159381805852123
2013-04-22,0.0007893403284182335
2013-04-23,0.00068259267857351
2013-04-24,0.0010312754078846244
2013-04-25,0.0011222419026661024
2013-04-26,0.0029050342247095517
2013-05-02,0.0013982946532425647
2013-05-03,0.002279682534324268
2013-05-06,0.0019487724856180862
2013-05-07,0.0017962263487677438
2013-05-08,0.002651136993899093
2013-05-09,0.0014813519192628153
2013-05-10,0.001193840727393052
2013-05-13,0.0012209380800177541
2013-05-14,0.0011382239506482312
2013-05-15,0.0013715148367754277
2013-05-16,0.004488471278830433
2013-05-17,0.0011876766932793917
2013-05-20,0.001248712968752865
2013-05-21,0.001139764391355741
2013-05-22,0.0018890741922501667
2013-05-23,0.0019070261232625172
2013-05-24,0.0022353708345844345
2013-05-27,0.0013009933787251128
2013-05-28,0.0023504706538417515
2013-05-29,0.0010240798273771915
2013-05-30,0.0005369298624168265
2013-05-31,0.0004653896619365558
2013-06-03,0.0005960768320061327
2013-06-04,0.0006814418859952906
2013-06-05,0.0006543949763264601
2013-06-06,0.0005519033466684885
2013-06-07,0.0005023934728637532
2013-06-13,0.0015553399438090676
2013-06-14,0.0012127770879273138
2013-06-17,0.0013636562257271388
2013-06-18,0.00114829861981399
2013-06-19,0.0013043023136396865
2013-06-20,0.0015062764381472333
2013-06-21,0.0033805503778117385
2013-06-24,0.001719713829772571
2013-06-25,0.004032852326948138
2013-06-26,0.003297357174597732
2013-06-27,0.004619022000358477
2013-06-28,0.003926237699632198
2013-07-01,0.0037505466992615645
2013-07-02,0.002270059220943534
2013-07-03,0.0031905755864755185
2013-07-04,0.0023176631612214543
2013-07-05,0.003211494077736089
2013-07-08,0.002870680963594254
2013-07-09,0.0013500135980418883
2013-07-10,0.0013047127585182673
2013-07-11,0.0017145228157278
2013-07-12,0.0013197462480012093
2013-07-15,0.001833438489772358
2013-07-16,0.0019278562232249259
2013-07-17,0.001258364831558901
2013-07-18,0.002471582399466834
2013-07-19,0.0008037349725006269
2013-07-22,0.0011626332465932085
2013-07-23,0.0017862852026681666
2013-07-24,0.0018326629934142724
2013-07-25,0.0036241744942120003
2013-07-26,0.0020488744454937456
2013-07-29,0.0018590214065489416
2013-07-30,0.0019909716313494673
2013-07-31,0.005572104749208207
2013-08-01,0.001509372607540369
2013-08-02,0.0016781439680329364
2013-08-05,0.0013925122628459451
2013-08-06,0.0007590513402197814
2013-08-07,0.0019738645839422328
2013-08-08,0.0021558047851279027
2013-08-09,0.0013828131419804884
2013-08-12,0.002607724150072146
2013-08-13,0.0012577729646880429
2013-08-14,0.0006691234293230701
2013-08-15,0.0011877271152262823
2013-08-16,0.0018936236508725367
2013-08-19,0.0015832734288744057
2013-08-20,0.0006042621249044311
2013-08-21,0.0011707451679224216
2013-08-22,0.001110647833173911
2013-08-23,0.0005765125710265062
2013-08-26,0.0023168378492430834
2013-08-27,0.0009339019506100426
2013-08-28,0.0012569933337102839
2013-08-29,0.002126217349888757
2013-08-30,0.0018661950969741626
2013-09-02,0.001051342492367733
2013-09-03,0.0013379635117010261
2013-09-04,0.000845231073468576
2013-09-05,0.00039650152200225897
2013-09-06,0.0027744853191182567
2013-09-09,0.0008644317316588782
2013-09-10,0.0006520777769746535
2013-09-11,0.0022149109045405835
2013-09-12,0.0005061524541716873
2013-09-13,0.0013567878463490598
2013-09-16,0.0008208883292206568
2013-09-17,0.0012581190781142252
2013-09-18,0.0007122011947066244
2013-09-23,0.0011907620835620509
2013-09-24,0.0004430865446913352
2013-09-25,0.001699631370083794
2013-09-26,0.0005846639953170752
2013-09-27,0.0008471831542086099
2013-09-30,0.0022372755037348767
2013-10-08,0.001476467384696514
2013-10-09,0.0014923683646473854
2013-10-10,0.00041345209238380663
2013-10-11,0.0010807734346272274
2013-10-14,0.0018017498116631272
2013-10-15,0.0006758285689536197
2013-10-16,0.0003383677492526095
2013-10-17,0.0009995931310987762
2013-10-18,0.0008508217766794352
2013-10-21,0.0011908730404174908
2013-10-22,0.00041600584559228803
2013-10-23,0.0009590174156154725
2013-10-24,0.003144209667502952
2013-10-25,0.001044918778383628
2013-10-28,0.0009685220997295277
2013-10-29,0.0013407897953283162
2013-10-30,0.0019418744212859411
2013-10-31,0.0006481062975612083
2013-11-01,0.001342435691685751
2013-11-04,0.002104756402850064
2013-11-05,0.0009850877298538618
2013-11-06,0.0008900038551265984
2013-11-07,0.001466177316813852
2013-11-08,0.001594364052868091
2013-11-11,0.0010263007998272166
2013-11-12,0.0006468672766627416
2013-11-13,0.0008186435130808492
2013-11-14,0.0018360036800292062
2013-11-15,0.0004514043112820296
2013-11-18,0.0019663208880734175
2013-11-19,0.0013321249446117268
2013-11-20,0.0013404339259553216
2013-11-21,0.0005831326072217459
2013-11-22,0.0016533158766447779
2013-11-25,0.001702161080051286
2013-11-26,0.0019812614997636304
2013-11-27,0.001240764308682203
2013-11-28,0.0011655473102536165
2013-11-29,0.0012509998158364648
2013-12-02,0.0018530880624607693
2013-12-03,0.0012383986979801508
2013-12-04,0.000533398859046702
2013-12-05,0.0008591646395813127
2013-12-06,0.0008890798720592591
2013-12-09,0.001798718547461232
2013-12-10,0.0011608964557037497
2013-12-11,0.00048786378136593826
2013-12-12,0.000821884013087876
2013-12-13,0.001956220969959264
2013-12-16,0.000740850156576938
2013-12-17,0.0010335822329048245
2013-12-18,0.0007758253970836901
2013-12-19,0.0005627453934689199
2013-12-20,0.0007043236912504389
2013-12-23,0.0008050999561354513
2013-12-24,0.002014956156709659
2013-12-25,0.0025256211882677946
2013-12-26,0.0004318299890579061
2013-12-27,0.0005794924171777407
2013-12-30,0.0007050016585311137
2013-12-31,0.00316872431559181
2014-01-02,0.0014025070844005253
2014-01-03,0.0015420169533639603
2014-01-06,0.0006716263774001547
2014-01-07,0.003309077681107796
2014-01-08,0.0016370562156093943
2014-01-09,0.0024834781924541315
2014-01-10,0.002743815875745646
2014-01-13,0.001800797111775579
2014-01-14,0.000844461540102063
2014-01-15,0.0004873068151728663
2014-01-16,0.000867884926139009
2014-01-17,0.0020896026209171795
2014-01-20,0.0018813789927612987
2014-01-21,0.00045593899424880804
2014-01-22,0.0006625469176933202
2014-01-23,0.0008813801251910762
2014-01-24,0.0011492751033693985
2014-01-27,0.0014872976479028026
2014-01-28,0.0021178567954025936
2014-01-29,0.001548445598676374
2014-01-30,0.0008505973162482864
2014-02-07,0.002091648189209197
2014-02-10,0.0006327719011460322
2014-02-11,0.00042404675486673994
2014-02-12,0.0011778677749974891
2014-02-13,0.000620274029910752
2014-02-14,0.0013173711569440614
2014-02-17,0.0015116050445105394
2014-02-18,0.0004392307690140813
2014-02-19,0.0011236847100257366
2014-02-20,0.0025211529412992994
2014-02-21,0.0006435505564945962
2014-02-24,0.0006288306738920651
2014-02-25,0.0011052864895336211
2014-02-26,0.0015654166186428345
2014-02-27,0.00112055997097031
2014-02-28,0.0017374913485837045
2014-03-03,0.0012009800611251038
2014-03-04,0.001739586719094428
2014-03-05,0.0005186616381446165
2014-03-06,0.001456610270960147
2014-03-07,0.0014827735646162133
2014-03-10,0.002893941414976597
2014-03-11,0.0008873225829597219
2014-03-12,0.002289247053898971
2014-03-13,0.0017534712986228848
2014-03-14,0.0008464167259824098
2014-03-17,0.005777252331974103
2014-03-18,0.0005145374592161446
2014-03-19,0.0007116717587439366
2014-03-20,0.003156503142486702
2014-03-21,0.0013808073145149214
2014-03-24,0.0018623800997794881
2014-03-25,0.0009491928148516306
2014-03-26,0.0014855402989045433
2014-03-27,0.0004416773110405793
2014-03-28,0.0011716088642485774
2014-03-31,0.0012291135664151277
2014-04-01,0.0012325457092030355
2014-04-02,0.0009329446600170038
2014-04-03,0.00115476973558414
2014-04-04,0.00047680086634082296
2014-04-08,0.0015754445182683816
2014-04-09,0.0007797285548994606
2014-04-10,0.000844355391485824
2014-04-11,0.0008377900858129986
2014-04-14,0.0008101859820958595
2014-04-15,0.0005303087846100675
2014-04-16,0.0006868737879627759
2014-04-17,0.0008878955193066942
2014-04-18,0.002285632292455895
2014-04-21,0.0010925962944315958
2014-04-22,0.0009106677596961902
2014-04-23,0.0009869586628620175
2014-04-24,0.0005845919251598436
2014-04-25,0.0008763074397191707
2014-04-28,0.0023139826822677475
2014-04-29,0.0006993725505033996
2014-04-30,0.0004155905854735125
2014-05-05,0.001230010749684357
2014-05-06,0.0008670335112038101
2014-05-07,0.0008862781648550881
2014-05-08,0.0007128972190978553
2014-05-09,0.00129223783107886
2014-05-12,0.0008213808131577395
2014-05-13,0.0006307691735380398
2014-05-14,0.0007919081492500904
2014-05-15,0.0006091539952282551
2014-05-16,0.0006193966503318486
2014-05-19,0.001751417718110561
2014-05-20,0.0013694901381995403
2014-05-21,0.0022662173810754586
2014-05-22,0.0006079212871529298
2014-05-23,0.0007807582118651887
2014-05-26,0.0007909436073556627
2014-05-27,0.0008327019588177829
2014-05-28,0.0011632911886669836
2014-05-29,0.0006957038952978071
2014-05-30,0.00073330769482923
2014-06-03,0.0010602430924077002
2014-06-04,0.00042413578409016987
2014-06-05,0.0005219269155859757
2014-06-06,0.00024152708305285667
2014-06-09,0.0007070304220816904
2014-06-10,0.0007826601873418006
2014-06-11,0.0009046977389024466
2014-06-12,0.0006362025537297447
2014-06-13,0.0009854354438970094
2014-06-16,0.0006156714400813939
2014-06-17,0.0003645731920412451
2014-06-18,0.0004418529367696241
2014-06-19,0.000393895123731268
2014-06-20,0.0008135988719754495
2014-06-23,0.0008803118575677757
2014-06-24,0.00048334773018252487
2014-06-25,0.0003490465202887788
2014-06-26,0.00036681825051475123
2014-06-27,0.0006837790659639516
2014-06-30,0.0005605527680554015
2014-07-01,0.0010939884380186226
2014-07-02,0.0004160048109235374
2014-07-03,0.0010263259405572601
2014-07-04,0.0012115520065559798
2014-07-07,0.000495496510057696
2014-07-08,0.0007471980625082317
2014-07-09,0.00048315940688155887
2014-07-10,0.0005274281180137309
2014-07-11,0.00026321394475967364
2014-07-14,0.0005914400355687719
2014-07-15,0.000505491508828647
2014-07-16,0.0007618485724573678
2014-07-17,0.0006970410169789146
2014-07-18,0.00042875604040890883
2014-07-21,0.0008800122331500824
2014-07-22,0.00030775833201264377
2014-07-23,0.0008224624686613458
2014-07-24,0.0013860383340921522
2014-07-25,0.0017624918980508242
2014-07-28,0.002296008094951934
2014-07-29,0.0014207991226039048
2014-07-30,0.0012457725910826653
2014-07-31,0.0012063007447303607
2014-08-01,0.002204303097209679
2014-08-04,0.0014843352897809146
2014-08-05,0.0007544618258687394
2014-08-06,0.0005378317167657528
2014-08-07,0.001858375123729497
2014-08-08,0.0007394933931832095
2014-08-11,0.0016823842854988703
2014-08-12,0.0006445975432463498
2014-08-13,0.0005355992906725665
2014-08-14,0.000482384720023159
2014-08-15,0.0009063773689029206
2014-08-18,0.0013768275429662305
2014-08-19,0.0006202877732783487
2014-08-20,0.0009996015887381955
2014-08-21,0.00046194046335918597
2014-08-22,0.0008562020807477027
2014-08-25,0.0004277720132331001
2014-08-26,0.0012474192066236406
2014-08-27,0.0005046349616638957
2014-08-28,0.000684733673394941
2014-08-29,0.0005681709226374907
2014-09-01,0.0004417632108970785
2014-09-02,0.00067147013967661
2014-09-03,0.0008078255501965738
2014-09-04,0.0007959984448561659
2014-09-05,0.001152696163076873
2014-09-09,0.0005370983885434438
2014-09-10,0.0006088418548225604
2014-09-11,0.0002921845760026302
2014-09-12,0.000982466070673466
2014-09-15,0.0007615292404889013
2014-09-16,0.0027414173922777796
2014-09-17,0.0009463616169591076
2014-09-18,0.0011181339923194806
2014-09-19,0.0012271620331101606
2014-09-22,0.0008071874415823739
2014-09-23,0.00046116419394784847
2014-09-24,0.0005510837180004688
2014-09-25,0.0024399051639825177
2014-09-26,0.0019448158582164468
2014-09-29,0.0010382611184263702
2014-09-30,0.0008188759669958368
2014-10-08,0.0005392949511158195
2014-10-09,0.0011026065650419836
2014-10-10,0.0007115862891607119
2014-10-13,0.0006972137928884116
2014-10-14,0.000582389818807492
2014-10-15,0.0007324410032303175
2014-10-16,0.00048260441430571954
2014-10-17,0.0008094894159747403
2014-10-20,0.0010356545872265493
2014-10-21,0.0015210986852282834
2014-10-22,0.00040111417160191524
2014-10-23,0.0005185283391441547
2014-10-24,0.0008239179990576429
2014-10-27,0.0010988094350437147
2014-10-28,0.00034314184702818564
2014-10-29,0.0012098694440490908
2014-10-30,0.0009194454229826176
2014-10-31,0.001235001634332979
2014-11-03,0.0008955173696969155
2014-11-04,0.00057853037429754
2014-11-05,0.00048262418384838125
2014-11-06,0.0005227112216542817
2014-11-07,0.0007877657481296417
2014-11-10,0.0011842409585084653
2014-11-11,0.0017145801406296438
2014-11-12,0.001354093216778924
2014-11-13,0.0013430702169897077
2014-11-14,0.0012271732525407763
2014-11-17,0.0017418921144426074
2014-11-18,0.0005912968224721484
2014-11-19,0.0008280774522066212
2014-11-20,0.0009334580185978817
2014-11-21,0.00028898036549597093
2014-11-24,0.0018690608534852786
2014-11-25,0.0008182617855735978
2014-11-26,0.0008431662903978023
2014-11-27,0.0007948219379196626
2014-11-28,0.000865435774532985
2014-12-01,0.0020092928862081513
2014-12-02,0.0006895701528452508
2014-12-03,0.0021663927749960687
2014-12-04,0.0017500143034702648
2014-12-05,0.00848283521508632
2014-12-08,0.003953523106911753
2014-12-09,0.004126619799607214
2014-12-10,0.007560596070917948
2014-12-11,0.0014644603536970756
2014-12-12,0.0012370569053715222
2014-12-15,0.0032147540738810465
2014-12-16,0.0018523487809595954
2014-12-17,0.0030640411511360017
2014-12-18,0.0019218520114666448
2014-12-19,0.0018615177533922393
2014-12-22,0.003164846578678195
2014-12-23,0.0021378207283070843
2014-12-24,0.003488883215139147
2014-12-25,0.0021539887617694604
2014-12-26,0.0027729995335600004
2014-12-29,0.003984261277394312
2014-12-30,0.0024904614843170108
2014-12-31,0.0013214807407835366
2015-01-05,0.0010645233558254578
2015-01-06,0.002701408809014861
2015-01-07,0.0021694073788471155
2015-01-08,0.00046387214599985836
2015-01-09,0.0012838572480095877
2015-01-12,0.003465008811875324
2015-01-13,0.0011337301864961396
2015-01-14,0.0013497544082753466
2015-01-15,0.0011359818530508306
2015-01-16,0.0010369289707747459
2015-01-19,0.0021976390575694335
2015-01-20,0.001998939092099856
2015-01-21,0.0007018079642239142
2015-01-22,0.0014085766020836344
2015-01-23,0.001132593563640145
2015-01-26,0.0014461410569829316
2015-01-27,0.0008312815906973978
2015-01-28,0.0025345770884107922
2015-01-29,0.0014364864257491476
2015-01-30,0.0014175707470488325
2015-02-02,0.0018867845397965877
2015-02-03,0.0023950939054685305
2015-02-04,0.0009689522805709376
2015-02-05,0.0008614459695080322
2015-02-06,0.0011395118162819513
2015-02-09,0.0012186243882840392
2015-02-10,0.0018240700246306817
2015-02-11,0.0007535043985215795
2015-02-12,0.0006079438811038589
2015-02-13,0.0013392983477391242
2015-02-16,0.0008767086662293959
2015-02-17,0.00025881781065120285
2015-02-25,0.0003996189452099776
2015-02-26,0.0009836507005389044
2015-02-27,0.0016194187325974888
2015-03-02,0.0010526967505418042
2015-03-03,0.000992454470343067
2015-03-04,0.0011218716471165094
2015-03-05,0.0012908942060997164
2015-03-06,0.0007072972231355748
2015-03-09,0.0006850408114875027
2015-03-10,0.0005144337044436187
2015-03-11,0.0015345070438454048
2015-03-12,0.001916299426152831
2015-03-13,0.0009585265325432616
2015-03-16,0.0012289013505813243
2015-03-17,0.0015888972329064408
2015-03-18,0.0011667406064466569
2015-03-19,0.0013817202545226015
2015-03-20,0.001403592790582788
2015-03-23,0.002019554980774825
2015-03-24,0.0008311470431201787
2015-03-25,0.0012472481659615948
2015-03-26,0.002824389119911708
2015-03-27,0.0020023571385224966
2015-03-30,0.0010375135248764232
2015-03-31,0.001892575048115136
2015-04-01,0.00138797082662682
2015-04-02,0.000856890055794291
2015-04-03,0.0006627542237150514
2015-04-07,0.0015461030650067062
2015-04-08,0.0007199349788144183
2015-04-09,0.0016171737730468758
2015-04-10,0.001924224372665453
2015-04-13,0.0013827087788381071
2015-04-14,0.0006864419687164429
2015-04-15,0.0016662461597552337
2015-04-16,0.0008763139309552709
2015-04-17,0.002036053159242239
2015-04-20,0.006734079725216717
2015-04-21,0.0023041943942487767
2015-04-22,0.0005765015201617072
2015-04-23,0.0010783642917343642
2015-04-24,0.0007025926563071939
2015-04-27,0.0004937981368186902
2015-04-28,0.0018852508246411687
2015-04-29,0.0021039028015378534
2015-04-30,0.0010922619104526596
2015-05-04,0.0012917921543651135
2015-05-05,0.0016932683782287376
2015-05-06,0.0018905263157894731
2015-05-07,0.0016044483058186767
2015-05-08,0.00226902124668974
2015-05-11,0.0019981051315081672
2015-05-12,0.0014462166531998358
2015-05-13,0.0008935875786633314
2015-05-14,0.0014570184746332216
2015-05-15,0.0005098093156286364
2015-05-18,0.0016771742800406205
2015-05-19,0.0006861845365787412
2015-05-20,0.000653004390465708
2015-05-21,0.0015565957901211834
2015-05-22,0.0017767946475021434
2015-05-25,0.0006966714888248352
2015-05-26,0.002831244809593221
2015-05-27,0.001992428560773132
2015-05-28,0.0015298762575700437
2015-05-29,0.006447882202090671
2015-06-01,0.001208025050505845
2015-06-02,0.0018436223789502187
2015-06-03,0.0015692725472007335
2015-06-04,0.005194642047738574
2015-06-05,0.004739266180912514
2015-06-08,0.0018510894744192203
2015-06-09,0.001404080256892651
2015-06-10,0.0022935256210411294
2015-06-11,0.002346434953401921
2015-06-12,0.0022871829172625134
2015-06-15,0.000860351524212172
2015-06-16,0.005137648702235609
2015-06-17,0.0013735413909799674
2015-06-18,0.003172344255526714
2015-06-19,0.003537555124730085
2015-06-23,0.0026752870219935877
2015-06-24,0.0009317397309770985
2015-06-25,0.0007371347000807591
2015-06-26,0.007194212565091571
2015-06-29,0.012486752634901009
2015-06-30,0.008012882136333867
2015-07-01,0.0020206094782315854
2015-07-02,0.009810337138803773
2015-07-03,0.0026860533629690913
2015-07-06,0.001552931805296473
2015-07-07,0.007456032185381421
2015-07-08,0.020930344495633663
2015-07-09,0.00709357915011269
2015-07-10,0.003594230745615899
2015-07-13,0.00519144587979657
2015-07-14,0.003512054516948708
2015-07-15,0.001781330999642221
2015-07-16,0.003855127187298414
2015-07-17,0.003353925742706032
2015-07-20,0.0022125592168389407
2015-07-21,0.004699879197315951
2015-07-22,0.0024739641164627656
2015-07-23,0.0027579254687168163
2015-07-24,0.0010004412681289341
2015-07-27,0.002905690771247766
2015-07-28,0.009970816392047565
2015-07-29,0.006845457855945592
2015-07-30,0.0021016387162415486
2015-07-31,0.005027458653347412
2015-08-03,0.002229603303170602
2015-08-04,0.0023407302842378243
2015-08-05,0.002206504986273229
2015-08-06,0.0016775738132503559
2015-08-07,0.0016391852573302004
2015-08-10,0.0017836158812358685
2015-08-11,0.0018205784029553301
2015-08-12,0.000568155263351615
2015-08-13,0.004021637357526322
2015-08-14,0.001970951637552053
2015-08-17,0.0025986030896139444
2015-08-18,0.0023499551181970623
2015-08-19,0.0038988917935154593
2015-08-20,0.002693740223576598
2015-08-21,0.003022946572128218
2015-08-24,0.00332570182588265
2015-08-25,0.005278391665571761
2015-08-26,0.008187992375332478
2015-08-27,0.007327225101940902
2015-08-28,0.0020721402420159703
2015-08-31,0.0012150320939086085
2015-09-01,0.0010195728668422562
2015-09-02,0.002183730010617367
2015-09-07,0.01253100424665401
2015-09-08,0.003917111498450988
2015-09-09,0.0049844916604685615
2015-09-10,0.003202156166989917
2015-09-11,0.0030368792380444814
2015-09-14,0.001481293006686957
2015-09-15,0.0023515571272552725
2015-09-16,0.0020320354220333143
2015-09-17,0.0014384589830489481
2015-09-18,0.004523939001058441
2015-09-21,0.0017780548797890817
2015-09-22,0.002378488956637614
2015-09-23,0.002218183573041681
2015-09-24,0.001322125967511095
2015-09-25,0.002164762450249163
2015-09-28,0.0019684664418697147
2015-09-29,0.002577676638250628
2015-09-30,0.002535966011607039
2015-10-08,0.0015770411035371265
2015-10-09,0.0006589691252020287
2015-10-12,0.0019022917691724024
2015-10-13,0.0008231567499367861
2015-10-14,0.0014864616963736201
2015-10-15,0.0015294026559177437
2015-10-16,0.0013024001754629918
2015-10-19,0.0013411562432921174
2015-10-20,0.0029909553514898034
2015-10-21,0.0013784665975951835
2015-10-22,0.0011176905373185381
2015-10-23,0.0016031113817260756
2015-10-26,0.002084180062069213
2015-10-27,0.000845589264268352
2015-10-28,0.0012716705034733725
2015-10-29,0.0018962293966280205
2015-10-30,0.001119351528701849
2015-11-02,0.0014495207170031152
2015-11-03,0.0013608245480098893
2015-11-04,0.0003579311547352372
2015-11-05,0.0013548006289651124
2015-11-06,0.0011945155613333532
2015-11-09,0.0033047720733833884
2015-11-10,0.0010645092840892761
2015-11-11,0.0011500341672388689
2015-11-12,0.0008104427968683104
2015-11-13,0.0014959997630898524
2015-11-16,0.0012810314356400158
2015-11-17,0.0011082198585265948
2015-11-18,0.0023271479035434158
2015-11-19,0.0013494894623091885
2015-11-20,0.0013461490608200832
2015-11-23,0.0015603012922875937
2015-11-24,0.001334795008880418
2015-11-25,0.0010720938290693903
2015-11-26,0.002415647410043308
2015-11-27,0.0008010402684510425
2015-11-30,0.0027348888354925653
2015-12-01,0.002433528968423697
2015-12-02,0.0019625036352758207
2015-12-03,0.001936767181969039
2015-12-04,0.0008305136090683469
2015-12-07,0.0008246351054884357
2015-12-08,0.0017959624652252287
2015-12-09,0.001830047306984806
2015-12-10,0.0014257052038868679
2015-12-11,0.0015546184880879713
2015-12-14,0.0007697404456141815
2015-12-15,0.0017484896537252699
2015-12-16,0.000848618708312212
2015-12-17,0.0005517399525202173
2015-12-18,0.0011101420269812431
2015-12-21,0.0008203803318167994
2015-12-22,0.00115167977202788
2015-12-23,0.0029049256690088653
2015-12-24,0.0014991694826670683
2015-12-25,0.0013294288683710128
2015-12-28,0.0007756752993585718
2015-12-29,0.0015928691237194997
2015-12-30,0.0006639234061799093
2015-12-31,0.001305858687314176
2016-01-04,0.001589245756922191
2016-01-05,0.004345216497139556
2016-01-06,0.0023520585079079624
2016-01-07,0.0006984879738245306
2016-01-08,0.016464813792257248
2016-01-11,0.0013061500492895129
2016-01-12,0.005654270164982694
2016-01-13,0.0017073561469827915
2016-01-14,0.003323126576620825
2016-01-15,0.002079295523946019
2016-01-18,0.0023296078216682344
2016-01-19,0.002464207501575521
2016-01-20,0.001084702178535861
2016-01-21,0.002863597781274319
2016-01-22,0.001416853545512747
2016-01-25,0.0020518287993612585
2016-01-26,0.0017781459197492725
2016-01-27,0.002320660761261838
2016-01-28,0.0020532916523587188
2016-01-29,0.001550012586149231
2016-02-01,0.002024802225654939
2016-02-02,0.0014568059911559289
2016-02-03,0.0010019289389748228
2016-02-04,0.0010396426079854796
2016-02-05,0.0010741449679302622
2016-02-15,0.0029813166802890334
2016-02-16,0.000679079791684539
2016-02-17,0.0012842016027690218
2016-02-18,0.002317034389790977
2016-02-19,0.0012224393542971555
2016-02-22,0.000984598857815607
2016-02-23,0.0010212834934571896
2016-02-24,0.002236806375789416
2016-02-25,0.0007663183315968844
2016-02-26,0.002944259670355129
2016-02-29,0.0028080375228204586
2016-03-01,0.0017920230266047354
2016-03-02,0.0012481120281702988
2016-03-03,0.001358335204083874
2016-03-04,0.0025962012968641316
2016-03-07,0.0030462912752156346
2016-03-08,0.0013471049045289591
2016-03-09,0.0019849438795110775
2016-03-10,0.0040670250043126745
2016-03-11,0.0014279825241072857
2016-03-14,0.0012033361558268605
2016-03-15,0.0015021679786190794
2016-03-16,0.002366174266830527
2016-03-17,0.0027263149443551315
2016-03-18,0.0013285358307357287
2016-03-21,0.0013121834455571881
2016-03-22,0.001161833717240069
2016-03-23,0.002380707672645515
2016-03-24,0.00307194311519639
2016-03-25,0.0013615102862268463
2016-03-28,0.0026850079273436013
2016-03-29,0.0033142885999387145
2016-03-30,0.00175799696345093
2016-03-31,0.0011861943208346325
2016-04-01,0.0009928742473438994
2016-04-05,0.002163767501060626
2016-04-06,0.0011594148976899884
2016-04-07,0.0005578440155911503
2016-04-08,0.001611952702004342
2016-04-11,0.0014939205981244052
2016-04-12,0.001275808807147592
2016-04-13,0.0005357861531810292
2016-04-14,0.0009616881524520167
2016-04-15,0.001348734162544628
2016-04-18,0.0012868300203605243
2016-04-19,0.0005089092287664898
2016-04-20,0.0007404677816090347
2016-04-21,0.0014163068135271885
2016-04-22,0.0011788552304583964
2016-04-25,0.002451769607371908
2016-04-26,0.0028816215837032043
2016-04-27,0.0010164377034232205
2016-04-28,0.0029158673609207737
2016-04-29,0.0015623028146683562
2016-05-03,0.0019086824359652477
2016-05-04,0.0007275983006004552
2016-05-05,0.001296530454397561
2016-05-06,0.0009032043233485138
2016-05-09,0.0014849583408485098
2016-05-10,0.0013375912901728024
2016-05-11,0.0005749478191783946
2016-05-12,0.002583868765698329
2016-05-13,0.0014441789663005005
2016-05-16,0.0017426511854323505
2016-05-17,0.0003979093479394293
2016-05-18,0.0010364987862649866
2016-05-19,0.0014763793701030173
2016-05-20,0.0005557099312297825
2016-05-23,0.001343379245266972
2016-05-24,0.0006977256805031704
2016-05-25,0.0015576293794105829
2016-05-26,0.0020099378779142364
2016-05-27,0.0011725380252282877
2016-05-30,0.0023259979614379685
2016-05-31,0.0011891152475228704
2016-06-01,0.0010949419679569172
2016-06-02,0.000703148120035034
2016-06-03,0.0010313678163521402
2016-06-06,0.0006281822276535149
2016-06-07,0.0006131206191165281
2016-06-08,0.0008686857685472978
2016-06-13,0.00038300577621857846
2016-06-14,0.0010636264438335763
2016-06-15,0.0004689839200719122
2016-06-16,0.0008661134991557174
2016-06-17,0.0008070267935762349
2016-06-20,0.001177030653205615
2016-06-21,0.003187956555663291
2016-06-22,0.001021111606881817
2016-06-23,0.0011193740780213127
2016-06-24,0.0036742287508690448
2016-06-27,0.0011873037388588385
2016-06-28,0.0015391534114425369
2016-06-29,0.0025770096419793485
2016-06-30,0.0011481905337721466
2016-07-01,0.002221205627382678
2016-07-04,0.0003591721759890587
2016-07-05,0.0009725482081933803
2016-07-06,0.0012005900641891914
2016-07-07,0.0009622702160501241
2016-07-08,0.0011092737918948737
2016-07-11,0.001653330071154925
2016-07-12,0.0006296541142864065
2016-07-13,0.0022777421396021906
2016-07-14,0.0011079387344851053
2016-07-15,0.0008160508259215656
2016-07-18,0.0008262492114633754
2016-07-19,0.00043832971404549786
2016-07-20,0.001408487329257484
2016-07-21,0.0020410740691163827
2016-07-22,0.0006215122165122071
2016-07-25,0.0012329840047575248
2016-07-26,0.0006125281849361108
2016-07-27,0.000995711378400204
2016-07-28,0.0009136942070402381
2016-07-29,0.0010877347474219804
2016-08-01,0.0008309767900932379
2016-08-02,0.0008282584707941472
2016-08-03,0.0007784776758518442
2016-08-04,0.000759373831802267
2016-08-05,0.001151561689844095
2016-08-08,0.0020800885304103995
2016-08-09,0.00158971728226169
2016-08-10,0.0010776415432118339
2016-08-11,0.002767662298119161
2016-08-12,0.000819698680515178
2016-08-15,0.0010794688772914434
2016-08-16,0.0015016193203110095
2016-08-17,0.002033122980255074
2016-08-18,0.0024046631675890473
2016-08-19,0.0006883153460427816
2016-08-22,0.0007766012480172731
2016-08-23,0.0011113000162408398
2016-08-24,0.001727025912437919
2016-08-25,0.0010929462650884005
2016-08-26,0.0012633456206812737
2016-08-29,0.0018487835985022017
2016-08-30,0.0011360193070021015
2016-08-31,0.0008304803239829273
2016-09-01,0.001178085068180739
2016-09-02,0.00033932175948118905
2016-09-05,0.0009039885605442821
2016-09-06,0.0012681111594663127
2016-09-07,0.0010251444185803355
2016-09-08,0.0006776241536354772
2016-09-09,0.000717651506145511
2016-09-12,0.0010156142794021056
2016-09-13,0.00041506250571800177
2016-09-14,0.0005367855962245706
2016-09-19,0.0010002319307967126
2016-09-20,0.00046011984312070426
2016-09-21,0.0013878613549169422
2016-09-22,0.0009935275698304713
2016-09-23,0.00037163638312504667
2016-09-26,0.0005932777253069548
2016-09-27,0.0006291991563956695
2016-09-28,0.0005080328339068254
2016-09-29,0.0006686353644574498
2016-09-30,0.00024020355972652653
2016-10-10,0.0017077888563985582
2016-10-11,0.0006295299673622277
2016-10-12,0.00039862247862154453
2016-10-13,0.0013783503466346814
2016-10-14,0.0004902563999295543
2016-10-17,0.0007693893957985429
2016-10-18,0.00045213838249105737
2016-10-19,0.000916773085285441
2016-10-20,0.0006313739958188569
2016-10-21,0.0007321961323476262
2016-10-24,0.0018272516238827877
2016-10-25,0.0006400230782059168
2016-10-26,0.0005975895130694555
2016-10-27,0.00047598826496865823
2016-10-28,0.0017960345448069087
2016-10-31,0.0029122578544684553
2016-11-01,0.001240924065073405
2016-11-02,0.0008253001800377648
2016-11-03,0.0006364758828970951
2016-11-04,0.000757352106772221
2016-11-07,0.0003316466686505599
2016-11-08,0.0007749231975600488
2016-11-09,0.0006915160939824067
2016-11-10,0.001170490689595455
2016-11-11,0.0008031209194404765
2016-11-14,0.00045762695074157383
2016-11-15,0.0009385372804420107
2016-11-16,0.0004517225757132448
2016-11-17,0.000998914401382148
2016-11-18,0.0014887272145776504
2016-11-21,0.0005986504747013325
2016-11-22,0.001259389837384596
2016-11-23,0.0007460133096944993
2016-11-24,0.0011185756458222938
2016-11-25,0.0018353913888548958
2016-11-28,0.0024663495793627076
2016-11-29,0.0007055462813267004
2016-11-30,0.00200720613422682
2016-12-01,0.0007041635778351526
2016-12-02,0.0009199245132357209
2016-12-05,0.001759412380948987
2016-12-06,0.0005392085791859509
2016-12-07,0.0010877250006642984
2016-12-08,0.0009614640369894097
2016-12-09,0.0004188688891441698
2016-12-12,0.0008388675646142234
2016-12-13,0.0015439765465021463
2016-12-14,0.0010594343253585903
2016-12-15,0.0033323838899601073
2016-12-16,0.0013522614245984113
2016-12-19,0.0019162587395559188
2016-12-20,0.0006885806514981721
2016-12-21,0.0010084642149804778
2016-12-22,0.000894788873952859
2016-12-23,0.00028817853170336124
2016-12-26,0.0017143612743842527
2016-12-27,0.0008605853248806672
2016-12-28,0.0004542497630895249
2016-12-29,0.0007888560168312591
2016-12-30,0.0007386570628876711
2017-01-03,0.0006808752557014093
2017-01-04,0.0008812453045889252
2017-01-05,0.0006421749090575583
2017-01-06,0.000645629971389261
2017-01-09,0.0006158664813588372
2017-01-10,0.000612012255985766
2017-01-11,0.0007721189944105067
2017-01-12,0.0007019708050753621
2017-01-13,0.0007521855606663203
2017-01-16,0.002775074614818668
2017-01-17,0.0017049557751833513
2017-01-18,0.0005382095123110578
2017-01-19,0.0005954382898973281
2017-01-20,0.0007322196386542105
2017-01-23,0.00060635551198407
2017-01-24,0.0005514373319778942
2017-01-25,0.0004385923997790252
2017-01-26,0.0003030965478490594
2017-02-03,0.0009041565570667744
2017-02-06,0.0006261935064719921
2017-02-07,0.0008229872385902709
2017-02-08,0.0004557232607730875
2017-02-09,0.00044786451504640875
2017-02-10,0.000854258405832183
2017-02-13,0.0007270758461440878
2017-02-14,0.00030791763494714743
2017-02-15,0.0008324186536959852
2017-02-16,0.0007989815482553182
2017-02-17,0.0014723739617467687
2017-02-20,0.0003956117999338621
2017-02-21,0.0008882811268418766
2017-02-22,0.0010427716708823237
2017-02-23,0.0004924413279989326
2017-02-24,0.0009530368531313545
2017-02-27,0.0005830171267010204
2017-02-28,0.001112401862568567
2017-03-01,0.00027390718072343605
2017-03-02,0.0008161630023301332
2017-03-03,0.0011316030872747318
2017-03-06,0.0004190929174098011
2017-03-07,0.0007690214186590942
2017-03-08,0.0006974959183539737
2017-03-09,0.0005280718589043771
2017-03-10,0.0011231313438793177
2017-03-13,0.0012307402384720456
2017-03-14,0.00046669516472929795
2017-03-15,0.0005264709616322559
2017-03-16,0.002466792253506558
2017-03-17,0.00022257481682865884
2017-03-20,0.0005153626543200787
2017-03-21,0.0008482026111139744
2017-03-22,0.0006107212162855785
2017-03-23,0.0006197186098571842
2017-03-24,0.0007339944173574246
2017-03-27,0.0009332432083577897
2017-03-28,0.0007054958143024925
2017-03-29,0.0002421128088426559
2017-03-30,0.0008313457268765939
2017-03-31,0.0012251736277971925
2017-04-05,0.0021627491200560773
2017-04-06,0.0006506736602292889
2017-04-07,0.0007853797390146196
2017-04-10,0.0007305200408673683
2017-04-11,0.0009069348816500106
2017-04-12,0.0010150835880510605
2017-04-13,0.0007161614442577311
2017-04-14,0.0004640976176483203
2017-04-17,0.000962053209334291
2017-04-18,0.0006455287055594372
2017-04-19,0.0007431625444014792
2017-04-20,0.00042825399035126656
2017-04-21,0.0005771863148036841
2017-04-24,0.002285621981357724
2017-04-25,0.001015694870358194
2017-04-26,0.0007884641810026633
2017-04-27,0.0010616402797981367
2017-04-28,0.0004304901479827301
2017-05-02,0.001252573331735482
2017-05-03,0.0013043443752364123
2017-05-04,0.000900210006061658
2017-05-05,0.000748088175151415
2017-05-08,0.0009244547071377695
2017-05-09,0.0005361984334087764
2017-05-10,0.0007250463851910003
2017-05-11,0.000870400704719545
2017-05-12,0.0004067808826687402
2017-05-15,0.0018492400261648726
2017-05-16,0.0005376899634025453
2017-05-17,0.0005255130222899115
2017-05-18,0.000710435541777901
2017-05-19,0.00035739785811658486
2017-05-22,0.0007565166275755296
2017-05-23,0.0005214463483471859
2017-05-24,0.0012432035403850128
2017-05-25,0.0006512899977238347
2017-05-26,0.0018359209803464418
2017-05-31,0.002834733540801824
2017-06-01,0.001422279302640127
2017-06-02,0.0005922550523641301
2017-06-05,0.00029918830321017575
2017-06-06,0.0008639068942487839
2017-06-07,0.0004890310411978017
2017-06-08,0.0005611451333721671
2017-06-09,0.0006928787613915901
2017-06-12,0.0006274260789499839
2017-06-13,0.0008231934248379989
2017-06-14,0.0004155011730040577
2017-06-15,0.0006601552118974688
2017-06-16,0.001092120396122404
2017-06-19,0.0013435235385631376
2017-06-20,0.000529908499802989
2017-06-21,0.0017566456555344013
2017-06-22,0.0015087168422162536
2017-06-23,0.0012170999007467904
2017-06-26,0.001369781115504642
2017-06-27,0.0007535907406329032
2017-06-28,0.0013328157770798143
2017-06-29,0.001810673190502319
2017-06-30,0.0009857046308634273
2017-07-03,0.0003698613906857251
2017-07-04,0.0004104021304601328
2017-07-05,0.0008819646075608387
2017-07-06,0.00037195575603581743
2017-07-07,0.0005444866364047393
2017-07-10,0.000707505086569578
2017-07-11,0.0010336056416052964
2017-07-12,0.00150567598085654
2017-07-13,0.0007022385122662809
2017-07-14,0.0011157636336019048
2017-07-17,0.004636851494195395
2017-07-18,0.0016917707753337935
2017-07-19,0.00038420354558354276
2017-07-20,0.0010734957585333798
2017-07-21,0.0010687188601240785
2017-07-24,0.0005451595219221575
2017-07-25,0.002003558752591236
2017-07-26,0.0007279458841005998
2017-07-27,0.0008011840274624049
2017-07-28,0.0004323900051542884
2017-07-31,0.0005675244739703468
2017-08-01,0.0004721645173669596
2017-08-02,0.0009398333650936123
2017-08-03,0.0005545724800305959
2017-08-04,0.0009234210114271693
2017-08-07,0.001933113841046776
2017-08-08,0.0008273689834723995
2017-08-09,0.0008757009274349806
2017-08-10,0.0005813928896297789
2017-08-11,0.0010281040665942908
2017-08-14,0.0005912695177843063
2017-08-15,0.00046912898933396244
2017-08-16,0.0004570939310913449
2017-08-17,0.0013663461318836083
2017-08-18,0.0005530662008296245
2017-08-21,0.0009414007044824517
2017-08-22,0.0009241169158485087
2017-08-23,0.0010602206498651178
2017-08-24,0.0008240428922330885
2017-08-25,0.0004567271046375715
2017-08-28,0.0004676235145966264
2017-08-29,0.0010991636777362712
2017-08-30,0.0015011653107591437
2017-08-31,0.0009488600990194694
2017-09-01,0.0011761496336720127
2017-09-04,0.001189514768445887
2017-09-05,0.00111686405481625
2017-09-06,0.00041569295512385246
2017-09-07,0.0016318393507774073
2017-09-08,0.0006634880931256104
2017-09-11,0.0007384938278348159
2017-09-12,0.0008301273099419857
2017-09-13,0.00034954936717503815
2017-09-14,0.00106222882852741
2017-09-15,0.0009265749224018973
2017-09-18,0.0004972856972129927
2017-09-19,0.0004494762311053308
2017-09-20,0.0006302959693490216
2017-09-21,0.00029911595854668715
2017-09-22,0.0010808942166824916
2017-09-25,0.0009307938209058961
2017-09-26,0.00045942262741479364
2017-09-27,0.00036295091874624717
2017-09-28,0.0004306636783270333
2017-09-29,0.00038266806615891007
2017-10-09,0.0012659450034584138
2017-10-10,0.0008278641017500721
2017-10-11,0.0007609302486991774
2017-10-12,0.000892562432994936
2017-10-13,0.0005017573183541632
2017-10-16,0.0003331686411529376
2017-10-17,0.0004634044262242954
2017-10-18,0.00043229136635266794
2017-10-19,0.0005799990799522985
2017-10-20,0.0007120982223834195
2017-10-23,0.00020604336839743413
2017-10-24,0.00026320588250021844
2017-10-25,0.0006487738603881145
2017-10-26,0.00042296480437913677
2017-10-27,0.0005112453654877113
2017-10-30,0.0013463664925468912
2017-10-31,0.0009638711175870575
2017-11-01,0.00039562052806866167
2017-11-02,0.0009633337758613313
2017-11-03,0.0006255809657417659
2017-11-06,0.0005972423226850438
2017-11-07,0.000285073417708967
2017-11-08,0.0004538803738623692
2017-11-09,0.0005469875031319553
2017-11-10,0.0009596757682634265
2017-11-13,0.0010649048155391802
2017-11-14,0.0005367856414465336
2017-11-15,0.001662333378172739
2017-11-16,0.0005792657070184324
2017-11-17,0.0016024590675468063
2017-11-20,0.001825948750320056
2017-11-21,0.0003807840973795584
2017-11-22,0.00201744641690797
2017-11-23,0.0015070882509715991
2017-11-24,0.001968412770019622
2017-11-27,0.0015245700788642678
2017-11-28,0.0010675958722113122
2017-11-29,0.000385429165322903
2017-11-30,0.0014257120318889622
2017-12-01,0.0018651805173320734
2017-12-04,0.0011393842513702066
2017-12-05,0.0008566322663978012
2017-12-06,0.002197916884092676
2017-12-07,0.0014042419641010259
2017-12-08,0.0009652608170782147
2017-12-11,0.0006916360845525744
2017-12-12,0.0005713405360115302
2017-12-13,0.0010479951412291858
2017-12-14,0.0009413868165425496
2017-12-15,0.0004928493109397216
2017-12-18,0.0009724364149557895
2017-12-19,0.0005426864860100083
2017-12-20,0.0006969842287481949
2017-12-21,0.0013436758054704303
2017-12-22,0.0007413640956263458
2017-12-25,0.0011495815073663468
2017-12-26,0.0019118970593945215
2017-12-27,0.0006031206467499096
2017-12-28,0.0010968892511448083
2017-12-29,0.001332775940036183
2018-01-02,0.0015067419130088578
2018-01-03,0.0004519547473802879
2018-01-04,0.000936215018640343
2018-01-05,0.000992215993823763
2018-01-08,0.0005846199562692829
2018-01-09,0.0006210621271890436
2018-01-10,0.0014414612480043772
2018-01-11,0.000963199500622424
2018-01-12,0.0008491827422304864
2018-01-15,0.0016681745649222849
2018-01-16,0.0006581655126551632
2018-01-17,0.0024663084812868545
2018-01-18,0.0008070222671597214
2018-01-19,0.0010087559416268384
2018-01-22,0.0004664298431800495
2018-01-23,0.0009207818750701235
2018-01-24,0.0008372570856959305
2018-01-25,0.0005150191877850477
2018-01-26,0.0011198587173540206
2018-01-29,0.000844477248988192
2018-01-30,0.001320654259804461
2018-01-31,0.0015383132864565932
2018-02-01,0.0007913337432189067
2018-02-02,0.0020986093287644024
2018-02-05,0.0015900724701377364
2018-02-06,0.0016089813404694068
2018-02-07,0.0015960408774749319
2018-02-08,0.0014624142382162507
2018-02-09,0.0030641401913189003
2018-02-12,0.0034275827735780837
2018-02-13,0.0006874000881274663
2018-02-14,0.001564310109441372
2018-02-22,0.002269850320518754
2018-02-23,0.0005312858525185635
2018-02-26,0.0005668069917863067
2018-02-27,0.0011941624417674136
2018-02-28,0.0015009942012106764
2018-03-01,0.000915763517658089
2018-03-02,0.0018394038225299028
2018-03-05,0.0007049153869301276
2018-03-06,0.0005031185417168068
2018-03-07,0.0012224779889256528
2018-03-08,0.002222114945131788
2018-03-09,0.0013108759862882088
2018-03-12,0.0007346483583803052
2018-03-13,0.0013914693070502312
2018-03-14,0.0010464054371582606
2018-03-15,0.0005508685059720227
2018-03-16,0.001244689456724279
2018-03-19,0.002157931229825245
2018-03-20,0.001411051956880389
2018-03-21,0.0008016251978964191
2018-03-22,0.0006943172409746462
2018-03-23,0.0027480691312526872
2018-03-26,0.002722462213475916
2018-03-27,0.0013063451212039798
2018-03-28,0.0013826488392443906
2018-03-29,0.00048676304753621176
2018-03-30,0.001519841288796773
2018-04-02,0.0013034500484173375
2018-04-03,0.001528203630110534
2018-04-04,0.0016755770291918817
2018-04-09,0.003975039873947012
2018-04-10,0.0017033870336556792
2018-04-11,0.0009076910030069922
2018-04-12,0.0004996524880216574
2018-04-13,0.0005350034080262661
2018-04-16,0.0007886953904843785
2018-04-17,0.0024543864569635666
2018-04-18,0.0022958988370999052
2018-04-19,0.0011266033295656169
2018-04-20,0.001531530601481931
2018-04-23,0.0041413441813812815
2018-04-24,0.0005671168742863567
2018-04-25,0.0010506022395113208
2018-04-26,0.0010099299182036205
2018-04-27,0.001765239445128188
2018-05-02,0.0036001681081201374
2018-05-03,0.001967560301205844
2018-05-04,0.001551073808205268
2018-05-07,0.001809803155233302
2018-05-08,0.0005738355579347282
2018-05-09,0.000676820342139385
2018-05-10,0.0010526403937070913
2018-05-11,0.0003720169557408512
2018-05-14,0.0028740948879743826
2018-05-15,0.001460706935366278
2018-05-16,0.0005840880121179919
2018-05-17,0.0010258470208990215
2018-05-18,0.0009457862776319275
2018-05-21,0.0009001931357668131
2018-05-22,0.0005540899192894197
2018-05-23,0.0009984633809103848
2018-05-24,0.0015439489508064302
2018-05-25,0.0009412145695552875
2018-05-28,0.001231138794584984
2018-05-29,0.001264466465538633
2018-05-30,0.002251429167336883
2018-05-31,0.0013297813004529034
2018-06-01,0.0010032182269548886
2018-06-04,0.001971696803599546
2018-06-05,0.0012636435906186736
2018-06-06,0.000694200514599131
2018-06-07,0.0011911558693594956
2018-06-08,0.0005224878635565769
2018-06-11,0.001034607565406417
2018-06-12,0.0011134680933569433
2018-06-13,0.0011097363058188542
2018-06-14,0.0014523019570890016
2018-06-15,0.0019166965524984164
2018-06-19,0.0015504309568004498
2018-06-20,0.001738530729434055
2018-06-21,0.0013657955508111132
2018-06-22,0.0022573172248730204
2018-06-25,0.0008865559220351354
2018-06-26,0.0024502705652383063
2018-06-27,0.0012308323088219126
2018-06-28,0.0018913943498116256
2018-06-29,0.0020622607223085877
2018-07-02,0.0005428268184560605
2018-07-03,0.0018690028426971029
2018-07-04,0.001978414937298048
2018-07-05,0.0035856548980677415
2018-07-06,0.0032003751206348156
2018-07-09,0.0008351335518872308
2018-07-10,0.0018891992286161929
2018-07-11,0.0016523185962027747
2018-07-12,0.0008939241084540395
2018-07-13,0.0011750699072336133
2018-07-16,0.0013958397742364682
2018-07-17,0.0006465186811461321
2018-07-18,0.002436073762792911
2018-07-19,0.003572395987813646
2018-07-20,0.0012641859739509391
2018-07-23,0.0009981652926107682
2018-07-24,0.001002830317435273
2018-07-25,0.0008227991615176626
2018-07-26,0.0005384339997732218
2018-07-27,0.0006532490928711073
2018-07-30,0.0027336027357547626
2018-07-31,0.001162910710790916
2018-08-01,0.0027594990083380437
2018-08-02,0.0015218661771713388
2018-08-03,0.0014365883766143527
2018-08-06,0.0025846247251021066
2018-08-07,0.0012975240380015756
2018-08-08,0.0010391516483600615
2018-08-09,0.0012973585442937804
2018-08-10,0.0023595372835493694
2018-08-13,0.0017780209858438356
2018-08-14,0.0008232806995215672
2018-08-15,0.0006308545871168806
2018-08-16,0.0019013031716145483
2018-08-17,0.0011007316847866406
2018-08-20,0.004598296445268087
2018-08-21,0.002397909512082254
2018-08-22,0.0011599863031433047
2018-08-23,0.002992770807015864
2018-08-24,0.0016623327646312694
2018-08-27,0.0025576313304466053
2018-08-28,0.001067374686075823
2018-08-29,0.0006463763859651923
2018-08-30,0.0008303419150599121
2018-08-31,0.0006974699261851747
2018-09-03,0.0007794201768936365
2018-09-04,0.0027543171381621493
2018-09-05,0.0007307624213664601
2018-09-06,0.0024578288543321185
2018-09-07,0.0012058579499992783
2018-09-10,0.0013148575630431397
2018-09-11,0.0016499417295903012
2018-09-12,0.001112129063584444
2018-09-13,0.000654524453308889
2018-09-14,0.0020437518005149737
2018-09-17,0.0018207845697925309
2018-09-18,0.0015902969962392716
2018-09-19,0.0007160551243522227
2018-09-20,0.000818207072209931
2018-09-21,0.0009799050075510365
2018-09-25,0.0015566967490886464
2018-09-26,0.0009681863213985604
2018-09-27,0.0012970087592140917
2018-09-28,0.001324137418196094
2018-10-08,0.0012641004415621584
2018-10-09,0.0016809287522582589
2018-10-10,0.001928275866901753
2018-10-11,0.0024026517128088298
2018-10-12,0.0028105241370502206
2018-10-15,0.0025263604912267
2018-10-16,0.0016006813874521917
2018-10-17,0.0007786967106849882
2018-10-18,0.002387246272090584
2018-10-19,0.0036429497948390925
2018-10-22,0.0012726814776423906
2018-10-23,0.0008187408200350973
2018-10-24,0.0025731477852884597
2018-10-25,0.0016623612339003767
2018-10-26,0.003916497509263205
2018-10-29,0.0019133902685278177
2018-10-30,0.001650185956605904
2018-10-31,0.002220298741350676
2018-11-01,0.0017908070424346974
2018-11-02,0.0007958189705366067
2018-11-05,0.0019124887200835405
2018-11-06,0.0006947425961252271
2018-11-07,0.0020788130079828155
2018-11-08,0.0010778306310530517
2018-11-09,0.001778069289144673
2018-11-12,0.0032125916822897927
2018-11-13,0.0005673639561813837
2018-11-14,0.0005743790613881827
2018-11-15,0.001930613423398347
2018-11-16,0.0009281713311620144
2018-11-19,0.0019879328317607566
2018-11-20,0.0005895117325888878
2018-11-21,0.0007470166958508368
2018-11-22,0.0006245838390130786
2018-11-23,0.0006372759631301265
2018-11-26,0.0013731505374311537
2018-11-27,0.0010760058823277292
2018-11-28,0.001849437460687002
2018-11-29,0.0006682751400463456
2018-11-30,0.00134190671021486
2018-12-03,0.003627452694877863
2018-12-04,0.0010031898672851491
2018-12-05,0.000856009090674473
2018-12-06,0.0015863160505486958
2018-12-07,0.0008314433084358749
2018-12-10,0.0011311944981874772
2018-12-11,0.0008873055564979029
2018-12-12,0.0008728609936715033
2018-12-13,0.0005536536708838002
2018-12-14,0.0003102910260063187
2018-12-17,0.0005448402529907756
2018-12-18,0.001859667129779389
2018-12-19,0.0011340536679420247
2018-12-20,0.0014316856205103447
2018-12-21,0.0008598021985525141
2018-12-24,0.0009555097615086537
2018-12-25,0.0009170847224552922
2018-12-26,0.001176654383904154
2018-12-27,0.000907915003365346
2018-12-28,0.0023770867020060553
2019-01-02,0.0006137545793651441
2019-01-03,0.001605033443741593
2019-01-04,0.0019773252856691405
2019-01-07,0.0019308125086218242
2019-01-08,0.0010914913064246307
2019-01-09,0.0012278685928212825
2019-01-10,0.0014449825390205854
2019-01-11,0.0032003421191077685
2019-01-14,0.0006621993089235418
2019-01-15,0.0012667369308045323
2019-01-16,0.0009821623862932758
2019-01-17,0.0008449403144398447
2019-01-18,0.0016675276277488599
2019-01-21,0.0010487004395310674
2019-01-22,0.000527306655153182
2019-01-23,0.0013021542267660443
2019-01-24,0.0008464748554128078
2019-01-25,0.0018108431907714545
2019-01-28,0.0011028689928818222
2019-01-29,0.002351998628418339
2019-01-30,0.00100882749031699
2019-01-31,0.0019247566501367737
2019-02-01,0.0014517043756170406
2019-02-11,0.0015685711745427266
2019-02-12,0.000936426569969402
2019-02-13,0.0008641680424182033
2019-02-14,0.0018203107431898928
2019-02-15,0.0006478568545663667
2019-02-18,0.002869810800265887
2019-02-19,0.0022511242828283434
2019-02-20,0.0021701316093553666
2019-02-21,0.0010725215349114137
2019-02-22,0.0016145953923646175
2019-02-25,0.0037471173234367916
2019-02-26,0.003939079814332817
2019-02-27,0.0018648138170798165
2019-02-28,0.001926942720736624
2019-03-01,0.0015827087229760145
2019-03-04,0.0013508432114422433
2019-03-05,0.0017008461279309167
2019-03-06,0.0016613899280104585
2019-03-07,0.002775127660915755
2019-03-08,0.0018827581283659186
2019-03-11,0.0013939758350799136
2019-03-12,0.0015406493831056937
2019-03-13,0.001455582341431311
2019-03-14,0.0015595176049124112
2019-03-15,0.0007148212302769689
2019-03-18,0.0016051442850834147
2019-03-19,0.0012391546589914622
2019-03-20,0.0011479530449880816
2019-03-21,0.0024760344964478904
2019-03-22,0.0007183926406108002
2019-03-25,0.001281641944543416
2019-03-26,0.0009064164575742152
2019-03-27,0.0014152281771695138
2019-03-28,0.0012562480097358677
2019-03-29,0.0005903461112320026
2019-04-01,0.0025483855648043715
2019-04-02,0.001952198628992194
2019-04-03,0.0007661408347833123
2019-04-04,0.0014667072584023926
2019-04-08,0.00202155515622531
2019-04-09,0.0018940111717901408
2019-04-10,0.0014011588063747283
2019-04-11,0.0007553127422290996
2019-04-12,0.0016818828895994466
2019-04-15,0.0023691567490557027
2019-04-16,0.0013236746631863988
2019-04-17,0.001384570098041853
2019-04-18,0.0008498431164745862
2019-04-19,0.0037831326732475305
2019-04-22,0.0009000980535676909
2019-04-23,0.001075556751689966
2019-04-24,0.000755592573998499
2019-04-25,0.0014799023015170162
2019-04-26,0.001324588445662718
2019-04-29,0.0013861892477334398
2019-04-30,0.0017566702642074275
2019-05-06,0.0024983606460467966
2019-05-07,0.0012963942842266368
2019-05-08,0.0010102329558437325
2019-05-09,0.0013879275089029041
2019-05-10,0.0019194030530381764
2019-05-13,0.0015575196718150474
2019-05-14,0.004530183993756706
2019-05-15,0.0019172374517243843
2019-05-16,0.001364798737137897
2019-05-17,0.00031345427783983226
2019-05-20,0.0010646663299466704
2019-05-21,0.0014519249473792153
2019-05-22,0.0020073379375743997
2019-05-23,0.001298364825714715
2019-05-24,0.0017719495893131448
2019-05-27,0.0037684439214266253
2019-05-28,0.0005842845543110593
2019-05-29,0.0015345449715537896
2019-05-30,0.0004670688112948417
2019-05-31,0.0006548768693596857
2019-06-03,0.005448665302146968
2019-06-04,0.0005453129595357362
2019-06-05,0.0004618377344562488
2019-06-06,0.002453939783655997
2019-06-10,0.001363929155404309
2019-06-11,0.0003725382245444419
2019-06-12,0.0008852453802080875
2019-06-13,0.0003135227512286597
2019-06-14,0.0012807893184518119
2019-06-17,0.000901669094873818
2019-06-18,0.0015824411258540505
2019-06-19,0.0011011057490456153
2019-06-20,0.00045552897930157263
2019-06-21,0.0027086287952695328
2019-06-24,0.0012808428587454835
2019-06-25,0.0004152828808616846
2019-06-26,0.000857274704288682
2019-06-27,0.0007473792044630175
2019-06-28,0.0027609846082673906
2019-07-01,0.0023934552652769177
2019-07-02,0.0006785729158606589
2019-07-03,0.001168435623293399
2019-07-04,0.0008870675058712861
2019-07-05,0.0008915853642162725
2019-07-08,0.0005572176927959772
2019-07-09,0.0015218961391630914
2019-07-10,0.0006384324516497778
2019-07-11,0.0013613271634682878
2019-07-12,0.0014571727007831336
2019-07-15,0.0037776366936076032
2019-07-16,0.0006532182508177524
2019-07-17,0.0004996503266191607
2019-07-18,0.0012708124405626017
2019-07-19,0.0007357212354760326
2019-07-22,0.004640942151510646
2019-07-23,0.001287602820270753
2019-07-24,0.0008693888594162329
2019-07-25,0.001218043013838839
2019-07-26,0.0005842996940171476
2019-07-29,0.0016791049297020621
2019-07-30,0.0011201298893335223
2019-07-31,0.0004506692657653865
2019-08-01,0.000916659226358453
2019-08-02,0.0017957081600116747
2019-08-05,0.0037853044412425093
2019-08-06,0.0020744986689934966
2019-08-07,0.0005186567888655093
2019-08-08,0.0017704077476225462
2019-08-09,0.00045893291852085486
2019-08-12,0.001412371474576378
2019-08-13,0.0007776626152992762
2019-08-14,0.0009597432258734494
2019-08-15,0.0007989052274131558
2019-08-16,0.0013297396936172384
2019-08-19,0.0014153947688469953
2019-08-20,0.0007226975002985435
2019-08-21,0.00044572934899338607
2019-08-22,0.0011164928015842646
2019-08-23,0.002975961225728665
2019-08-26,0.0009554201178723601
2019-08-27,0.0006263145323219478
2019-08-28,0.0004755613263969349
2019-08-29,0.00046670254080232517
2019-08-30,0.0010406262007775335
2019-09-02,0.0010264671675401349
2019-09-03,0.0011527563727194926
2019-09-04,0.0022364361135290205
2019-09-05,0.0010559264351650084
2019-09-06,0.0013349730713933465
2019-09-09,0.0009119626158993387
2019-09-10,0.0006267634234852987
2019-09-11,0.0006791598035872996
2019-09-12,0.0008975191472949013
2019-09-16,0.0013378218532180267
2019-09-17,0.0008058627182430111
2019-09-18,0.0006892461767122601
2019-09-19,0.0007938385498069293
2019-09-20,0.001015023027964366
2019-09-23,0.0005607585290855482
2019-09-24,0.0013489861372946344
2019-09-25,0.0007655722208493151
2019-09-26,0.0009683712435154991
2019-09-27,0.0011812206367749932
2019-09-30,0.001175301231706367
2019-10-08,0.000548460897324412
2019-10-09,0.0008204555803026504
2019-10-10,0.0005349993998278739
2019-10-11,0.0006206963599353309
2019-10-14,0.0011650640089874561
2019-10-15,0.000679230110553123
2019-10-16,0.0023807751952729314
2019-10-17,0.0007174630615697405
2019-10-18,0.0010517221035416114
2019-10-21,0.0007293614630975695
2019-10-22,0.0007828993311004195
2019-10-23,0.000536328981278697
2019-10-24,0.0007196054476714227
2019-10-25,0.0006335326689663432
2019-10-28,0.0007458014754894868
2019-10-29,0.0007690911657357688
2019-10-30,0.0010217599457288823
2019-10-31,0.0012636364776424478
2019-11-01,0.000510020861431116
2019-11-04,0.000918446314061956
2019-11-05,0.0007318077526576242
2019-11-06,0.0006570507665425196
2019-11-07,0.0006033064975534229
2019-11-08,0.0005381039375820473
2019-11-11,0.0016929107702247372
2019-11-12,0.0007594220023197072
2019-11-13,0.0009605814389485218
2019-11-14,0.0007832648921843743
2019-11-15,0.0005561257539844939
2019-11-18,0.0009245777462809451
2019-11-19,0.00029919188948807014
2019-11-20,0.0005801868654006252
2019-11-21,0.0016694618365787795
2019-11-22,0.0009076288497600738
2019-11-25,0.0010618230234797953
2019-11-26,0.0007627654280546864
2019-11-27,0.0018378003508343402
2019-11-28,0.00128235384825031
2019-11-29,0.001777958882146493
2019-12-02,0.001239601243365234
2019-12-03,0.0015001309833576483
2019-12-04,0.001369409031980245
2019-12-05,0.0006352946096832666
2019-12-06,0.0007092186394961991
2019-12-09,0.0005396699922220773
2019-12-10,0.00043805736546253095
2019-12-11,0.0003599647581578392
2019-12-12,0.0004727150006318178
2019-12-13,0.0004287800772328199
2019-12-16,0.0007788426776867606
2019-12-17,0.0008896794439864615
2019-12-18,0.0008284741888471857
2019-12-19,0.0006913523603120289
2019-12-20,0.0016132096224670963
2019-12-23,0.0007102780334638713
2019-12-24,0.000839407793268821
2019-12-25,0.0005378067869627106
2019-12-26,0.0006723958528705645
2019-12-27,0.0006120958247478963
2019-12-30,0.0005712593604977603
2019-12-31,0.0009289850409989148
2020-01-02,0.0005697626300490819
2020-01-03,0.0007398486321626363
2020-01-06,0.00043895602881664645
2020-01-07,0.0017820316032152563
2020-01-08,0.0009851722763946353
2020-01-09,0.0011328205949536823
2020-01-10,0.0006011633360505112
2020-01-13,0.0006024940834417907
2020-01-14,0.0007741452437560538
2020-01-15,0.0006127564896875939
2020-01-16,0.0012150705242748472
2020-01-17,0.0014292446913020578
2020-01-20,0.0009716622323204417
2020-01-21,0.00080147236487007
2020-01-22,0.0020375411943731004
2020-01-23,0.0011454876631431736
2020-02-03,0.0028443247665469046
2020-02-04,0.00368507439142911
2020-02-05,0.0014379395628670013
2020-02-06,0.0022324545871709807
2020-02-07,0.0031789662772824805
2020-02-10,0.0014507238461428048
2020-02-11,0.001272116638797099
2020-02-12,0.0005994288273556375
2020-02-13,0.0017858202957091052
2020-02-14,0.0007890122284796514
2020-02-17,0.0011144301550719937
2020-02-18,0.0019223390751750085
2020-02-19,0.0008488169013057631
2020-02-20,0.0028061139996695627
2020-02-21,0.0013122481752777728
2020-02-24,0.0026105637152024526
2020-02-25,0.0015414102461151276
2020-02-26,0.0018626520440543964
2020-02-27,0.0017795264816151096
2020-02-28,0.002496298559860222
2020-03-02,0.002098522774169254
2020-03-03,0.001686801338519406
2020-03-04,0.0018508870320220188
2020-03-05,0.0011591420533057705
2020-03-06,0.0005515806388370077
2020-03-09,0.00197958334617716
2020-03-10,0.0021789391710210016
2020-03-11,0.002334303619677968
2020-03-12,0.0015398811857338676
2020-03-13,0.0048298834707860595
2020-03-16,0.001415929073071483
2020-03-17,0.0013659159164536357
2020-03-18,0.003102462168986832
2020-03-19,0.003750595385951076
2020-03-20,0.004090771104543303
2020-03-23,0.002798427175839856
2020-03-24,0.0031613546879808783
2020-03-25,0.0033886093071357542
2020-03-26,0.0013523330145731702
2020-03-27,0.0011946092220093461
2020-03-30,0.0015650064706856906
2020-03-31,0.0014883886312138058
2020-04-01,0.0007254675646200396
2020-04-02,0.0012547894750109785
2020-04-03,0.0011586854537999531
2020-04-07,0.002086762785052008
2020-04-08,0.0010899568207439767
2020-04-09,0.0010239894705597603
2020-04-10,0.0008107901836401174
2020-04-13,0.0012982990598143554
2020-04-14,0.0007061781699626369
2020-04-15,0.0011323278997008173
2020-04-16,0.00042739403909428444
2020-04-17,0.0011452488983376159
2020-04-20,0.0015736442949775516
2020-04-21,0.00032050076678836125
2020-04-22,0.0002647185145189438
2020-04-23,0.0004482092415137084
2020-04-24,0.0005800506292409762
2020-04-27,0.0010653986736569203
2020-04-28,0.0022249832438815476
2020-04-29,0.000688112182260676
2020-04-30,0.0011402823202176146
2020-05-06,0.0019651686411829798
2020-05-07,0.0003974417222767908
2020-05-08,0.0010246879480335573
2020-05-11,0.001272598235619936
2020-05-12,0.0022899525192535404
2020-05-13,0.000676238762788277
2020-05-14,0.0007646683499835885
2020-05-15,0.00024116874736456901
2020-05-18,0.0013888492412037318
2020-05-19,0.0005256867118311929
2020-05-20,0.0009719653342979041
2020-05-21,0.000320547848592328
2020-05-22,0.0015969699825559922
2020-05-25,0.001298536041309317
2020-05-26,0.0006064389237711372
2020-05-27,0.000441688903301823
2020-05-28,0.0017968206548272159
2020-05-29,0.0007270830920765581
2020-06-01,0.0007790139851359539
2020-06-02,0.00103000913766678
2020-06-03,0.0017786272323024543
2020-06-04,0.0004898034332068544
2020-06-05,0.0007212906732632158
2020-06-08,0.0010239004032083483
2020-06-09,0.0006926984157889013
2020-06-10,0.0010934904786103386
2020-06-11,0.0004026248061165704
2020-06-12,0.000684875117273504
2020-06-15,0.0015203691192667407
2020-06-16,0.0012129021571431844
2020-06-17,0.0009120876345867571
2020-06-18,0.0008200671557457279
2020-06-19,0.001589232906500906
2020-06-22,0.0007103633491055115
2020-06-23,0.0015671334910278096
2020-06-24,0.001592091882153388
2020-06-29,0.001537890680603857
2020-06-30,0.000575756167031304
2020-07-01,0.00048106302928176625
2020-07-02,0.0007131402284156116
2020-07-03,0.0012991207079116713
2020-07-06,0.004675698242162828
2020-07-07,0.006073031118121203
2020-07-08,0.0025562457778147358
2020-07-09,0.001517808209981242
2020-07-10,0.0013794186632967737
2020-07-13,0.0032431768183486774
2020-07-14,0.0033774230850998595
2020-07-15,0.002359539249154067
2020-07-16,0.004585234915828824
2020-07-17,0.002653780131395922
2020-07-20,0.002309368640496622
2020-07-21,0.001258247903786662
2020-07-22,0.0007505383180565313
2020-07-23,0.0042716006947661105
2020-07-24,0.0016463541297107892
2020-07-27,0.003235347579389929
2020-07-28,0.0011199796127137882
2020-07-29,0.0005441719511581407
2020-07-30,0.0012276936248685837
2020-07-31,0.0008846465276838313
2020-08-03,0.0019515680702900742
2020-08-04,0.00142298168387706
2020-08-05,0.0019442881719275104
2020-08-06,0.0013926788437304632
2020-08-07,0.002140570138748564
2020-08-10,0.005209193144581652
2020-08-11,0.001650696338132719
2020-08-12,0.001514993028311663
2020-08-13,0.0008354287892792221
2020-08-14,0.002900693301528774
2020-08-17,0.0015663617635493351
2020-08-18,0.0011546597954324178
2020-08-19,0.002979579991550911
2020-08-20,0.00202082810305534
2020-08-21,0.002017213027542662
2020-08-24,0.0028821354338025513
2020-08-25,0.0012761034050660812
2020-08-26,0.0017982876212446685
2020-08-27,0.000565532877656504
2020-08-28,0.0008595653115467454
2020-08-31,0.0026799159441198146
2020-09-01,0.0011856945060764216
2020-09-02,0.00043654067645746135
2020-09-03,0.0021922813448226226
2020-09-04,0.0026190573839693
2020-09-07,0.0029142281613147715
2020-09-08,0.002077105288707401
2020-09-09,0.0017326089950565103
2020-09-10,0.0011129282376426506
2020-09-11,0.002595326204011465
2020-09-14,0.0015330133281225193
2020-09-15,0.0007578897642741442
2020-09-16,0.0006181732164997968
2020-09-17,0.000654557342025959
2020-09-18,0.0018974641567446621
2020-09-21,0.0007344735568617822
2020-09-22,0.0017745840940787
2020-09-23,0.0012466052763943217
2020-09-24,0.0010435206482015725
2020-09-25,0.0012419209661910099
2020-09-28,0.002480009022028998
2020-09-29,0.0011469653248980314
2020-09-30,0.0006617822244417583
2020-10-09,0.0011678426433448137
2020-10-12,0.00048511841004098466
2020-10-13,0.0007307538359886073
2020-10-14,0.0005372554579580919
2020-10-15,0.0024606946482980886
2020-10-16,0.0009726787968379272
2020-10-19,0.0023194848241128627
2020-10-20,0.0012390847100436718
2020-10-21,0.0010929500136253336
2020-10-22,0.0002761231263494223
2020-10-23,0.0021241266175607582
2020-10-26,0.004275073841017127
2020-10-27,0.0015705989547392632
2020-10-28,0.0005513309909023601
2020-10-29,0.0011263183334371762
2020-10-30,0.000891029765758152
2020-11-02,0.0023919186859384166
2020-11-03,0.0009046041365202073
2020-11-04,0.001387281942944986
2020-11-05,0.001748659176657741
2020-11-06,0.001704374020770201
2020-11-09,0.001937282874869793
2020-11-10,0.0014884789985414695
2020-11-11,0.0010717932054718623
2020-11-12,0.0006905235316243778
2020-11-13,0.0011652360073655923
2020-11-16,0.000894579902227346
2020-11-17,0.0007421064045561445
2020-11-18,0.001573507819652088
2020-11-19,0.0008864431258431043
2020-11-20,0.0009767152152267554
2020-11-23,0.0007744927575025117
2020-11-24,0.00046942516769229065
2020-11-25,0.0010842436698134574
2020-11-26,0.0008017359773054446
2020-11-27,0.0009087931908501526
2020-11-30,0.001431111511688582
2020-12-01,0.0006114607410981215
2020-12-02,0.0007604921603601544
2020-12-03,0.0004047404540254483
2020-12-04,0.0007209665897316311
2020-12-07,0.0013616719061574011
2020-12-08,0.001093532817802309
2020-12-09,0.0005206775200833051
2020-12-10,0.0012233188630488762
2020-12-11,0.0004326237096768872
2020-12-14,0.001301602081836392
2020-12-15,0.0009202668418692457
2020-12-16,0.000783539450826986
2020-12-17,0.002024297556635417
2020-12-18,0.001235303643498607
2020-12-21,0.0011528540515201825
2020-12-22,0.0004857081226717147
2020-12-23,0.0007463483803151243
2020-12-24,0.0015863362326527656
2020-12-25,0.0009760562388009731
2020-12-28,0.0006856353851798294
2020-12-29,0.0010433432814161046
2020-12-30,0.0003597379273293942
2020-12-31,0.0006942059773785835
2021-01-04,0.001483993264098495
2021-01-05,0.00039756457794697954
2021-01-06,0.003256375027257309
2021-01-07,0.002761160539907308
2021-01-08,0.0016356901807390155
2021-01-11,0.0015773362332432892
2021-01-12,0.0012585025048229912
2021-01-13,0.002303018406746278
2021-01-14,0.0012163739999446286
2021-01-15,0.002663082660357278
2021-01-18,0.0017202356648538468
2021-01-19,0.0009548971848783967
2021-01-20,0.000422942974743592
2021-01-21,0.002052161412478835
2021-01-22,0.0009380981224062431
2021-01-25,0.0014991543170695142
2021-01-26,0.0007866330472111305
2021-01-27,0.0007583372690967077
2021-01-28,0.0010063595586642796
2021-01-29,0.0010052656348094589
2021-02-01,0.0013115068594453411
2021-02-02,0.0009731734499217132
2021-02-03,0.0021244773521899925
2021-02-04,0.001159897681054462
2021-02-05,0.0007946319340235377
2021-02-08,0.001128425959741525
2021-02-09,0.0005387398413215804
2021-02-10,0.0009544182225594221
2021-02-18,0.0010093750135088994
2021-02-19,0.0009406609805045355
2021-02-22,0.00480252478304739
2021-02-23,0.0016551970512652158
2021-02-24,0.0009570222302680491
2021-02-25,0.0022301322245865548
2021-02-26,0.003732073278671191
2021-03-01,0.0012866570428163515
2021-03-02,0.0016667882899535761
2021-03-03,0.0016090971403976415
2021-03-04,0.0006454404892190854
2021-03-05,0.004769955196787746
2021-03-08,0.002691441784321116
2021-03-09,0.008068743320490516
2021-03-10,0.001823211006557033
2021-03-11,0.0007872153027633089
2021-03-12,0.000975592446955744
2021-03-15,0.004116799655270323
2021-03-16,0.002556933676503921
2021-03-17,0.001555290281407084
2021-03-18,0.0016218193922921972
2021-03-19,0.0015513997029609808
2021-03-22,0.0020996676807917593
2021-03-23,0.0016829678243761431
2021-03-24,0.0018293952633986136
2021-03-25,0.0031276298677076603
2021-03-26,0.0020424466718640543
2021-03-29,0.002306466095655204
2021-03-30,0.0014128783116877605
2021-03-31,0.0007269701900438537
2021-04-01,0.0010490160290416903
2021-04-02,0.0015029358826518318
2021-04-06,0.0015487044573940876
2021-04-07,0.00035445750206689855
2021-04-08,0.002941201404783012
2021-04-09,0.0005582758878840499
2021-04-12,0.0032289241590594655
2021-04-13,0.0013852532307905422
2021-04-14,0.0007690237036235209
2021-04-15,0.0007425905322671822
2021-04-16,0.001349126549650742
2021-04-19,0.000668603057515467
2021-04-20,0.00160614704724625
2021-04-21,0.0015601117192506455
2021-04-22,0.0008152341484157594
2021-04-23,0.0017432148690963933
2021-04-26,0.0021516429915913334
2021-04-27,0.0020755583511196728
2021-04-28,0.0013587989287013173
2021-04-29,0.001656534838929219
2021-04-30,0.0011903226162475887
2021-05-06,0.003071528798046102
2021-05-07,0.0017268096802335556
2021-05-10,0.0028109016916193917
2021-05-11,0.0014643472179198538
2021-05-12,0.0018690698389039811
2021-05-13,0.0009573094826025143
2021-05-14,0.0018461828937455732
2021-05-17,0.000798536574869811
2021-05-18,0.000965793067807192
2021-05-19,0.0006272417087334256
2021-05-20,0.002410646823268145
2021-05-21,0.0006682641751761998
2021-05-24,0.0012037214066406205
2021-05-25,0.00048184211610791935
2021-05-26,0.0015220978954830452
2021-05-27,0.0015615398877004175
2021-05-28,0.001756598202133562
2021-05-31,0.001835675615766729
2021-06-01,0.002069072135219418
2021-06-02,0.0012204405993046367
2021-06-03,0.0013969819577776357
2021-06-04,0.0007991462411427278
2021-06-07,0.0011992888286309284
2021-06-08,0.0034965496931090635
2021-06-09,0.0019945710882751655
2021-06-10,0.0027438565304706824
2021-06-11,0.0006510728419474296
2021-06-15,0.000889884092267197
2021-06-16,0.0017371761090780211
2021-06-17,0.0008594213612764928
2021-06-18,0.0027634713910257166
2021-06-21,0.0013642918817250009
2021-06-22,0.0013984663040660698
2021-06-23,0.002433815820924954
2021-06-24,0.001542059890544194
2021-06-25,0.0012216416217961288
2021-06-28,0.0009476416728041067
2021-06-29,0.0006788569245645653
2021-06-30,0.002372332475296834
2021-07-01,0.0025507407662419897
2021-07-02,0.0006844521663704672
2021-07-05,0.0023531420988667636
2021-07-06,0.0016982400551256726
2021-07-07,0.0010563133751064762
2021-07-08,0.0006866608075093868
2021-07-09,0.0005382375730037752
2021-07-12,0.0011424496129949187
2021-07-13,0.002658606767433553
2021-07-14,0.0012345462119818535
2021-07-15,0.0016724727653791174
2021-07-16,0.0009648208827962564
2021-07-19,0.0012907927864672269
2021-07-20,0.000947649366889585
2021-07-21,0.0009458846196465854
2021-07-22,0.0017849041132171257
2021-07-23,0.0005524066357956603
2021-07-26,0.0005483262869833859
2021-07-27,0.000994637692569693
2021-07-28,0.005311464133895479
2021-07-29,0.0016665911743605042
2021-07-30,0.0013092674991669615
2021-08-02,0.001564598896730974
2021-08-03,0.0013777677850613523
2021-08-04,0.0008051597065268401
2021-08-05,0.001402875150914394
2021-08-06,0.001977766222465986
2021-08-09,0.002045135608425716
2021-08-10,0.00042007775549227555
2021-08-11,0.0015903096206795234
2021-08-12,0.0014848237434289008
2021-08-13,0.0017519624905246087
2021-08-16,0.0020655406104333985
2021-08-17,0.0014470693588641244
2021-08-18,0.0016188170381671672
2021-08-19,0.0013485369808889673
2021-08-20,0.0034669455273277877
2021-08-23,0.0008349303229725937
2021-08-24,0.0020562964418345295
2021-08-25,0.0014151125435483936
2021-08-26,0.0010050295646478434
2021-08-27,0.0014351811419275392
2021-08-30,0.00338225490507817
2021-08-31,0.0007160637372617784
2021-09-01,0.004214163084775078
2021-09-02,0.0017555556804244015
2021-09-03,0.002886742997469973
2021-09-06,0.0012161103242163394
2021-09-07,0.0010429306010143905
2021-09-08,0.0019320619361163657
2021-09-09,0.0019391529568918715
2021-09-10,0.0010902398525603652
2021-09-13,0.002635664896547828
2021-09-14,0.002478926477358694
2021-09-15,0.0010919166545207198
2021-09-16,0.0010059447005540056
2021-09-17,0.00224126231601017
2021-09-22,0.002829634729892322
2021-09-23,0.0017435127850093397
2021-09-24,0.0009637577199433521
2021-09-27,0.0019267535792630258
2021-09-28,0.0008366392174469627
2021-09-29,0.0012360626091002056
2021-09-30,0.0014807602850341528
2021-10-08,0.0012532877101199124
2021-10-11,0.002112177885415544
2021-10-12,0.0011606521917963927
2021-10-13,0.0013878646919518968
2021-10-14,0.0010839628460743468
2021-10-15,0.002043045160040217
2021-10-18,0.0016484167239556138
2021-10-19,0.000585250738579672
2021-10-20,0.0005722415745607638
2021-10-21,0.0012290098741485921
2021-10-22,0.0008518827760964057
2021-10-25,0.0013941912077239543
2021-10-26,0.002641788771522257
2021-10-27,0.0012203714502011444
2021-10-28,0.001668998013316216
2021-10-29,0.0013845898206343236
2021-11-01,0.0014070995257662062
2021-11-02,0.001035200327567727
2021-11-03,0.0020171965779865785
2021-11-04,0.0009550696423924282
2021-11-05,0.0008318948695195333
2021-11-08,0.0019029461825934757
2021-11-09,0.0007183691391032472
2021-11-10,0.0006630135367994533
2021-11-11,0.0010946799413979467
2021-11-12,0.0015787952165088356
2021-11-15,0.0008924752024670695
2021-11-16,0.0016779093051122677
2021-11-17,0.0009295098430687791
2021-11-18,0.0005168853394348346
2021-11-19,0.0020999773955458073
2021-11-22,0.0009905342270360854
2021-11-23,0.0016686335970181392
2021-11-24,0.000783014786035245
2021-11-25,0.0006002416684729967
2021-11-26,0.001278024976846871
2021-11-29,0.0012603565581047855
2021-11-30,0.0005372878598153628
2021-12-01,0.0006002956982545635
2021-12-02,0.001215085399718919
2021-12-03,0.0012379629080954747
2021-12-06,0.0006580520285083758
2021-12-07,0.0010176488885732823
2021-12-08,0.0009482825911796601
2021-12-09,0.0007192881849801966
2021-12-10,0.0009004022216139828
2021-12-13,0.0017460880476899085
2021-12-14,0.0010015172482315713
2021-12-15,0.001663321772147397
2021-12-16,0.0019476913573968479
2021-12-17,0.0004326774854186002
2021-12-20,0.0024455438177488943
2021-12-21,0.0008255141369254847
