index,gross_lev
2015-04-16 00:00:00+00:00,0.0
2015-04-17 00:00:00+00:00,0.0
2015-04-20 00:00:00+00:00,0.0
2015-04-21 00:00:00+00:00,0.0
2015-04-22 00:00:00+00:00,0.0
2015-04-23 00:00:00+00:00,0.0
2015-04-24 00:00:00+00:00,0.0
2015-04-27 00:00:00+00:00,0.0
2015-04-28 00:00:00+00:00,0.0
2015-04-29 00:00:00+00:00,0.0
2015-04-30 00:00:00+00:00,0.0
2015-05-04 00:00:00+00:00,0.0
2015-05-05 00:00:00+00:00,0.0
2015-05-06 00:00:00+00:00,0.0
2015-05-07 00:00:00+00:00,0.0
2015-05-08 00:00:00+00:00,0.0
2015-05-11 00:00:00+00:00,0.0
2015-05-12 00:00:00+00:00,0.0
2015-05-13 00:00:00+00:00,0.0
2015-05-14 00:00:00+00:00,0.0
2015-05-15 00:00:00+00:00,0.0
2015-05-18 00:00:00+00:00,0.0
2015-05-19 00:00:00+00:00,0.0
2015-05-20 00:00:00+00:00,0.0
2015-05-21 00:00:00+00:00,0.0
2015-05-22 00:00:00+00:00,0.0
2015-05-25 00:00:00+00:00,0.0
2015-05-26 00:00:00+00:00,0.0
2015-05-27 00:00:00+00:00,0.0
2015-05-28 00:00:00+00:00,0.0
2015-05-29 00:00:00+00:00,0.0
2015-06-01 00:00:00+00:00,0.0
2015-06-02 00:00:00+00:00,0.0
2015-06-03 00:00:00+00:00,0.0
2015-06-04 00:00:00+00:00,0.0
2015-06-05 00:00:00+00:00,0.0
2015-06-08 00:00:00+00:00,0.0
2015-06-09 00:00:00+00:00,0.0
2015-06-10 00:00:00+00:00,0.0
2015-06-11 00:00:00+00:00,0.0
2015-06-12 00:00:00+00:00,0.0
2015-06-15 00:00:00+00:00,0.0
2015-06-16 00:00:00+00:00,0.0
2015-06-17 00:00:00+00:00,0.0
2015-06-18 00:00:00+00:00,0.0
2015-06-19 00:00:00+00:00,0.0
2015-06-23 00:00:00+00:00,0.0
2015-06-24 00:00:00+00:00,0.0
2015-06-25 00:00:00+00:00,0.0
2015-06-26 00:00:00+00:00,0.0
2015-06-29 00:00:00+00:00,0.0
2015-06-30 00:00:00+00:00,0.0
2015-07-01 00:00:00+00:00,0.0
2015-07-02 00:00:00+00:00,0.0
2015-07-03 00:00:00+00:00,0.0
2015-07-06 00:00:00+00:00,0.0
2015-07-07 00:00:00+00:00,0.0
2015-07-08 00:00:00+00:00,0.0
2015-07-09 00:00:00+00:00,0.0
2015-07-10 00:00:00+00:00,0.0
2015-07-13 00:00:00+00:00,0.0
2015-07-14 00:00:00+00:00,0.0
2015-07-15 00:00:00+00:00,0.0
2015-07-16 00:00:00+00:00,0.0
2015-07-17 00:00:00+00:00,0.0
2015-07-20 00:00:00+00:00,0.0
2015-07-21 00:00:00+00:00,0.0
2015-07-22 00:00:00+00:00,0.0
2015-07-23 00:00:00+00:00,0.0
2015-07-24 00:00:00+00:00,0.0
2015-07-27 00:00:00+00:00,0.0
2015-07-28 00:00:00+00:00,0.0
2015-07-29 00:00:00+00:00,0.0
2015-07-30 00:00:00+00:00,0.0
2015-07-31 00:00:00+00:00,0.0
2015-08-03 00:00:00+00:00,0.0
2015-08-04 00:00:00+00:00,0.0
2015-08-05 00:00:00+00:00,0.0
2015-08-06 00:00:00+00:00,0.0
2015-08-07 00:00:00+00:00,0.0
2015-08-10 00:00:00+00:00,0.0
2015-08-11 00:00:00+00:00,0.0
2015-08-12 00:00:00+00:00,0.0
2015-08-13 00:00:00+00:00,0.0
2015-08-14 00:00:00+00:00,0.0
2015-08-17 00:00:00+00:00,0.0
2015-08-18 00:00:00+00:00,0.0
2015-08-19 00:00:00+00:00,0.0
2015-08-20 00:00:00+00:00,0.0
2015-08-21 00:00:00+00:00,0.0
2015-08-24 00:00:00+00:00,0.0
2015-08-25 00:00:00+00:00,0.0
2015-08-26 00:00:00+00:00,0.0
2015-08-27 00:00:00+00:00,0.0
2015-08-28 00:00:00+00:00,0.0
2015-08-31 00:00:00+00:00,0.0
2015-09-01 00:00:00+00:00,0.0
2015-09-02 00:00:00+00:00,0.0
2015-09-07 00:00:00+00:00,0.0
2015-09-08 00:00:00+00:00,0.0
2015-09-09 00:00:00+00:00,0.0
2015-09-10 00:00:00+00:00,0.0
2015-09-11 00:00:00+00:00,0.0
2015-09-14 00:00:00+00:00,0.0
2015-09-15 00:00:00+00:00,0.0
2015-09-16 00:00:00+00:00,0.0
2015-09-17 00:00:00+00:00,0.0
2015-09-18 00:00:00+00:00,0.0
2015-09-21 00:00:00+00:00,0.0
2015-09-22 00:00:00+00:00,0.0
2015-09-23 00:00:00+00:00,0.0
2015-09-24 00:00:00+00:00,0.0
2015-09-25 00:00:00+00:00,0.0
2015-09-28 00:00:00+00:00,0.0
2015-09-29 00:00:00+00:00,0.0
2015-09-30 00:00:00+00:00,0.0
2015-10-08 00:00:00+00:00,0.0
2015-10-09 00:00:00+00:00,0.0
2015-10-12 00:00:00+00:00,0.0
2015-10-13 00:00:00+00:00,0.0
2015-10-14 00:00:00+00:00,0.0
2015-10-15 00:00:00+00:00,0.0
2015-10-16 00:00:00+00:00,0.0
2015-10-19 00:00:00+00:00,0.0
2015-10-20 00:00:00+00:00,0.0
2015-10-21 00:00:00+00:00,0.0
2015-10-22 00:00:00+00:00,0.0
2015-10-23 00:00:00+00:00,0.0
2015-10-26 00:00:00+00:00,0.0
2015-10-27 00:00:00+00:00,0.0
2015-10-28 00:00:00+00:00,0.0
2015-10-29 00:00:00+00:00,0.0
2015-10-30 00:00:00+00:00,0.0
2015-11-02 00:00:00+00:00,0.0
2015-11-03 00:00:00+00:00,0.0
2015-11-04 00:00:00+00:00,0.0
2015-11-05 00:00:00+00:00,0.0
2015-11-06 00:00:00+00:00,0.0
2015-11-09 00:00:00+00:00,0.0
2015-11-10 00:00:00+00:00,0.0
2015-11-11 00:00:00+00:00,0.0
2015-11-12 00:00:00+00:00,0.0
2015-11-13 00:00:00+00:00,0.0
2015-11-16 00:00:00+00:00,0.0
2015-11-17 00:00:00+00:00,0.01797843834717791
2015-11-18 00:00:00+00:00,0.017885468925766833
2015-11-19 00:00:00+00:00,0.018402080265310195
2015-11-20 00:00:00+00:00,0.01841591552200942
2015-11-23 00:00:00+00:00,0.018245709537839206
2015-11-24 00:00:00+00:00,0.018471838797322677
2015-11-25 00:00:00+00:00,0.03741742867721493
2015-11-26 00:00:00+00:00,0.055868605321421544
2015-11-27 00:00:00+00:00,0.05456608253809099
2015-11-30 00:00:00+00:00,0.0
2015-12-01 00:00:00+00:00,0.0
2015-12-02 00:00:00+00:00,0.0
2015-12-03 00:00:00+00:00,0.0
2015-12-04 00:00:00+00:00,0.0
2015-12-07 00:00:00+00:00,0.0
2015-12-08 00:00:00+00:00,0.0
2015-12-09 00:00:00+00:00,0.0
2015-12-10 00:00:00+00:00,0.0
2015-12-11 00:00:00+00:00,0.0
2015-12-14 00:00:00+00:00,0.0
2015-12-15 00:00:00+00:00,0.0
2015-12-16 00:00:00+00:00,0.0
2015-12-17 00:00:00+00:00,0.0
2015-12-18 00:00:00+00:00,0.01971976223228757
2015-12-21 00:00:00+00:00,0.019920002936631157
2015-12-22 00:00:00+00:00,0.04005391804860583
2015-12-23 00:00:00+00:00,0.03965950179369982
2015-12-24 00:00:00+00:00,0.03971012402118239
2015-12-25 00:00:00+00:00,0.039894579260085015
2015-12-28 00:00:00+00:00,0.039022937455222236
2015-12-29 00:00:00+00:00,0.03936588246047605
2015-12-30 00:00:00+00:00,0.03964462120876698
2015-12-31 00:00:00+00:00,0.039156727325234474
2016-01-04 00:00:00+00:00,0.03769790289041678
2016-01-05 00:00:00+00:00,0.0
2016-01-06 00:00:00+00:00,0.0
2016-01-07 00:00:00+00:00,0.0
2016-01-08 00:00:00+00:00,0.0
2016-01-11 00:00:00+00:00,0.0
2016-01-12 00:00:00+00:00,0.016807934776739804
2016-01-13 00:00:00+00:00,0.01626758967075993
2016-01-14 00:00:00+00:00,0.033926175891055524
2016-01-15 00:00:00+00:00,0.03219015309577689
2016-01-18 00:00:00+00:00,0.033129482748212764
2016-01-19 00:00:00+00:00,0.03491502304384927
2016-01-20 00:00:00+00:00,0.03419255670256487
2016-01-21 00:00:00+00:00,0.03300682588764514
2016-01-22 00:00:00+00:00,0.03377090622766317
2016-01-25 00:00:00+00:00,0.03392503717424154
2016-01-26 00:00:00+00:00,0.030942742933419032
2016-01-27 00:00:00+00:00,0.030063408325214314
2016-01-28 00:00:00+00:00,0.04363829077670318
2016-01-29 00:00:00+00:00,0.04572690832907575
2016-02-01 00:00:00+00:00,0.04564386944336676
2016-02-02 00:00:00+00:00,0.04810872681260458
2016-02-03 00:00:00+00:00,0.048524909410418794
2016-02-04 00:00:00+00:00,0.05027758040859685
2016-02-05 00:00:00+00:00,0.04928351357912614
2016-02-15 00:00:00+00:00,0.049720111926199295
2016-02-16 00:00:00+00:00,0.05269821457998803
2016-02-17 00:00:00+00:00,0.0
2016-02-18 00:00:00+00:00,0.0
2016-02-19 00:00:00+00:00,0.0
2016-02-22 00:00:00+00:00,0.0
2016-02-23 00:00:00+00:00,0.0
2016-02-24 00:00:00+00:00,0.0
2016-02-25 00:00:00+00:00,0.0
2016-02-26 00:00:00+00:00,0.0
2016-02-29 00:00:00+00:00,0.0
2016-03-01 00:00:00+00:00,0.0
2016-03-02 00:00:00+00:00,0.0
2016-03-03 00:00:00+00:00,0.0
2016-03-04 00:00:00+00:00,0.0
2016-03-07 00:00:00+00:00,0.0
2016-03-08 00:00:00+00:00,0.0
2016-03-09 00:00:00+00:00,0.0
2016-03-10 00:00:00+00:00,0.0
2016-03-11 00:00:00+00:00,0.0
2016-03-14 00:00:00+00:00,0.0
2016-03-15 00:00:00+00:00,0.0
2016-03-16 00:00:00+00:00,0.0
2016-03-17 00:00:00+00:00,0.0
2016-03-18 00:00:00+00:00,0.0
2016-03-21 00:00:00+00:00,0.0
2016-03-22 00:00:00+00:00,0.0
2016-03-23 00:00:00+00:00,0.0
2016-03-24 00:00:00+00:00,0.0
2016-03-25 00:00:00+00:00,0.0
2016-03-28 00:00:00+00:00,0.0
2016-03-29 00:00:00+00:00,0.0
2016-03-30 00:00:00+00:00,0.0
2016-03-31 00:00:00+00:00,0.0
2016-04-01 00:00:00+00:00,0.0
2016-04-05 00:00:00+00:00,0.0
2016-04-06 00:00:00+00:00,0.019807398281035858
2016-04-07 00:00:00+00:00,0.019639189268504213
2016-04-08 00:00:00+00:00,0.019534576745941206
2016-04-11 00:00:00+00:00,0.01984122368890299
2016-04-12 00:00:00+00:00,0.01984819399818259
2016-04-13 00:00:00+00:00,0.02001247075303585
2016-04-14 00:00:00+00:00,0.040374970766990086
2016-04-15 00:00:00+00:00,0.04037398487251531
2016-04-18 00:00:00+00:00,0.03993191259374412
2016-04-19 00:00:00+00:00,0.03996625036228038
2016-04-20 00:00:00+00:00,0.0387973800689932
2016-04-21 00:00:00+00:00,0.0
2016-04-22 00:00:00+00:00,0.0
2016-04-25 00:00:00+00:00,0.0
2016-04-26 00:00:00+00:00,0.0
2016-04-27 00:00:00+00:00,0.0
2016-04-28 00:00:00+00:00,0.0
2016-04-29 00:00:00+00:00,0.0
2016-05-03 00:00:00+00:00,0.0
2016-05-04 00:00:00+00:00,0.0
2016-05-05 00:00:00+00:00,0.0
2016-05-06 00:00:00+00:00,0.0
2016-05-09 00:00:00+00:00,0.0
2016-05-10 00:00:00+00:00,0.0
2016-05-11 00:00:00+00:00,0.0
2016-05-12 00:00:00+00:00,0.0
2016-05-13 00:00:00+00:00,0.0
2016-05-16 00:00:00+00:00,0.0
2016-05-17 00:00:00+00:00,0.0
2016-05-18 00:00:00+00:00,0.0
2016-05-19 00:00:00+00:00,0.0
2016-05-20 00:00:00+00:00,0.0
2016-05-23 00:00:00+00:00,0.0
2016-05-24 00:00:00+00:00,0.0
2016-05-25 00:00:00+00:00,0.0
2016-05-26 00:00:00+00:00,0.0
2016-05-27 00:00:00+00:00,0.0
2016-05-30 00:00:00+00:00,0.0
2016-05-31 00:00:00+00:00,0.0
2016-06-01 00:00:00+00:00,0.0
2016-06-02 00:00:00+00:00,0.0
2016-06-03 00:00:00+00:00,0.0
2016-06-06 00:00:00+00:00,0.0
2016-06-07 00:00:00+00:00,0.0
2016-06-08 00:00:00+00:00,0.0
2016-06-13 00:00:00+00:00,0.0
2016-06-14 00:00:00+00:00,0.0
2016-06-15 00:00:00+00:00,0.0
2016-06-16 00:00:00+00:00,0.0
2016-06-17 00:00:00+00:00,0.0
2016-06-20 00:00:00+00:00,0.0
2016-06-21 00:00:00+00:00,0.0
2016-06-22 00:00:00+00:00,0.0
2016-06-23 00:00:00+00:00,0.0
2016-06-24 00:00:00+00:00,0.0
2016-06-27 00:00:00+00:00,0.0
2016-06-28 00:00:00+00:00,0.0
2016-06-29 00:00:00+00:00,0.021292241129766125
2016-06-30 00:00:00+00:00,0.021295560273785475
2016-07-01 00:00:00+00:00,0.021263753357595148
2016-07-04 00:00:00+00:00,0.021585371352029863
2016-07-05 00:00:00+00:00,0.04333459767999115
2016-07-06 00:00:00+00:00,0.04342307921796669
2016-07-07 00:00:00+00:00,0.04361452356700925
2016-07-08 00:00:00+00:00,0.08710161674693441
2016-07-11 00:00:00+00:00,0.08709170131170828
2016-07-12 00:00:00+00:00,0.08716099554628878
2016-07-13 00:00:00+00:00,0.13056660862910857
2016-07-14 00:00:00+00:00,0.1303388947843033
2016-07-15 00:00:00+00:00,0.13049652784338198
2016-07-18 00:00:00+00:00,0.13097884342075067
2016-07-19 00:00:00+00:00,0.13091666767646304
2016-07-20 00:00:00+00:00,0.13098471903422712
2016-07-21 00:00:00+00:00,0.13057754518624506
2016-07-22 00:00:00+00:00,0.13091842471400977
2016-07-25 00:00:00+00:00,0.13075567775949676
2016-07-26 00:00:00+00:00,0.12983847317693892
2016-07-27 00:00:00+00:00,0.1325274809293756
2016-07-28 00:00:00+00:00,0.13231562061756777
2016-07-29 00:00:00+00:00,0.13253952590833978
2016-08-01 00:00:00+00:00,0.13329689237585615
2016-08-02 00:00:00+00:00,0.0
2016-08-03 00:00:00+00:00,0.0
2016-08-04 00:00:00+00:00,0.0
2016-08-05 00:00:00+00:00,0.0
2016-08-08 00:00:00+00:00,0.0
2016-08-09 00:00:00+00:00,0.0
2016-08-10 00:00:00+00:00,0.0
2016-08-11 00:00:00+00:00,0.0
2016-08-12 00:00:00+00:00,0.0
2016-08-15 00:00:00+00:00,0.0
2016-08-16 00:00:00+00:00,0.0
2016-08-17 00:00:00+00:00,0.04720916729271446
2016-08-18 00:00:00+00:00,0.04721118361472143
2016-08-19 00:00:00+00:00,0.047232008052068904
2016-08-22 00:00:00+00:00,0.046999579963798846
2016-08-23 00:00:00+00:00,0.046956559790549905
2016-08-24 00:00:00+00:00,0.046976721835753216
2016-08-25 00:00:00+00:00,0.046853422051669445
2016-08-26 00:00:00+00:00,0.046850461639390696
2016-08-29 00:00:00+00:00,0.04702331815988563
2016-08-30 00:00:00+00:00,0.04703348381721928
2016-08-31 00:00:00+00:00,0.04707995987503888
2016-09-01 00:00:00+00:00,0.04684977841082436
2016-09-02 00:00:00+00:00,0.046820835619472465
2016-09-05 00:00:00+00:00,0.04695859949009413
2016-09-06 00:00:00+00:00,0.04744470760747679
2016-09-07 00:00:00+00:00,0.09494934605932824
2016-09-08 00:00:00+00:00,0.09491796784956459
2016-09-09 00:00:00+00:00,0.09493887334353561
2016-09-12 00:00:00+00:00,0.09506618635771032
2016-09-13 00:00:00+00:00,0.09504117357264495
2016-09-14 00:00:00+00:00,0.09506220766188761
2016-09-19 00:00:00+00:00,0.09501590466058518
2016-09-20 00:00:00+00:00,0.0950201802612193
2016-09-21 00:00:00+00:00,0.09499914498958081
2016-09-22 00:00:00+00:00,0.09496861853399284
2016-09-23 00:00:00+00:00,0.09496499095225996
2016-09-26 00:00:00+00:00,0.09503155377745104
2016-09-27 00:00:00+00:00,0.09500092503699432
2016-09-28 00:00:00+00:00,0.09500461721134945
2016-09-29 00:00:00+00:00,0.09496415794174017
2016-09-30 00:00:00+00:00,0.09495157956248772
2016-10-10 00:00:00+00:00,0.09486908171634473
2016-10-11 00:00:00+00:00,0.14219855036170792
2016-10-12 00:00:00+00:00,0.14228104422457494
2016-10-13 00:00:00+00:00,0.1421094165465488
2016-10-14 00:00:00+00:00,0.14204736002508803
2016-10-17 00:00:00+00:00,0.1426606677779708
2016-10-18 00:00:00+00:00,0.14157729612864212
2016-10-19 00:00:00+00:00,0.21311614058614056
2016-10-20 00:00:00+00:00,0.21224769453006448
2016-10-21 00:00:00+00:00,0.21319819517898164
2016-10-24 00:00:00+00:00,0.20993485427354236
2016-10-25 00:00:00+00:00,0.2092747624944034
2016-10-26 00:00:00+00:00,0.20995300708251827
2016-10-27 00:00:00+00:00,0.21049756040979425
2016-10-28 00:00:00+00:00,0.21255565950280664
2016-10-31 00:00:00+00:00,0.21270751382985195
2016-11-01 00:00:00+00:00,0.2102077290401051
2016-11-02 00:00:00+00:00,0.2130478458276882
2016-11-03 00:00:00+00:00,0.2115005282149347
2016-11-04 00:00:00+00:00,0.2121776751494394
2016-11-07 00:00:00+00:00,0.2126450992322362
2016-11-08 00:00:00+00:00,0.2100360619136713
2016-11-09 00:00:00+00:00,0.21282437383149497
2016-11-10 00:00:00+00:00,0.208774307401944
2016-11-11 00:00:00+00:00,0.20616619404686337
2016-11-14 00:00:00+00:00,0.20523530388799122
2016-11-15 00:00:00+00:00,0.2045433997969273
2016-11-16 00:00:00+00:00,0.20379447966067957
2016-11-17 00:00:00+00:00,0.20346427045303203
2016-11-18 00:00:00+00:00,0.2050323317359821
2016-11-21 00:00:00+00:00,0.2043852798586588
2016-11-22 00:00:00+00:00,0.20169782727689714
2016-11-23 00:00:00+00:00,0.20289676708713245
2016-11-24 00:00:00+00:00,0.20344108908124844
2016-11-25 00:00:00+00:00,0.2027821199403638
2016-11-28 00:00:00+00:00,0.20159458875449474
2016-11-29 00:00:00+00:00,0.20308760102390114
2016-11-30 00:00:00+00:00,0.20407504394249287
2016-12-01 00:00:00+00:00,0.20251020160556962
2016-12-02 00:00:00+00:00,0.20802648856615277
2016-12-05 00:00:00+00:00,0.20815214251707012
2016-12-06 00:00:00+00:00,0.20809430822868638
2016-12-07 00:00:00+00:00,0.20575676915676636
2016-12-08 00:00:00+00:00,0.2057471138620406
2016-12-09 00:00:00+00:00,0.20707777940890967
2016-12-12 00:00:00+00:00,0.2198836017694315
2016-12-13 00:00:00+00:00,0.0
2016-12-14 00:00:00+00:00,0.0
2016-12-15 00:00:00+00:00,0.0
2016-12-16 00:00:00+00:00,0.0
2016-12-19 00:00:00+00:00,0.0
2016-12-20 00:00:00+00:00,0.0
2016-12-21 00:00:00+00:00,0.0
2016-12-22 00:00:00+00:00,0.0
2016-12-23 00:00:00+00:00,0.0
2016-12-26 00:00:00+00:00,0.0
2016-12-27 00:00:00+00:00,0.0
2016-12-28 00:00:00+00:00,0.0
2016-12-29 00:00:00+00:00,0.0
2016-12-30 00:00:00+00:00,0.0
2017-01-03 00:00:00+00:00,0.0
2017-01-04 00:00:00+00:00,0.0
2017-01-05 00:00:00+00:00,0.0
2017-01-06 00:00:00+00:00,0.0
2017-01-09 00:00:00+00:00,0.0
2017-01-10 00:00:00+00:00,0.0
2017-01-11 00:00:00+00:00,0.0
2017-01-12 00:00:00+00:00,0.0
2017-01-13 00:00:00+00:00,0.0
2017-01-16 00:00:00+00:00,0.0
2017-01-17 00:00:00+00:00,0.04881942845687595
2017-01-18 00:00:00+00:00,0.04892085411340005
2017-01-19 00:00:00+00:00,0.04884545791040437
2017-01-20 00:00:00+00:00,0.04988252438556177
2017-01-23 00:00:00+00:00,0.05025607218542516
2017-01-24 00:00:00+00:00,0.0
2017-01-25 00:00:00+00:00,0.0
2017-01-26 00:00:00+00:00,0.0
2017-02-03 00:00:00+00:00,0.0
2017-02-06 00:00:00+00:00,0.0
2017-02-07 00:00:00+00:00,0.0
2017-02-08 00:00:00+00:00,0.0
2017-02-09 00:00:00+00:00,0.0
2017-02-10 00:00:00+00:00,0.0
2017-02-13 00:00:00+00:00,0.0
2017-02-14 00:00:00+00:00,0.0
2017-02-15 00:00:00+00:00,0.0
2017-02-16 00:00:00+00:00,0.0
2017-02-17 00:00:00+00:00,0.0
2017-02-20 00:00:00+00:00,0.0
2017-02-21 00:00:00+00:00,0.0
2017-02-22 00:00:00+00:00,0.07939808521968704
2017-02-23 00:00:00+00:00,0.1586455645275922
2017-02-24 00:00:00+00:00,0.15840656432409386
2017-02-27 00:00:00+00:00,0.15957488853514967
2017-02-28 00:00:00+00:00,0.1590401318175602
2017-03-01 00:00:00+00:00,0.1586423667255838
2017-03-02 00:00:00+00:00,0.15878656736598523
2017-03-03 00:00:00+00:00,0.15873095077320498
2017-03-06 00:00:00+00:00,0.15751560291830605
2017-03-07 00:00:00+00:00,0.23610041543352087
2017-03-08 00:00:00+00:00,0.2370044693010116
2017-03-09 00:00:00+00:00,0.24056076733887274
2017-03-10 00:00:00+00:00,0.23935859717762745
2017-03-13 00:00:00+00:00,0.2349652547729591
2017-03-14 00:00:00+00:00,0.23580824808354978
2017-03-15 00:00:00+00:00,0.23601969992709323
2017-03-16 00:00:00+00:00,0.2307183122593534
2017-03-17 00:00:00+00:00,0.31524161092953706
2017-03-20 00:00:00+00:00,0.31319613676218067
2017-03-21 00:00:00+00:00,0.3110745207428832
2017-03-22 00:00:00+00:00,0.31298619634406166
2017-03-23 00:00:00+00:00,0.31049088142220344
2017-03-24 00:00:00+00:00,0.30180013692784985
2017-03-27 00:00:00+00:00,0.30698893674718597
2017-03-28 00:00:00+00:00,0.30851125655812556
2017-03-29 00:00:00+00:00,0.31123423395769734
2017-03-30 00:00:00+00:00,0.3206577577184467
2017-03-31 00:00:00+00:00,0.31891860485445644
2017-04-05 00:00:00+00:00,0.3006472000999679
2017-04-06 00:00:00+00:00,0.3009251740870217
2017-04-07 00:00:00+00:00,0.2988225640852381
2017-04-10 00:00:00+00:00,0.29986558490235926
2017-04-11 00:00:00+00:00,0.29411611039150276
2017-04-12 00:00:00+00:00,0.29884035671357384
2017-04-13 00:00:00+00:00,0.29333734732187455
2017-04-14 00:00:00+00:00,0.30277475005213733
2017-04-17 00:00:00+00:00,0.3112808606364726
2017-04-18 00:00:00+00:00,0.31377382143654226
2017-04-19 00:00:00+00:00,0.323205711567562
2017-04-20 00:00:00+00:00,0.0
2017-04-21 00:00:00+00:00,0.0
2017-04-24 00:00:00+00:00,0.0
2017-04-25 00:00:00+00:00,0.0
2017-04-26 00:00:00+00:00,0.0
2017-04-27 00:00:00+00:00,0.0
2017-04-28 00:00:00+00:00,0.0
2017-05-02 00:00:00+00:00,0.0
2017-05-03 00:00:00+00:00,0.0
2017-05-04 00:00:00+00:00,0.0
2017-05-05 00:00:00+00:00,0.0
2017-05-08 00:00:00+00:00,0.0
2017-05-09 00:00:00+00:00,0.051064299561634385
2017-05-10 00:00:00+00:00,0.04928133731835723
2017-05-11 00:00:00+00:00,0.0982079746253479
2017-05-12 00:00:00+00:00,0.0982079746253479
2017-05-15 00:00:00+00:00,0.0997950077888255
2017-05-16 00:00:00+00:00,0.10466950031283376
2017-05-17 00:00:00+00:00,0.0
2017-05-18 00:00:00+00:00,0.0
2017-05-19 00:00:00+00:00,0.0
2017-05-22 00:00:00+00:00,0.0
2017-05-23 00:00:00+00:00,0.0
2017-05-24 00:00:00+00:00,0.0
2017-05-25 00:00:00+00:00,0.0
2017-05-26 00:00:00+00:00,0.0
2017-05-31 00:00:00+00:00,0.0
2017-06-01 00:00:00+00:00,0.0
2017-06-02 00:00:00+00:00,0.0
2017-06-05 00:00:00+00:00,0.0
2017-06-06 00:00:00+00:00,0.0
2017-06-07 00:00:00+00:00,0.0
2017-06-08 00:00:00+00:00,0.0
2017-06-09 00:00:00+00:00,0.0
2017-06-12 00:00:00+00:00,0.0
2017-06-13 00:00:00+00:00,0.0
2017-06-14 00:00:00+00:00,0.0
2017-06-15 00:00:00+00:00,0.0
2017-06-16 00:00:00+00:00,0.0
2017-06-19 00:00:00+00:00,0.0
2017-06-20 00:00:00+00:00,0.0
2017-06-21 00:00:00+00:00,0.0
2017-06-22 00:00:00+00:00,0.0
2017-06-23 00:00:00+00:00,0.0
2017-06-26 00:00:00+00:00,0.0
2017-06-27 00:00:00+00:00,0.0
2017-06-28 00:00:00+00:00,0.0
2017-06-29 00:00:00+00:00,0.0
2017-06-30 00:00:00+00:00,0.0
2017-07-03 00:00:00+00:00,0.0
2017-07-04 00:00:00+00:00,0.0
2017-07-05 00:00:00+00:00,0.0
2017-07-06 00:00:00+00:00,0.0
2017-07-07 00:00:00+00:00,0.0
2017-07-10 00:00:00+00:00,0.0
2017-07-11 00:00:00+00:00,0.0
2017-07-12 00:00:00+00:00,0.0
2017-07-13 00:00:00+00:00,0.0
2017-07-14 00:00:00+00:00,0.0
2017-07-17 00:00:00+00:00,0.0
2017-07-18 00:00:00+00:00,0.0
2017-07-19 00:00:00+00:00,0.0
2017-07-20 00:00:00+00:00,0.0
2017-07-21 00:00:00+00:00,0.0
2017-07-24 00:00:00+00:00,0.0
2017-07-25 00:00:00+00:00,0.0
2017-07-26 00:00:00+00:00,0.0
2017-07-27 00:00:00+00:00,0.0
2017-07-28 00:00:00+00:00,0.0
2017-07-31 00:00:00+00:00,0.055415374784728966
2017-08-01 00:00:00+00:00,0.11090871306788123
2017-08-02 00:00:00+00:00,0.11099571905016868
2017-08-03 00:00:00+00:00,0.11096273240831188
2017-08-04 00:00:00+00:00,0.1111554450546745
2017-08-07 00:00:00+00:00,0.11078301236902936
2017-08-08 00:00:00+00:00,0.11081306182690064
2017-08-09 00:00:00+00:00,0.11063977719325023
2017-08-10 00:00:00+00:00,0.16707830562235407
2017-08-11 00:00:00+00:00,0.1696669106931086
2017-08-14 00:00:00+00:00,0.16629437563031432
2017-08-15 00:00:00+00:00,0.16615423107903265
2017-08-16 00:00:00+00:00,0.1657894158556845
2017-08-17 00:00:00+00:00,0.16451225299356628
2017-08-18 00:00:00+00:00,0.220465322349467
2017-08-21 00:00:00+00:00,0.2169543890425354
2017-08-22 00:00:00+00:00,0.21804098308371406
2017-08-23 00:00:00+00:00,0.22053375743197168
2017-08-24 00:00:00+00:00,0.22239231901405862
2017-08-25 00:00:00+00:00,0.2184665610274011
2017-08-28 00:00:00+00:00,0.21422320463518452
2017-08-29 00:00:00+00:00,0.2155054792012994
2017-08-30 00:00:00+00:00,0.21351100669550657
2017-08-31 00:00:00+00:00,0.21215652096446747
2017-09-01 00:00:00+00:00,0.2094025022056466
2017-09-04 00:00:00+00:00,0.2085729893367294
2017-09-05 00:00:00+00:00,0.207728310309467
2017-09-06 00:00:00+00:00,0.20674675017431896
2017-09-07 00:00:00+00:00,0.20853914814656374
2017-09-08 00:00:00+00:00,0.20838372906336386
2017-09-11 00:00:00+00:00,0.2040841175523152
2017-09-12 00:00:00+00:00,0.20466752481819447
2017-09-13 00:00:00+00:00,0.20333333876343276
2017-09-14 00:00:00+00:00,0.20334158023255972
2017-09-15 00:00:00+00:00,0.20531668626028798
2017-09-18 00:00:00+00:00,0.20187732819231072
2017-09-19 00:00:00+00:00,0.20482383529649664
2017-09-20 00:00:00+00:00,0.20223980398722538
2017-09-21 00:00:00+00:00,0.205056984187155
2017-09-22 00:00:00+00:00,0.207548407844414
2017-09-25 00:00:00+00:00,0.2113968961445703
2017-09-26 00:00:00+00:00,0.20950328888790737
2017-09-27 00:00:00+00:00,0.2064261188547945
2017-09-28 00:00:00+00:00,0.20674675017431896
2017-09-29 00:00:00+00:00,0.20491698046882995
2017-10-09 00:00:00+00:00,0.2016629728804141
2017-10-10 00:00:00+00:00,0.20047028758633637
2017-10-11 00:00:00+00:00,0.20253149408024887
2017-10-12 00:00:00+00:00,0.20292689071098766
2017-10-13 00:00:00+00:00,0.20029057386826596
2017-10-16 00:00:00+00:00,0.20459163688511667
2017-10-17 00:00:00+00:00,0.20516753256351014
2017-10-18 00:00:00+00:00,0.20711757357823007
2017-10-19 00:00:00+00:00,0.2090010627340798
2017-10-20 00:00:00+00:00,0.20613322110087254
2017-10-23 00:00:00+00:00,0.204314245260449
2017-10-24 00:00:00+00:00,0.20491486184150223
2017-10-25 00:00:00+00:00,0.20340755551035092
2017-10-26 00:00:00+00:00,0.2025436810077785
2017-10-27 00:00:00+00:00,0.20334570142025687
2017-10-30 00:00:00+00:00,0.20866106762673606
2017-10-31 00:00:00+00:00,0.20703618453572414
2017-11-01 00:00:00+00:00,0.20812784755302147
2017-11-02 00:00:00+00:00,0.2098504780955555
2017-11-03 00:00:00+00:00,0.21327136427523927
2017-11-06 00:00:00+00:00,0.0
2017-11-07 00:00:00+00:00,0.0
2017-11-08 00:00:00+00:00,0.0
2017-11-09 00:00:00+00:00,0.0
2017-11-10 00:00:00+00:00,0.0
2017-11-13 00:00:00+00:00,0.0
2017-11-14 00:00:00+00:00,0.0
2017-11-15 00:00:00+00:00,0.0
2017-11-16 00:00:00+00:00,0.0
2017-11-17 00:00:00+00:00,0.0
2017-11-20 00:00:00+00:00,0.0
2017-11-21 00:00:00+00:00,0.0
2017-11-22 00:00:00+00:00,0.0
2017-11-23 00:00:00+00:00,0.0
2017-11-24 00:00:00+00:00,0.05265484258874132
2017-11-27 00:00:00+00:00,0.05152853522555156
2017-11-28 00:00:00+00:00,0.10713662547169185
2017-11-29 00:00:00+00:00,0.10750027132808325
2017-11-30 00:00:00+00:00,0.10505961390940916
2017-12-01 00:00:00+00:00,0.10769616407259479
2017-12-04 00:00:00+00:00,0.10617995291880986
2017-12-05 00:00:00+00:00,0.10174795719919155
2017-12-06 00:00:00+00:00,0.10284108940941968
2017-12-07 00:00:00+00:00,0.10135353011951882
2017-12-08 00:00:00+00:00,0.15733049429183116
2017-12-11 00:00:00+00:00,0.16341511720656354
2017-12-12 00:00:00+00:00,0.16062324004812864
2017-12-13 00:00:00+00:00,0.16361945709401773
2017-12-14 00:00:00+00:00,0.1643910625662296
2017-12-15 00:00:00+00:00,0.16150088634417922
2017-12-18 00:00:00+00:00,0.15864732625948755
2017-12-19 00:00:00+00:00,0.16323527288170314
2017-12-20 00:00:00+00:00,0.15843363036172178
2017-12-21 00:00:00+00:00,0.16278324634441982
2017-12-22 00:00:00+00:00,0.1638310438412414
2017-12-25 00:00:00+00:00,0.15865735156876684
2017-12-26 00:00:00+00:00,0.1622949428109524
2017-12-27 00:00:00+00:00,0.1582969092593325
2017-12-28 00:00:00+00:00,0.16143606014560913
2017-12-29 00:00:00+00:00,0.1662967600004354
2018-01-02 00:00:00+00:00,0.0
2018-01-03 00:00:00+00:00,0.0
2018-01-04 00:00:00+00:00,0.0
2018-01-05 00:00:00+00:00,0.0
2018-01-08 00:00:00+00:00,0.0
2018-01-09 00:00:00+00:00,0.0
2018-01-10 00:00:00+00:00,0.0
2018-01-11 00:00:00+00:00,0.0
2018-01-12 00:00:00+00:00,0.0
2018-01-15 00:00:00+00:00,0.0
2018-01-16 00:00:00+00:00,0.0
2018-01-17 00:00:00+00:00,0.0
2018-01-18 00:00:00+00:00,0.0
2018-01-19 00:00:00+00:00,0.0
2018-01-22 00:00:00+00:00,0.0
2018-01-23 00:00:00+00:00,0.0
2018-01-24 00:00:00+00:00,0.0
2018-01-25 00:00:00+00:00,0.0
2018-01-26 00:00:00+00:00,0.0
2018-01-29 00:00:00+00:00,0.0
2018-01-30 00:00:00+00:00,0.0
2018-01-31 00:00:00+00:00,0.0
2018-02-01 00:00:00+00:00,0.0
2018-02-02 00:00:00+00:00,0.0
2018-02-05 00:00:00+00:00,0.0
2018-02-06 00:00:00+00:00,0.0
2018-02-07 00:00:00+00:00,0.02514934938746358
2018-02-08 00:00:00+00:00,0.051336958525636085
2018-02-09 00:00:00+00:00,0.04833760171635463
2018-02-12 00:00:00+00:00,0.07575162882018474
2018-02-13 00:00:00+00:00,0.0768919742184531
2018-02-14 00:00:00+00:00,0.07735104502745374
2018-02-22 00:00:00+00:00,0.0800792985291549
2018-02-23 00:00:00+00:00,0.0
2018-02-26 00:00:00+00:00,0.0
2018-02-27 00:00:00+00:00,0.0
2018-02-28 00:00:00+00:00,0.0
2018-03-01 00:00:00+00:00,0.0
2018-03-02 00:00:00+00:00,0.0
2018-03-05 00:00:00+00:00,0.0
2018-03-06 00:00:00+00:00,0.0
2018-03-07 00:00:00+00:00,0.0
2018-03-08 00:00:00+00:00,0.0
2018-03-09 00:00:00+00:00,0.0
2018-03-12 00:00:00+00:00,0.0
2018-03-13 00:00:00+00:00,0.0
2018-03-14 00:00:00+00:00,0.0
2018-03-15 00:00:00+00:00,0.0
2018-03-16 00:00:00+00:00,0.0
2018-03-19 00:00:00+00:00,0.0
2018-03-20 00:00:00+00:00,0.0
2018-03-21 00:00:00+00:00,0.0
2018-03-22 00:00:00+00:00,0.0
2018-03-23 00:00:00+00:00,0.0
2018-03-26 00:00:00+00:00,0.0
2018-03-27 00:00:00+00:00,0.0
2018-03-28 00:00:00+00:00,0.0
2018-03-29 00:00:00+00:00,0.0
2018-03-30 00:00:00+00:00,0.0
2018-04-02 00:00:00+00:00,0.0
2018-04-03 00:00:00+00:00,0.0
2018-04-04 00:00:00+00:00,0.0
2018-04-09 00:00:00+00:00,0.0
2018-04-10 00:00:00+00:00,0.0
2018-04-11 00:00:00+00:00,0.0
2018-04-12 00:00:00+00:00,0.0
2018-04-13 00:00:00+00:00,0.0
2018-04-16 00:00:00+00:00,0.0
2018-04-17 00:00:00+00:00,0.0
2018-04-18 00:00:00+00:00,0.0
2018-04-19 00:00:00+00:00,0.0
2018-04-20 00:00:00+00:00,0.0
2018-04-23 00:00:00+00:00,0.0
2018-04-24 00:00:00+00:00,0.0
2018-04-25 00:00:00+00:00,0.0
2018-04-26 00:00:00+00:00,0.0
2018-04-27 00:00:00+00:00,0.0
2018-05-02 00:00:00+00:00,0.0
2018-05-03 00:00:00+00:00,0.0
2018-05-04 00:00:00+00:00,0.0
2018-05-07 00:00:00+00:00,0.0
2018-05-08 00:00:00+00:00,0.0
2018-05-09 00:00:00+00:00,0.0
2018-05-10 00:00:00+00:00,0.0
2018-05-11 00:00:00+00:00,0.0
2018-05-14 00:00:00+00:00,0.0
2018-05-15 00:00:00+00:00,0.0
2018-05-16 00:00:00+00:00,0.0
2018-05-17 00:00:00+00:00,0.0
2018-05-18 00:00:00+00:00,0.0
2018-05-21 00:00:00+00:00,0.0
2018-05-22 00:00:00+00:00,0.0
2018-05-23 00:00:00+00:00,0.0
2018-05-24 00:00:00+00:00,0.0
2018-05-25 00:00:00+00:00,0.0
2018-05-28 00:00:00+00:00,0.0
2018-05-29 00:00:00+00:00,0.0
2018-05-30 00:00:00+00:00,0.0
2018-05-31 00:00:00+00:00,0.0
2018-06-01 00:00:00+00:00,0.0
2018-06-04 00:00:00+00:00,0.0
2018-06-05 00:00:00+00:00,0.0
2018-06-06 00:00:00+00:00,0.0
2018-06-07 00:00:00+00:00,0.0
2018-06-08 00:00:00+00:00,0.0
2018-06-11 00:00:00+00:00,0.0
2018-06-12 00:00:00+00:00,0.0
2018-06-13 00:00:00+00:00,0.0
2018-06-14 00:00:00+00:00,0.0
2018-06-15 00:00:00+00:00,0.0
2018-06-19 00:00:00+00:00,0.046757704760731905
2018-06-20 00:00:00+00:00,0.07208925302583663
2018-06-21 00:00:00+00:00,0.06908428174140871
2018-06-22 00:00:00+00:00,0.07136691598155644
2018-06-25 00:00:00+00:00,0.06950553600791785
2018-06-26 00:00:00+00:00,0.0710049470440211
2018-06-27 00:00:00+00:00,0.06888241024959948
2018-06-28 00:00:00+00:00,0.06902114827476667
2018-06-29 00:00:00+00:00,0.07309410506052345
2018-07-02 00:00:00+00:00,0.07111878874613017
2018-07-03 00:00:00+00:00,0.07213080397672972
2018-07-04 00:00:00+00:00,0.07078587995805019
2018-07-05 00:00:00+00:00,0.06709807094852815
2018-07-06 00:00:00+00:00,0.09030107339216667
2018-07-09 00:00:00+00:00,0.09504246277664158
2018-07-10 00:00:00+00:00,0.09598280911692457
2018-07-11 00:00:00+00:00,0.09233261452392058
2018-07-12 00:00:00+00:00,0.09822290282961504
2018-07-13 00:00:00+00:00,0.09867527521641156
2018-07-16 00:00:00+00:00,0.09896870394370502
2018-07-17 00:00:00+00:00,0.09843781201265385
2018-07-18 00:00:00+00:00,0.09729306357883079
2018-07-19 00:00:00+00:00,0.095769319086854
2018-07-20 00:00:00+00:00,0.09889111472265824
2018-07-23 00:00:00+00:00,0.10056638535316785
2018-07-24 00:00:00+00:00,0.0
2018-07-25 00:00:00+00:00,0.0
2018-07-26 00:00:00+00:00,0.0
2018-07-27 00:00:00+00:00,0.0
2018-07-30 00:00:00+00:00,0.0
2018-07-31 00:00:00+00:00,0.0
2018-08-01 00:00:00+00:00,0.0
2018-08-02 00:00:00+00:00,0.0
2018-08-03 00:00:00+00:00,0.0
2018-08-06 00:00:00+00:00,0.0
2018-08-07 00:00:00+00:00,0.0
2018-08-08 00:00:00+00:00,0.0
2018-08-09 00:00:00+00:00,0.0
2018-08-10 00:00:00+00:00,0.0
2018-08-13 00:00:00+00:00,0.0
2018-08-14 00:00:00+00:00,0.0
2018-08-15 00:00:00+00:00,0.0
2018-08-16 00:00:00+00:00,0.0
2018-08-17 00:00:00+00:00,0.0
2018-08-20 00:00:00+00:00,0.0
2018-08-21 00:00:00+00:00,0.0
2018-08-22 00:00:00+00:00,0.0
2018-08-23 00:00:00+00:00,0.0
2018-08-24 00:00:00+00:00,0.0
2018-08-27 00:00:00+00:00,0.0
2018-08-28 00:00:00+00:00,0.0
2018-08-29 00:00:00+00:00,0.0
2018-08-30 00:00:00+00:00,0.0
2018-08-31 00:00:00+00:00,0.0
2018-09-03 00:00:00+00:00,0.0
2018-09-04 00:00:00+00:00,0.0
2018-09-05 00:00:00+00:00,0.0
2018-09-06 00:00:00+00:00,0.0
2018-09-07 00:00:00+00:00,0.0
2018-09-10 00:00:00+00:00,0.0
2018-09-11 00:00:00+00:00,0.02296110199810614
2018-09-12 00:00:00+00:00,0.02284654495040588
2018-09-13 00:00:00+00:00,0.02310032145524593
2018-09-14 00:00:00+00:00,0.02272535769844172
2018-09-17 00:00:00+00:00,0.022422460446368614
2018-09-18 00:00:00+00:00,0.04592847487038839
2018-09-19 00:00:00+00:00,0.046695177544843695
2018-09-20 00:00:00+00:00,0.047064297928129696
2018-09-21 00:00:00+00:00,0.04869074274242667
2018-09-25 00:00:00+00:00,0.0
2018-09-26 00:00:00+00:00,0.0
2018-09-27 00:00:00+00:00,0.0
2018-09-28 00:00:00+00:00,0.0
2018-10-08 00:00:00+00:00,0.0
2018-10-09 00:00:00+00:00,0.0
2018-10-10 00:00:00+00:00,0.0
2018-10-11 00:00:00+00:00,0.0
2018-10-12 00:00:00+00:00,0.02146496490507451
2018-10-15 00:00:00+00:00,0.020934141006550257
2018-10-16 00:00:00+00:00,0.04075355779943597
2018-10-17 00:00:00+00:00,0.06138933337039307
2018-10-18 00:00:00+00:00,0.059070909223516696
2018-10-19 00:00:00+00:00,0.08216007052192938
2018-10-22 00:00:00+00:00,0.09100739864453175
2018-10-23 00:00:00+00:00,0.0
2018-10-24 00:00:00+00:00,0.0
2018-10-25 00:00:00+00:00,0.0
2018-10-26 00:00:00+00:00,0.0
2018-10-29 00:00:00+00:00,0.0
2018-10-30 00:00:00+00:00,0.0
2018-10-31 00:00:00+00:00,0.0
2018-11-01 00:00:00+00:00,0.0
2018-11-02 00:00:00+00:00,0.0
2018-11-05 00:00:00+00:00,0.0
2018-11-06 00:00:00+00:00,0.0
2018-11-07 00:00:00+00:00,0.0
2018-11-08 00:00:00+00:00,0.0
2018-11-09 00:00:00+00:00,0.0
2018-11-12 00:00:00+00:00,0.0
2018-11-13 00:00:00+00:00,0.0
2018-11-14 00:00:00+00:00,0.0
2018-11-15 00:00:00+00:00,0.0
2018-11-16 00:00:00+00:00,0.0
2018-11-19 00:00:00+00:00,0.0
2018-11-20 00:00:00+00:00,0.0
2018-11-21 00:00:00+00:00,0.0
2018-11-22 00:00:00+00:00,0.0
2018-11-23 00:00:00+00:00,0.0
2018-11-26 00:00:00+00:00,0.0
2018-11-27 00:00:00+00:00,0.0
2018-11-28 00:00:00+00:00,0.0
2018-11-29 00:00:00+00:00,0.0
2018-11-30 00:00:00+00:00,0.0
2018-12-03 00:00:00+00:00,0.0
2018-12-04 00:00:00+00:00,0.0
2018-12-05 00:00:00+00:00,0.0
2018-12-06 00:00:00+00:00,0.0
2018-12-07 00:00:00+00:00,0.0
2018-12-10 00:00:00+00:00,0.0
2018-12-11 00:00:00+00:00,0.0
2018-12-12 00:00:00+00:00,0.0
2018-12-13 00:00:00+00:00,0.0
2018-12-14 00:00:00+00:00,0.0
2018-12-17 00:00:00+00:00,0.0
2018-12-18 00:00:00+00:00,0.0
2018-12-19 00:00:00+00:00,0.0
2018-12-20 00:00:00+00:00,0.0
2018-12-21 00:00:00+00:00,0.0
2018-12-24 00:00:00+00:00,0.0
2018-12-25 00:00:00+00:00,0.0
2018-12-26 00:00:00+00:00,0.0
2018-12-27 00:00:00+00:00,0.0
2018-12-28 00:00:00+00:00,0.0
2019-01-02 00:00:00+00:00,0.0
2019-01-03 00:00:00+00:00,0.0
2019-01-04 00:00:00+00:00,0.0
2019-01-07 00:00:00+00:00,0.0
2019-01-08 00:00:00+00:00,0.0
2019-01-09 00:00:00+00:00,0.0
2019-01-10 00:00:00+00:00,0.0
2019-01-11 00:00:00+00:00,0.0
2019-01-14 00:00:00+00:00,0.0
2019-01-15 00:00:00+00:00,0.0
2019-01-16 00:00:00+00:00,0.0
2019-01-17 00:00:00+00:00,0.0
2019-01-18 00:00:00+00:00,0.0
2019-01-21 00:00:00+00:00,0.0
2019-01-22 00:00:00+00:00,0.0
2019-01-23 00:00:00+00:00,0.0
2019-01-24 00:00:00+00:00,0.0
2019-01-25 00:00:00+00:00,0.0
2019-01-28 00:00:00+00:00,0.0
2019-01-29 00:00:00+00:00,0.0
2019-01-30 00:00:00+00:00,0.0
2019-01-31 00:00:00+00:00,0.0
2019-02-01 00:00:00+00:00,0.0
2019-02-11 00:00:00+00:00,0.0
2019-02-12 00:00:00+00:00,0.0
2019-02-13 00:00:00+00:00,0.0
2019-02-14 00:00:00+00:00,0.0
2019-02-15 00:00:00+00:00,0.0
2019-02-18 00:00:00+00:00,0.0
2019-02-19 00:00:00+00:00,0.05042917501525497
2019-02-20 00:00:00+00:00,0.050395391827208945
2019-02-21 00:00:00+00:00,0.05044346896645997
2019-02-22 00:00:00+00:00,0.05111971700039515
2019-02-25 00:00:00+00:00,0.0777240772501482
2019-02-26 00:00:00+00:00,0.10366991243037628
2019-02-27 00:00:00+00:00,0.10380281890168136
2019-02-28 00:00:00+00:00,0.10375263810396428
2019-03-01 00:00:00+00:00,0.10361826256958145
2019-03-04 00:00:00+00:00,0.10344066726997972
2019-03-05 00:00:00+00:00,0.10302679240687371
2019-03-06 00:00:00+00:00,0.12790800392035473
2019-03-07 00:00:00+00:00,0.12750362667869053
2019-03-08 00:00:00+00:00,0.12893437899056762
2019-03-11 00:00:00+00:00,0.1274431826362985
2019-03-12 00:00:00+00:00,0.12655032917741815
2019-03-13 00:00:00+00:00,0.12787334080473323
2019-03-14 00:00:00+00:00,0.12900383833185364
2019-03-15 00:00:00+00:00,0.12846241032021963
2019-03-18 00:00:00+00:00,0.12672345835596024
2019-03-19 00:00:00+00:00,0.12696405315960652
2019-03-20 00:00:00+00:00,0.12712415722876994
2019-03-21 00:00:00+00:00,0.12647521870643866
2019-03-22 00:00:00+00:00,0.125862512766771
2019-03-25 00:00:00+00:00,0.1266800185680757
2019-03-26 00:00:00+00:00,0.128191951174702
2019-03-27 00:00:00+00:00,0.1278649190545463
2019-03-28 00:00:00+00:00,0.12858258165586653
2019-03-29 00:00:00+00:00,0.1265377162800467
2019-04-01 00:00:00+00:00,0.12457675721291366
2019-04-02 00:00:00+00:00,0.12473276951945522
2019-04-03 00:00:00+00:00,0.12408327893618133
2019-04-04 00:00:00+00:00,0.1236689902831204
2019-04-08 00:00:00+00:00,0.12430067766189402
2019-04-09 00:00:00+00:00,0.12401969913312173
2019-04-10 00:00:00+00:00,0.12415959481609558
2019-04-11 00:00:00+00:00,0.124938950069006
2019-04-12 00:00:00+00:00,0.1251031500260598
2019-04-15 00:00:00+00:00,0.12588177210998147
2019-04-16 00:00:00+00:00,0.12463119754432685
2019-04-17 00:00:00+00:00,0.12452558850834206
2019-04-18 00:00:00+00:00,0.1247892884946803
2019-04-19 00:00:00+00:00,0.12428540901724952
2019-04-22 00:00:00+00:00,0.12508473848013174
2019-04-23 00:00:00+00:00,0.1261455670308096
2019-04-24 00:00:00+00:00,0.12550385276260465
2019-04-25 00:00:00+00:00,0.12743815464457223
2019-04-26 00:00:00+00:00,0.12778184344944937
2019-04-29 00:00:00+00:00,0.12893933197091245
2019-04-30 00:00:00+00:00,0.0
2019-05-06 00:00:00+00:00,0.0
2019-05-07 00:00:00+00:00,0.0
2019-05-08 00:00:00+00:00,0.0
2019-05-09 00:00:00+00:00,0.0
2019-05-10 00:00:00+00:00,0.0
2019-05-13 00:00:00+00:00,0.0
2019-05-14 00:00:00+00:00,0.0
2019-05-15 00:00:00+00:00,0.0
2019-05-16 00:00:00+00:00,0.0
2019-05-17 00:00:00+00:00,0.0
2019-05-20 00:00:00+00:00,0.0
2019-05-21 00:00:00+00:00,0.0
2019-05-22 00:00:00+00:00,0.0
2019-05-23 00:00:00+00:00,0.0
2019-05-24 00:00:00+00:00,0.0
2019-05-27 00:00:00+00:00,0.0
2019-05-28 00:00:00+00:00,0.0
2019-05-29 00:00:00+00:00,0.0
2019-05-30 00:00:00+00:00,0.0
2019-05-31 00:00:00+00:00,0.0
2019-06-03 00:00:00+00:00,0.0
2019-06-04 00:00:00+00:00,0.0
2019-06-05 00:00:00+00:00,0.0
2019-06-06 00:00:00+00:00,0.0
2019-06-10 00:00:00+00:00,0.023488921256336805
2019-06-11 00:00:00+00:00,0.024837530592695934
2019-06-12 00:00:00+00:00,0.02446349840375001
2019-06-13 00:00:00+00:00,0.02460130826594664
2019-06-14 00:00:00+00:00,0.024171726183548313
2019-06-17 00:00:00+00:00,0.024317455142665343
2019-06-18 00:00:00+00:00,0.024305127875481575
2019-06-19 00:00:00+00:00,0.024703078394814424
2019-06-20 00:00:00+00:00,0.02532287685994273
2019-06-21 00:00:00+00:00,0.0
2019-06-24 00:00:00+00:00,0.0
2019-06-25 00:00:00+00:00,0.0
2019-06-26 00:00:00+00:00,0.0
2019-06-27 00:00:00+00:00,0.0
2019-06-28 00:00:00+00:00,0.0
2019-07-01 00:00:00+00:00,0.0
2019-07-02 00:00:00+00:00,0.0
2019-07-03 00:00:00+00:00,0.0
2019-07-04 00:00:00+00:00,0.0
2019-07-05 00:00:00+00:00,0.0
2019-07-08 00:00:00+00:00,0.0
2019-07-09 00:00:00+00:00,0.0
2019-07-10 00:00:00+00:00,0.0
2019-07-11 00:00:00+00:00,0.0
2019-07-12 00:00:00+00:00,0.0
2019-07-15 00:00:00+00:00,0.0
2019-07-16 00:00:00+00:00,0.0
2019-07-17 00:00:00+00:00,0.0
2019-07-18 00:00:00+00:00,0.0
2019-07-19 00:00:00+00:00,0.0
2019-07-22 00:00:00+00:00,0.0
2019-07-23 00:00:00+00:00,0.0
2019-07-24 00:00:00+00:00,0.0
2019-07-25 00:00:00+00:00,0.0
2019-07-26 00:00:00+00:00,0.0
2019-07-29 00:00:00+00:00,0.0
2019-07-30 00:00:00+00:00,0.0
2019-07-31 00:00:00+00:00,0.0
2019-08-01 00:00:00+00:00,0.0
2019-08-02 00:00:00+00:00,0.0
2019-08-05 00:00:00+00:00,0.0
2019-08-06 00:00:00+00:00,0.0
2019-08-07 00:00:00+00:00,0.0
2019-08-08 00:00:00+00:00,0.0
2019-08-09 00:00:00+00:00,0.0
2019-08-12 00:00:00+00:00,0.0
2019-08-13 00:00:00+00:00,0.0
2019-08-14 00:00:00+00:00,0.0
2019-08-15 00:00:00+00:00,0.0
2019-08-16 00:00:00+00:00,0.0
2019-08-19 00:00:00+00:00,0.0
2019-08-20 00:00:00+00:00,0.0
2019-08-21 00:00:00+00:00,0.0
2019-08-22 00:00:00+00:00,0.0
2019-08-23 00:00:00+00:00,0.0
2019-08-26 00:00:00+00:00,0.0
2019-08-27 00:00:00+00:00,0.0
2019-08-28 00:00:00+00:00,0.0
2019-08-29 00:00:00+00:00,0.0
2019-08-30 00:00:00+00:00,0.0
2019-09-02 00:00:00+00:00,0.0
2019-09-03 00:00:00+00:00,0.05336983952099081
2019-09-04 00:00:00+00:00,0.053779305137562024
2019-09-05 00:00:00+00:00,0.10785132363653263
2019-09-06 00:00:00+00:00,0.1077514711140492
2019-09-09 00:00:00+00:00,0.10738303939837558
2019-09-10 00:00:00+00:00,0.1612720142618019
2019-09-11 00:00:00+00:00,0.16171309034057876
2019-09-12 00:00:00+00:00,0.1611816298784534
2019-09-16 00:00:00+00:00,0.16124803431677825
2019-09-17 00:00:00+00:00,0.163903047139858
2019-09-18 00:00:00+00:00,0.16388193139300622
2019-09-19 00:00:00+00:00,0.16273681192481704
2019-09-20 00:00:00+00:00,0.16281415942667826
2019-09-23 00:00:00+00:00,0.16301512866715961
2019-09-24 00:00:00+00:00,0.16332331693805452
2019-09-25 00:00:00+00:00,0.1654011441764266
2019-09-26 00:00:00+00:00,0.0
2019-09-27 00:00:00+00:00,0.0
2019-09-30 00:00:00+00:00,0.0
2019-10-08 00:00:00+00:00,0.0
2019-10-09 00:00:00+00:00,0.0
2019-10-10 00:00:00+00:00,0.0
2019-10-11 00:00:00+00:00,0.0
2019-10-14 00:00:00+00:00,0.0
2019-10-15 00:00:00+00:00,0.0
2019-10-16 00:00:00+00:00,0.0
2019-10-17 00:00:00+00:00,0.0
2019-10-18 00:00:00+00:00,0.0
2019-10-21 00:00:00+00:00,0.0
2019-10-22 00:00:00+00:00,0.0
2019-10-23 00:00:00+00:00,0.0
2019-10-24 00:00:00+00:00,0.0
2019-10-25 00:00:00+00:00,0.0
2019-10-28 00:00:00+00:00,0.0
2019-10-29 00:00:00+00:00,0.0
2019-10-30 00:00:00+00:00,0.0
2019-10-31 00:00:00+00:00,0.0
2019-11-01 00:00:00+00:00,0.0
2019-11-04 00:00:00+00:00,0.0
2019-11-05 00:00:00+00:00,0.0
2019-11-06 00:00:00+00:00,0.0
2019-11-07 00:00:00+00:00,0.0
2019-11-08 00:00:00+00:00,0.0
2019-11-11 00:00:00+00:00,0.0
2019-11-12 00:00:00+00:00,0.0
2019-11-13 00:00:00+00:00,0.0
2019-11-14 00:00:00+00:00,0.0
2019-11-15 00:00:00+00:00,0.0
2019-11-18 00:00:00+00:00,0.0
2019-11-19 00:00:00+00:00,0.0
2019-11-20 00:00:00+00:00,0.0
2019-11-21 00:00:00+00:00,0.0
2019-11-22 00:00:00+00:00,0.0
2019-11-25 00:00:00+00:00,0.0
2019-11-26 00:00:00+00:00,0.0
2019-11-27 00:00:00+00:00,0.0
2019-11-28 00:00:00+00:00,0.0
2019-11-29 00:00:00+00:00,0.0
2019-12-02 00:00:00+00:00,0.0
2019-12-03 00:00:00+00:00,0.0
2019-12-04 00:00:00+00:00,0.0
2019-12-05 00:00:00+00:00,0.0
2019-12-06 00:00:00+00:00,0.0
2019-12-09 00:00:00+00:00,0.0
2019-12-10 00:00:00+00:00,0.0
2019-12-11 00:00:00+00:00,0.0
2019-12-12 00:00:00+00:00,0.0
2019-12-13 00:00:00+00:00,0.0
2019-12-16 00:00:00+00:00,0.0
2019-12-17 00:00:00+00:00,0.0573650991235744
2019-12-18 00:00:00+00:00,0.11466872077603954
2019-12-19 00:00:00+00:00,0.11461675182834559
2019-12-20 00:00:00+00:00,0.11488331329587172
2019-12-23 00:00:00+00:00,0.11566715700409648
2019-12-24 00:00:00+00:00,0.0
2019-12-25 00:00:00+00:00,0.0
2019-12-26 00:00:00+00:00,0.0
2019-12-27 00:00:00+00:00,0.0
2019-12-30 00:00:00+00:00,0.0
2019-12-31 00:00:00+00:00,0.0
2020-01-02 00:00:00+00:00,0.0
2020-01-03 00:00:00+00:00,0.06080509192866163
2020-01-06 00:00:00+00:00,0.061009667343733226
2020-01-07 00:00:00+00:00,0.12165511742370874
2020-01-08 00:00:00+00:00,0.18432056545239212
2020-01-09 00:00:00+00:00,0.18212876479012965
2020-01-10 00:00:00+00:00,0.18313724728945188
2020-01-13 00:00:00+00:00,0.17975917929101898
2020-01-14 00:00:00+00:00,0.24267416592281646
2020-01-15 00:00:00+00:00,0.2435151860526554
2020-01-16 00:00:00+00:00,0.24214673031013859
2020-01-17 00:00:00+00:00,0.2448044177717435
2020-01-20 00:00:00+00:00,0.23808637219120063
2020-01-21 00:00:00+00:00,0.24430547638264394
2020-01-22 00:00:00+00:00,0.23966397777662002
2020-01-23 00:00:00+00:00,0.259025403468532
2020-02-03 00:00:00+00:00,0.0
2020-02-04 00:00:00+00:00,0.0
2020-02-05 00:00:00+00:00,0.0
2020-02-06 00:00:00+00:00,0.0
2020-02-07 00:00:00+00:00,0.0
2020-02-10 00:00:00+00:00,0.0
2020-02-11 00:00:00+00:00,0.0
2020-02-12 00:00:00+00:00,0.0
2020-02-13 00:00:00+00:00,0.0
2020-02-14 00:00:00+00:00,0.0
2020-02-17 00:00:00+00:00,0.0
2020-02-18 00:00:00+00:00,0.0
2020-02-19 00:00:00+00:00,0.0
2020-02-20 00:00:00+00:00,0.0
2020-02-21 00:00:00+00:00,0.0
2020-02-24 00:00:00+00:00,0.0
2020-02-25 00:00:00+00:00,0.0
2020-02-26 00:00:00+00:00,0.0
2020-02-27 00:00:00+00:00,0.0
2020-02-28 00:00:00+00:00,0.0
2020-03-02 00:00:00+00:00,0.0
2020-03-03 00:00:00+00:00,0.0
2020-03-04 00:00:00+00:00,0.0
2020-03-05 00:00:00+00:00,0.0
2020-03-06 00:00:00+00:00,0.0
2020-03-09 00:00:00+00:00,0.0
2020-03-10 00:00:00+00:00,0.0
2020-03-11 00:00:00+00:00,0.0
2020-03-12 00:00:00+00:00,0.0
2020-03-13 00:00:00+00:00,0.0
2020-03-16 00:00:00+00:00,0.0
2020-03-17 00:00:00+00:00,0.0
2020-03-18 00:00:00+00:00,0.0
2020-03-19 00:00:00+00:00,0.0
2020-03-20 00:00:00+00:00,0.0
2020-03-23 00:00:00+00:00,0.0
2020-03-24 00:00:00+00:00,0.0
2020-03-25 00:00:00+00:00,0.0
2020-03-26 00:00:00+00:00,0.0
2020-03-27 00:00:00+00:00,0.0
2020-03-30 00:00:00+00:00,0.0
2020-03-31 00:00:00+00:00,0.0
2020-04-01 00:00:00+00:00,0.0
2020-04-02 00:00:00+00:00,0.0
2020-04-03 00:00:00+00:00,0.0
2020-04-07 00:00:00+00:00,0.0
2020-04-08 00:00:00+00:00,0.0
2020-04-09 00:00:00+00:00,0.0
2020-04-10 00:00:00+00:00,0.0
2020-04-13 00:00:00+00:00,0.0
2020-04-14 00:00:00+00:00,0.0
2020-04-15 00:00:00+00:00,0.0
2020-04-16 00:00:00+00:00,0.0
2020-04-17 00:00:00+00:00,0.0
2020-04-20 00:00:00+00:00,0.0
2020-04-21 00:00:00+00:00,0.0
2020-04-22 00:00:00+00:00,0.0
2020-04-23 00:00:00+00:00,0.0
2020-04-24 00:00:00+00:00,0.0
2020-04-27 00:00:00+00:00,0.0
2020-04-28 00:00:00+00:00,0.0
2020-04-29 00:00:00+00:00,0.0
2020-04-30 00:00:00+00:00,0.0
2020-05-06 00:00:00+00:00,0.0
2020-05-07 00:00:00+00:00,0.0
2020-05-08 00:00:00+00:00,0.0
2020-05-11 00:00:00+00:00,0.0
2020-05-12 00:00:00+00:00,0.0
2020-05-13 00:00:00+00:00,0.0
2020-05-14 00:00:00+00:00,0.0
2020-05-15 00:00:00+00:00,0.0
2020-05-18 00:00:00+00:00,0.0
2020-05-19 00:00:00+00:00,0.0
2020-05-20 00:00:00+00:00,0.0
2020-05-21 00:00:00+00:00,0.0
2020-05-22 00:00:00+00:00,0.0
2020-05-25 00:00:00+00:00,0.0
2020-05-26 00:00:00+00:00,0.0
2020-05-27 00:00:00+00:00,0.0
2020-05-28 00:00:00+00:00,0.0
2020-05-29 00:00:00+00:00,0.0
2020-06-01 00:00:00+00:00,0.0
2020-06-02 00:00:00+00:00,0.047124213708856486
2020-06-03 00:00:00+00:00,0.047078799111762985
2020-06-04 00:00:00+00:00,0.04710116612657496
2020-06-05 00:00:00+00:00,0.047197943481559486
2020-06-08 00:00:00+00:00,0.04712087243344362
2020-06-09 00:00:00+00:00,0.047272473314453535
2020-06-10 00:00:00+00:00,0.047289582730283476
2020-06-11 00:00:00+00:00,0.047261816796953564
2020-06-12 00:00:00+00:00,0.04734988228511383
2020-06-15 00:00:00+00:00,0.04726338939733039
2020-06-16 00:00:00+00:00,0.047755231664525506
2020-06-17 00:00:00+00:00,0.09550767603818511
2020-06-18 00:00:00+00:00,0.09547597763770443
2020-06-19 00:00:00+00:00,0.1423627428929345
2020-06-22 00:00:00+00:00,0.19017362958034253
2020-06-23 00:00:00+00:00,0.1892442316661573
2020-06-24 00:00:00+00:00,0.1889951329775322
2020-06-29 00:00:00+00:00,0.19020276469342373
2020-06-30 00:00:00+00:00,0.18697072400473982
2020-07-01 00:00:00+00:00,0.18606061567209925
2020-07-02 00:00:00+00:00,0.18206626917881102
2020-07-03 00:00:00+00:00,0.1796609300254227
2020-07-06 00:00:00+00:00,0.17244129591769483
2020-07-07 00:00:00+00:00,0.17017108850284918
2020-07-08 00:00:00+00:00,0.16758325541094174
2020-07-09 00:00:00+00:00,0.1636367560806234
2020-07-10 00:00:00+00:00,0.16399731892105818
2020-07-13 00:00:00+00:00,0.16009077529461227
2020-07-14 00:00:00+00:00,0.16204469274189448
2020-07-15 00:00:00+00:00,0.16508194689677483
2020-07-16 00:00:00+00:00,0.17261125877165182
2020-07-17 00:00:00+00:00,0.17174811856697111
2020-07-20 00:00:00+00:00,0.16837985774009287
2020-07-21 00:00:00+00:00,0.1673825634652326
2020-07-22 00:00:00+00:00,0.16636364477765675
2020-07-23 00:00:00+00:00,0.16617456615230872
2020-07-24 00:00:00+00:00,0.17417018600762174
2020-07-27 00:00:00+00:00,0.17407753576738766
2020-07-28 00:00:00+00:00,0.1729533192173986
2020-07-29 00:00:00+00:00,0.16716663099199036
2020-07-30 00:00:00+00:00,0.1682242374186214
2020-07-31 00:00:00+00:00,0.16685308383876093
2020-08-03 00:00:00+00:00,0.16372656286358742
2020-08-04 00:00:00+00:00,0.16440178711324105
2020-08-05 00:00:00+00:00,0.16344061356547315
2020-08-06 00:00:00+00:00,0.16323087588850294
2020-08-07 00:00:00+00:00,0.16464713152006313
2020-08-10 00:00:00+00:00,0.16382568956260726
2020-08-11 00:00:00+00:00,0.16674556113335692
2020-08-12 00:00:00+00:00,0.16834439209675153
2020-08-13 00:00:00+00:00,0.16772712177708302
2020-08-14 00:00:00+00:00,0.1644817026752875
2020-08-17 00:00:00+00:00,0.16286009369906715
2020-08-18 00:00:00+00:00,0.16222068737785494
2020-08-19 00:00:00+00:00,0.16477338979186923
2020-08-20 00:00:00+00:00,0.16550200541780327
2020-08-21 00:00:00+00:00,0.16495463248056924
2020-08-24 00:00:00+00:00,0.16452046111682292
2020-08-25 00:00:00+00:00,0.16492564208941538
2020-08-26 00:00:00+00:00,0.1667742040736732
2020-08-27 00:00:00+00:00,0.16521914875160548
2020-08-28 00:00:00+00:00,0.16222068737785492
2020-08-31 00:00:00+00:00,0.16358412863584676
2020-09-01 00:00:00+00:00,0.162312580918863
2020-09-02 00:00:00+00:00,0.16301264035744267
2020-09-03 00:00:00+00:00,0.16346517588004814
2020-09-04 00:00:00+00:00,0.16380666937751273
2020-09-07 00:00:00+00:00,0.167099740623652
2020-09-08 00:00:00+00:00,0.16560255622770892
2020-09-09 00:00:00+00:00,0.1692294339530711
2020-09-10 00:00:00+00:00,0.17170239328903858
2020-09-11 00:00:00+00:00,0.0
2020-09-14 00:00:00+00:00,0.0
2020-09-15 00:00:00+00:00,0.0
2020-09-16 00:00:00+00:00,0.0
2020-09-17 00:00:00+00:00,0.0
2020-09-18 00:00:00+00:00,0.0
2020-09-21 00:00:00+00:00,0.0
2020-09-22 00:00:00+00:00,0.0
2020-09-23 00:00:00+00:00,0.0
2020-09-24 00:00:00+00:00,0.0
2020-09-25 00:00:00+00:00,0.0
2020-09-28 00:00:00+00:00,0.0
2020-09-29 00:00:00+00:00,0.0
2020-09-30 00:00:00+00:00,0.0
2020-10-09 00:00:00+00:00,0.0
2020-10-12 00:00:00+00:00,0.0
2020-10-13 00:00:00+00:00,0.0
2020-10-14 00:00:00+00:00,0.0
2020-10-15 00:00:00+00:00,0.0
2020-10-16 00:00:00+00:00,0.0
2020-10-19 00:00:00+00:00,0.0
2020-10-20 00:00:00+00:00,0.0
2020-10-21 00:00:00+00:00,0.0
2020-10-22 00:00:00+00:00,0.0
2020-10-23 00:00:00+00:00,0.0
2020-10-26 00:00:00+00:00,0.0
2020-10-27 00:00:00+00:00,0.0
2020-10-28 00:00:00+00:00,0.0
2020-10-29 00:00:00+00:00,0.0
2020-10-30 00:00:00+00:00,0.0
2020-11-02 00:00:00+00:00,0.0
2020-11-03 00:00:00+00:00,0.0
2020-11-04 00:00:00+00:00,0.0
2020-11-05 00:00:00+00:00,0.0
2020-11-06 00:00:00+00:00,0.0
2020-11-09 00:00:00+00:00,0.0
2020-11-10 00:00:00+00:00,0.0
2020-11-11 00:00:00+00:00,0.0
2020-11-12 00:00:00+00:00,0.0
2020-11-13 00:00:00+00:00,0.0
2020-11-16 00:00:00+00:00,0.0
2020-11-17 00:00:00+00:00,0.0
2020-11-18 00:00:00+00:00,0.0
2020-11-19 00:00:00+00:00,0.0
2020-11-20 00:00:00+00:00,0.0
2020-11-23 00:00:00+00:00,0.0
2020-11-24 00:00:00+00:00,0.0
2020-11-25 00:00:00+00:00,0.0
2020-11-26 00:00:00+00:00,0.0
2020-11-27 00:00:00+00:00,0.0
2020-11-30 00:00:00+00:00,0.0
2020-12-01 00:00:00+00:00,0.0
2020-12-02 00:00:00+00:00,0.0
2020-12-03 00:00:00+00:00,0.0
2020-12-04 00:00:00+00:00,0.0
2020-12-07 00:00:00+00:00,0.0
2020-12-08 00:00:00+00:00,0.0
2020-12-09 00:00:00+00:00,0.0
2020-12-10 00:00:00+00:00,0.0
2020-12-11 00:00:00+00:00,0.0
2020-12-14 00:00:00+00:00,0.0
2020-12-15 00:00:00+00:00,0.0
2020-12-16 00:00:00+00:00,0.0
2020-12-17 00:00:00+00:00,0.0
2020-12-18 00:00:00+00:00,0.0
2020-12-21 00:00:00+00:00,0.0
2020-12-22 00:00:00+00:00,0.0
2020-12-23 00:00:00+00:00,0.0
2020-12-24 00:00:00+00:00,0.0
2020-12-25 00:00:00+00:00,0.0
2020-12-28 00:00:00+00:00,0.0
2020-12-29 00:00:00+00:00,0.0
2020-12-30 00:00:00+00:00,0.0
2020-12-31 00:00:00+00:00,0.0
2021-01-04 00:00:00+00:00,0.0
2021-01-05 00:00:00+00:00,0.04758090409139037
2021-01-06 00:00:00+00:00,0.047610347632530976
2021-01-07 00:00:00+00:00,0.047753262277787194
2021-01-08 00:00:00+00:00,0.09548461573540655
2021-01-11 00:00:00+00:00,0.09556204245823327
2021-01-12 00:00:00+00:00,0.0955185436974647
2021-01-13 00:00:00+00:00,0.09553531185850436
2021-01-14 00:00:00+00:00,0.095550680838371
2021-01-15 00:00:00+00:00,0.0955807601529793
2021-01-18 00:00:00+00:00,0.09551716163483617
2021-01-19 00:00:00+00:00,0.09553578596792896
2021-01-20 00:00:00+00:00,0.09548850275541541
2021-01-21 00:00:00+00:00,0.09542285746564515
2021-01-22 00:00:00+00:00,0.14294425127755372
2021-01-25 00:00:00+00:00,0.14307805787570121
2021-01-26 00:00:00+00:00,0.14402823380539068
2021-01-27 00:00:00+00:00,0.14409939273086808
2021-01-28 00:00:00+00:00,0.14516945985450683
2021-01-29 00:00:00+00:00,0.14628346552353869
2021-02-01 00:00:00+00:00,0.0
2021-02-02 00:00:00+00:00,0.0
2021-02-03 00:00:00+00:00,0.0
2021-02-04 00:00:00+00:00,0.0
2021-02-05 00:00:00+00:00,0.0
2021-02-08 00:00:00+00:00,0.0
2021-02-09 00:00:00+00:00,0.0
2021-02-10 00:00:00+00:00,0.0
2021-02-18 00:00:00+00:00,0.0
2021-02-19 00:00:00+00:00,0.0
2021-02-22 00:00:00+00:00,0.05152446453897588
2021-02-23 00:00:00+00:00,0.051500668708543904
2021-02-24 00:00:00+00:00,0.051231804145472806
2021-02-25 00:00:00+00:00,0.05116622146061748
2021-02-26 00:00:00+00:00,0.05063461224211957
2021-03-01 00:00:00+00:00,0.0
2021-03-02 00:00:00+00:00,0.0
2021-03-03 00:00:00+00:00,0.0
2021-03-04 00:00:00+00:00,0.0
2021-03-05 00:00:00+00:00,0.0
2021-03-08 00:00:00+00:00,0.0
2021-03-09 00:00:00+00:00,0.0
2021-03-10 00:00:00+00:00,0.0
2021-03-11 00:00:00+00:00,0.0
2021-03-12 00:00:00+00:00,0.0
2021-03-15 00:00:00+00:00,0.0
2021-03-16 00:00:00+00:00,0.0
2021-03-17 00:00:00+00:00,0.0
2021-03-18 00:00:00+00:00,0.0
2021-03-19 00:00:00+00:00,0.0
2021-03-22 00:00:00+00:00,0.0
2021-03-23 00:00:00+00:00,0.0
2021-03-24 00:00:00+00:00,0.0
2021-03-25 00:00:00+00:00,0.0
2021-03-26 00:00:00+00:00,0.0
2021-03-29 00:00:00+00:00,0.0
2021-03-30 00:00:00+00:00,0.0
2021-03-31 00:00:00+00:00,0.0
2021-04-01 00:00:00+00:00,0.0
2021-04-02 00:00:00+00:00,0.0
2021-04-06 00:00:00+00:00,0.0
2021-04-07 00:00:00+00:00,0.0
2021-04-08 00:00:00+00:00,0.0
2021-04-09 00:00:00+00:00,0.0
2021-04-12 00:00:00+00:00,0.0
2021-04-13 00:00:00+00:00,0.0
2021-04-14 00:00:00+00:00,0.0
2021-04-15 00:00:00+00:00,0.0
2021-04-16 00:00:00+00:00,0.0
2021-04-19 00:00:00+00:00,0.0
2021-04-20 00:00:00+00:00,0.0
2021-04-21 00:00:00+00:00,0.0
2021-04-22 00:00:00+00:00,0.0
2021-04-23 00:00:00+00:00,0.0
2021-04-26 00:00:00+00:00,0.0
2021-04-27 00:00:00+00:00,0.0
2021-04-28 00:00:00+00:00,0.0
2021-04-29 00:00:00+00:00,0.0
2021-04-30 00:00:00+00:00,0.0
2021-05-06 00:00:00+00:00,0.0
2021-05-07 00:00:00+00:00,0.0
2021-05-10 00:00:00+00:00,0.0
2021-05-11 00:00:00+00:00,0.0
2021-05-12 00:00:00+00:00,0.0
2021-05-13 00:00:00+00:00,0.0
2021-05-14 00:00:00+00:00,0.0
2021-05-17 00:00:00+00:00,0.0
2021-05-18 00:00:00+00:00,0.053739620917393885
2021-05-19 00:00:00+00:00,0.053731572037506
2021-05-20 00:00:00+00:00,0.05365960634979138
2021-05-21 00:00:00+00:00,0.05356224440383901
2021-05-24 00:00:00+00:00,0.0536291483593585
2021-05-25 00:00:00+00:00,0.05387729352989642
2021-05-26 00:00:00+00:00,0.10784608827336042
2021-05-27 00:00:00+00:00,0.10771076620810205
2021-05-28 00:00:00+00:00,0.1615867679777338
2021-05-31 00:00:00+00:00,0.16107671271970336
2021-06-01 00:00:00+00:00,0.16114373527191098
2021-06-02 00:00:00+00:00,0.16171508742056823
2021-06-03 00:00:00+00:00,0.16255956585456843
2021-06-04 00:00:00+00:00,0.16126343688747066
2021-06-07 00:00:00+00:00,0.1612522194365963
2021-06-08 00:00:00+00:00,0.16156413003429224
2021-06-09 00:00:00+00:00,0.16146949094387555
2021-06-10 00:00:00+00:00,0.1598473470728502
2021-06-11 00:00:00+00:00,0.21414396280960662
2021-06-15 00:00:00+00:00,0.21721529587129818
2021-06-16 00:00:00+00:00,0.220144152664918
2021-06-17 00:00:00+00:00,0.21860995392475266
2021-06-18 00:00:00+00:00,0.21562345168737954
2021-06-21 00:00:00+00:00,0.21401633729164576
2021-06-22 00:00:00+00:00,0.2131382610428358
2021-06-23 00:00:00+00:00,0.2095360738474886
2021-06-24 00:00:00+00:00,0.21016880575128755
2021-06-25 00:00:00+00:00,0.20775598710919557
2021-06-28 00:00:00+00:00,0.2080226537283027
2021-06-29 00:00:00+00:00,0.2099556373288282
2021-06-30 00:00:00+00:00,0.20917900754380536
2021-07-01 00:00:00+00:00,0.21239351268831513
2021-07-02 00:00:00+00:00,0.2144308714442513
2021-07-05 00:00:00+00:00,0.21272602206114494
2021-07-06 00:00:00+00:00,0.21286206991972836
2021-07-07 00:00:00+00:00,0.2101930433148563
2021-07-08 00:00:00+00:00,0.21093551696885843
2021-07-09 00:00:00+00:00,0.20825387151979471
2021-07-12 00:00:00+00:00,0.20519216428340029
2021-07-13 00:00:00+00:00,0.20275175375231688
2021-07-14 00:00:00+00:00,0.20339075366139694
2021-07-15 00:00:00+00:00,0.20308843126682674
2021-07-16 00:00:00+00:00,0.20240252841639783
2021-07-19 00:00:00+00:00,0.20361349444743013
2021-07-20 00:00:00+00:00,0.20333958045649358
2021-07-21 00:00:00+00:00,0.20055402853967483
2021-07-22 00:00:00+00:00,0.19938627524569244
2021-07-23 00:00:00+00:00,0.20037126822553256
2021-07-26 00:00:00+00:00,0.2046385490096023
2021-07-27 00:00:00+00:00,0.20883148767723486
2021-07-28 00:00:00+00:00,0.2126360179474244
2021-07-29 00:00:00+00:00,0.20813522188146397
2021-07-30 00:00:00+00:00,0.2072680765698348
2021-08-02 00:00:00+00:00,0.20437882744433594
2021-08-03 00:00:00+00:00,0.20587773235250967
2021-08-04 00:00:00+00:00,0.20327769620890793
2021-08-05 00:00:00+00:00,0.20328441945735815
2021-08-06 00:00:00+00:00,0.20218981821040652
2021-08-09 00:00:00+00:00,0.2016792128360916
2021-08-10 00:00:00+00:00,0.20001517454051887
2021-08-11 00:00:00+00:00,0.19899672614642458
2021-08-12 00:00:00+00:00,0.1971214313653722
2021-08-13 00:00:00+00:00,0.19617492673731948
2021-08-16 00:00:00+00:00,0.1971406552755948
2021-08-17 00:00:00+00:00,0.20190177898731224
2021-08-18 00:00:00+00:00,0.20132236122562938
2021-08-19 00:00:00+00:00,0.20094716759826206
2021-08-20 00:00:00+00:00,0.20177336709018762
2021-08-23 00:00:00+00:00,0.19880671786476573
2021-08-24 00:00:00+00:00,0.19623277665734878
2021-08-25 00:00:00+00:00,0.19504267451229096
2021-08-26 00:00:00+00:00,0.19505537792716693
2021-08-27 00:00:00+00:00,0.19363249611445574
2021-08-30 00:00:00+00:00,0.19312932928658216
2021-08-31 00:00:00+00:00,0.19216383531071615
2021-09-01 00:00:00+00:00,0.19325856236033825
2021-09-02 00:00:00+00:00,0.19029601450944497
2021-09-03 00:00:00+00:00,0.19034758164915475
2021-09-06 00:00:00+00:00,0.18916257874343845
2021-09-07 00:00:00+00:00,0.18418355296903538
2021-09-08 00:00:00+00:00,0.18323898006556072
2021-09-09 00:00:00+00:00,0.18132940905447467
2021-09-10 00:00:00+00:00,0.18054831043962988
2021-09-13 00:00:00+00:00,0.18048760138876854
2021-09-14 00:00:00+00:00,0.18196680659585537
2021-09-15 00:00:00+00:00,0.18092292703920504
2021-09-16 00:00:00+00:00,0.18489112390414927
2021-09-17 00:00:00+00:00,0.18615410295159418
2021-09-22 00:00:00+00:00,0.18448468958705716
2021-09-23 00:00:00+00:00,0.18356785381130145
2021-09-24 00:00:00+00:00,0.18460045452691057
2021-09-27 00:00:00+00:00,0.18931289498577658
2021-09-28 00:00:00+00:00,0.18905168106917697
2021-09-29 00:00:00+00:00,0.19317496918716487
2021-09-30 00:00:00+00:00,0.19170736664966057
2021-10-08 00:00:00+00:00,0.19189706082020894
2021-10-11 00:00:00+00:00,0.19149467606398896
2021-10-12 00:00:00+00:00,0.1957179142352134
2021-10-13 00:00:00+00:00,0.0
2021-10-14 00:00:00+00:00,0.0
2021-10-15 00:00:00+00:00,0.0
2021-10-18 00:00:00+00:00,0.0
2021-10-19 00:00:00+00:00,0.0
2021-10-20 00:00:00+00:00,0.0
2021-10-21 00:00:00+00:00,0.0
2021-10-22 00:00:00+00:00,0.0
2021-10-25 00:00:00+00:00,0.0
2021-10-26 00:00:00+00:00,0.0
2021-10-27 00:00:00+00:00,0.0
2021-10-28 00:00:00+00:00,0.0
2021-10-29 00:00:00+00:00,0.0
2021-11-01 00:00:00+00:00,0.0
2021-11-02 00:00:00+00:00,0.0
2021-11-03 00:00:00+00:00,0.0
2021-11-04 00:00:00+00:00,0.0
2021-11-05 00:00:00+00:00,0.0
2021-11-08 00:00:00+00:00,0.0
2021-11-09 00:00:00+00:00,0.0
2021-11-10 00:00:00+00:00,0.0
2021-11-11 00:00:00+00:00,0.0
2021-11-12 00:00:00+00:00,0.0
2021-11-15 00:00:00+00:00,0.0
2021-11-16 00:00:00+00:00,0.0
2021-11-17 00:00:00+00:00,0.0
2021-11-18 00:00:00+00:00,0.0
2021-11-19 00:00:00+00:00,0.0
2021-11-22 00:00:00+00:00,0.0
2021-11-23 00:00:00+00:00,0.0
2021-11-24 00:00:00+00:00,0.0
2021-11-25 00:00:00+00:00,0.0
2021-11-26 00:00:00+00:00,0.0
2021-11-29 00:00:00+00:00,0.0
2021-11-30 00:00:00+00:00,0.0
2021-12-01 00:00:00+00:00,0.0
2021-12-02 00:00:00+00:00,0.0
2021-12-03 00:00:00+00:00,0.0
2021-12-06 00:00:00+00:00,0.0
2021-12-07 00:00:00+00:00,0.0
2021-12-08 00:00:00+00:00,0.0
2021-12-09 00:00:00+00:00,0.0
2021-12-10 00:00:00+00:00,0.0
2021-12-13 00:00:00+00:00,0.0
2021-12-14 00:00:00+00:00,0.0
2021-12-15 00:00:00+00:00,0.0
2021-12-16 00:00:00+00:00,0.0
2021-12-17 00:00:00+00:00,0.053422448454723145
2021-12-20 00:00:00+00:00,0.053176987998338185
2021-12-21 00:00:00+00:00,0.05331232898633753
