Datetime,ic00,cash
2015-04-16 00:00:00+00:00,0.0,30000000.0
2015-04-17 00:00:00+00:00,0.0,30000000.0
2015-04-20 00:00:00+00:00,0.0,30000000.0
2015-04-21 00:00:00+00:00,0.0,30000000.0
2015-04-22 00:00:00+00:00,0.0,30000000.0
2015-04-23 00:00:00+00:00,0.0,30000000.0
2015-04-24 00:00:00+00:00,0.0,30000000.0
2015-04-27 00:00:00+00:00,0.0,30000000.0
2015-04-28 00:00:00+00:00,0.0,30000000.0
2015-04-29 00:00:00+00:00,0.0,30000000.0
2015-04-30 00:00:00+00:00,0.0,30000000.0
2015-05-04 00:00:00+00:00,0.0,30000000.0
2015-05-05 00:00:00+00:00,0.0,30000000.0
2015-05-06 00:00:00+00:00,0.0,30000000.0
2015-05-07 00:00:00+00:00,0.0,30000000.0
2015-05-08 00:00:00+00:00,0.0,30000000.0
2015-05-11 00:00:00+00:00,0.0,30000000.0
2015-05-12 00:00:00+00:00,0.0,30000000.0
2015-05-13 00:00:00+00:00,0.0,30000000.0
2015-05-14 00:00:00+00:00,0.0,30000000.0
2015-05-15 00:00:00+00:00,0.0,30000000.0
2015-05-18 00:00:00+00:00,0.0,30000000.0
2015-05-19 00:00:00+00:00,222074.4,29427456.89869
2015-05-20 00:00:00+00:00,452232.0,29270495.92983
2015-05-21 00:00:00+00:00,711057.5999999999,29269578.87639
2015-05-22 00:00:00+00:00,948710.3999999999,29287720.10447
2015-05-25 00:00:00+00:00,970665.6,29148460.04689
2015-05-26 00:00:00+00:00,1025750.3999999999,28995787.36532
2015-05-27 00:00:00+00:00,1027680.0,29016277.36532
2015-05-28 00:00:00+00:00,971702.3999999999,27827457.36532
2015-05-29 00:00:00+00:00,985708.7999999998,28198757.27436
2015-06-01 00:00:00+00:00,1073808.0,29453117.27436
2015-06-02 00:00:00+00:00,1095696.0,29658017.27436
2015-06-03 00:00:00+00:00,1081363.2,29417977.27436
2015-06-04 00:00:00+00:00,1058572.8,29328317.27436
2015-06-05 00:00:00+00:00,1066348.8,29363597.27436
2015-06-08 00:00:00+00:00,1032604.7999999999,29237557.27436
2015-06-09 00:00:00+00:00,1042137.6,28903662.22778
2015-06-10 00:00:00+00:00,1070121.5999999999,29109682.22778
2015-06-11 00:00:00+00:00,1096521.5999999999,29396582.22778
2015-06-12 00:00:00+00:00,1112976.0,29651962.22778
2015-06-15 00:00:00+00:00,1093574.4,29165862.22778
2015-06-16 00:00:00+00:00,1055635.2,28614322.22778
2015-06-17 00:00:00+00:00,1074566.4,29073843.4523
2015-06-18 00:00:00+00:00,1035062.3999999999,28475363.4523
2015-06-19 00:00:00+00:00,976876.7999999998,27485943.4523
2015-06-23 00:00:00+00:00,0.0,29046830.28262
2015-06-24 00:00:00+00:00,0.0,29009930.28262
2015-06-25 00:00:00+00:00,0.0,29084810.28262
2015-06-26 00:00:00+00:00,0.0,29222090.28262
2015-06-29 00:00:00+00:00,0.0,29107987.72909
2015-06-30 00:00:00+00:00,0.0,28347187.318210002
2015-07-01 00:00:00+00:00,0.0,28778227.318210002
2015-07-02 00:00:00+00:00,0.0,28663987.318210002
2015-07-03 00:00:00+00:00,0.0,29020807.318210002
2015-07-06 00:00:00+00:00,0.0,28678387.318210002
2015-07-07 00:00:00+00:00,0.0,28865107.318210002
2015-07-08 00:00:00+00:00,0.0,29423407.318210002
2015-07-09 00:00:00+00:00,0.0,28801507.318210002
2015-07-10 00:00:00+00:00,0.0,28443667.318210002
2015-07-13 00:00:00+00:00,0.0,28580587.318210002
2015-07-14 00:00:00+00:00,0.0,28776967.318210002
2015-07-15 00:00:00+00:00,0.0,28855687.318210002
2015-07-16 00:00:00+00:00,0.0,28687567.318210002
2015-07-17 00:00:00+00:00,0.0,28491847.318210002
2015-07-20 00:00:00+00:00,0.0,28658107.318210002
2015-07-21 00:00:00+00:00,0.0,28693207.318210002
2015-07-22 00:00:00+00:00,0.0,28766767.318210002
2015-07-23 00:00:00+00:00,0.0,28436947.318210002
2015-07-24 00:00:00+00:00,0.0,28825293.635650005
2015-07-27 00:00:00+00:00,0.0,29250273.635650005
2015-07-28 00:00:00+00:00,0.0,29273313.635650005
2015-07-29 00:00:00+00:00,0.0,29170353.635650005
2015-07-30 00:00:00+00:00,0.0,29295453.635650005
2015-07-31 00:00:00+00:00,0.0,29292033.635650005
2015-08-03 00:00:00+00:00,0.0,29304993.635650005
2015-08-04 00:00:00+00:00,0.0,29160813.635650005
2015-08-05 00:00:00+00:00,0.0,29224893.635650005
2015-08-06 00:00:00+00:00,0.0,29241813.635650005
2015-08-07 00:00:00+00:00,0.0,29195373.635650005
2015-08-10 00:00:00+00:00,0.0,28992153.635650005
2015-08-11 00:00:00+00:00,0.0,29016093.635650005
2015-08-12 00:00:00+00:00,0.0,29042553.635650005
2015-08-13 00:00:00+00:00,0.0,29033013.635650005
2015-08-14 00:00:00+00:00,0.0,29040393.635650005
2015-08-17 00:00:00+00:00,0.0,29125893.635650005
2015-08-18 00:00:00+00:00,0.0,29309673.635650005
2015-08-19 00:00:00+00:00,0.0,29331093.635650005
2015-08-20 00:00:00+00:00,0.0,29439453.635650005
2015-08-21 00:00:00+00:00,0.0,29549433.635650005
2015-08-24 00:00:00+00:00,0.0,29960913.635650005
2015-08-25 00:00:00+00:00,0.0,30291013.811170004
2015-08-26 00:00:00+00:00,0.0,30273043.811170004
2015-08-27 00:00:00+00:00,0.0,29814253.811170004
2015-08-28 00:00:00+00:00,0.0,29699713.811170004
2015-08-31 00:00:00+00:00,0.0,29768893.811170004
2015-09-01 00:00:00+00:00,0.0,29819473.811170004
2015-09-02 00:00:00+00:00,0.0,29881213.811170004
2015-09-07 00:00:00+00:00,0.0,29762893.811170004
2015-09-08 00:00:00+00:00,0.0,29477113.811170004
2015-09-09 00:00:00+00:00,0.0,29465833.811170004
2015-09-10 00:00:00+00:00,0.0,29467033.811170004
2015-09-11 00:00:00+00:00,0.0,29473363.811170004
2015-09-14 00:00:00+00:00,0.0,29600563.811170004
2015-09-15 00:00:00+00:00,0.0,29548723.811170004
2015-09-16 00:00:00+00:00,0.0,29348593.811170004
2015-09-17 00:00:00+00:00,0.0,29887393.398850005
2015-09-18 00:00:00+00:00,0.0,29881573.398850005
2015-09-21 00:00:00+00:00,0.0,29855863.398850005
2015-09-22 00:00:00+00:00,0.0,29855713.398850005
2015-09-23 00:00:00+00:00,0.0,29875513.398850005
2015-09-24 00:00:00+00:00,0.0,29868343.398850005
2015-09-25 00:00:00+00:00,0.0,29887393.398850005
2015-09-28 00:00:00+00:00,0.0,29878543.398850005
2015-09-29 00:00:00+00:00,0.0,29897083.398850005
2015-09-30 00:00:00+00:00,0.0,29886433.398850005
2015-10-08 00:00:00+00:00,0.0,29860663.398850005
2015-10-09 00:00:00+00:00,0.0,29834413.398850005
2015-10-12 00:00:00+00:00,185488.8,29785770.435120005
2015-10-13 00:00:00+00:00,186772.8,29562951.339050006
2015-10-14 00:00:00+00:00,185560.8,29531791.339050006
2015-10-15 00:00:00+00:00,194205.6,29658371.339050006
2015-10-16 00:00:00+00:00,193202.4,29426760.861650005
2015-10-19 00:00:00+00:00,190521.6,29338720.861650005
2015-10-20 00:00:00+00:00,195225.6,29441190.861650005
2015-10-21 00:00:00+00:00,184646.4,29235670.861650005
2015-10-22 00:00:00+00:00,189986.4,29354390.861650005
2015-10-23 00:00:00+00:00,196876.80000000002,29486900.861650005
2015-10-26 00:00:00+00:00,195652.8,29470520.861650005
2015-10-27 00:00:00+00:00,196747.19999999995,29482700.861650005
2015-10-28 00:00:00+00:00,190476.0,29359490.861650005
2015-10-29 00:00:00+00:00,193286.4,29406040.861650005
2015-10-30 00:00:00+00:00,193339.19999999998,29404830.861650005
2015-11-02 00:00:00+00:00,190060.8,29338480.861650005
2015-11-03 00:00:00+00:00,189700.8,29305780.861650005
2015-11-04 00:00:00+00:00,202082.4,29640410.861650005
2015-11-05 00:00:00+00:00,201393.6,29715550.861650005
2015-11-06 00:00:00+00:00,207873.6,29893840.861650005
2015-11-09 00:00:00+00:00,209582.4,29940000.861650005
2015-11-10 00:00:00+00:00,210729.6,29940290.861650005
2015-11-11 00:00:00+00:00,215032.80000000002,29994240.861650005
2015-11-12 00:00:00+00:00,214291.19999999995,29925660.861650005
2015-11-13 00:00:00+00:00,212836.80000000002,29868750.861650005
2015-11-16 00:00:00+00:00,217682.4,29920800.861650005
2015-11-17 00:00:00+00:00,215107.19999999995,29844470.861650005
2015-11-18 00:00:00+00:00,213722.4,29827530.861650005
2015-11-19 00:00:00+00:00,221462.4,29998890.861650005
2015-11-20 00:00:00+00:00,221671.19999999995,29950860.861650005
2015-11-23 00:00:00+00:00,219108.0,29910930.861650005
2015-11-24 00:00:00+00:00,222516.0,29956160.861650005
2015-11-25 00:00:00+00:00,227282.4,30042710.861650005
2015-11-26 00:00:00+00:00,224328.0,29984550.861650005
2015-11-27 00:00:00+00:00,211245.6,29681580.861650005
2015-11-30 00:00:00+00:00,212008.80000000002,30137588.274950005
2015-12-01 00:00:00+00:00,212587.19999999995,30142408.274950005
2015-12-02 00:00:00+00:00,216832.80000000002,30177788.274950005
2015-12-03 00:00:00+00:00,219739.19999999995,30202008.274950005
2015-12-04 00:00:00+00:00,217893.6,30186628.274950005
2015-12-07 00:00:00+00:00,218596.80000000002,30192488.274950005
2015-12-08 00:00:00+00:00,215337.6,30165328.274950005
2015-12-09 00:00:00+00:00,214802.4,30160868.274950005
2015-12-10 00:00:00+00:00,213552.0,30150448.274950005
2015-12-11 00:00:00+00:00,215260.80000000002,30164688.274950005
2015-12-14 00:00:00+00:00,221056.80000000002,30212988.274950005
2015-12-15 00:00:00+00:00,221772.0,30218948.274950005
2015-12-16 00:00:00+00:00,223159.19999999995,30230508.274950005
2015-12-17 00:00:00+00:00,229147.19999999995,30280408.274950005
2015-12-18 00:00:00+00:00,229965.6,29915878.929620005
2015-12-21 00:00:00+00:00,232956.0,30024228.929620005
2015-12-22 00:00:00+00:00,234952.80000000002,29724240.569700006
2015-12-23 00:00:00+00:00,230848.80000000002,29685360.569700006
2015-12-24 00:00:00+00:00,231372.0,29646940.569700006
2015-12-25 00:00:00+00:00,233287.19999999995,29720290.569700006
2015-12-28 00:00:00+00:00,224356.80000000002,29374640.569700006
2015-12-29 00:00:00+00:00,227834.4,29486630.569700006
2015-12-30 00:00:00+00:00,230695.19999999995,29502880.569700006
2015-12-31 00:00:00+00:00,225708.0,29406930.569700006
2016-01-04 00:00:00+00:00,211341.6,28907080.569700006
2016-01-05 00:00:00+00:00,0.0,29733172.471320003
2016-01-06 00:00:00+00:00,0.0,29733172.471320003
2016-01-07 00:00:00+00:00,0.0,29733172.471320003
2016-01-08 00:00:00+00:00,196555.19999999998,28945002.351220008
2016-01-11 00:00:00+00:00,364891.2,29197637.16686001
2016-01-12 00:00:00+00:00,373147.2,28486240.450810008
2016-01-13 00:00:00+00:00,362683.2,28708680.450810008
2016-01-14 00:00:00+00:00,373344.0,28450160.450810008
2016-01-15 00:00:00+00:00,358531.2,28878460.450810008
2016-01-18 00:00:00+00:00,366590.39999999997,28793900.450810008
2016-01-19 00:00:00+00:00,381624.0,28350860.450810008
2016-01-20 00:00:00+00:00,375585.6,28631340.450810008
2016-01-21 00:00:00+00:00,365544.0,28933060.450810008
2016-01-22 00:00:00+00:00,372033.6,28744220.450810008
2016-01-25 00:00:00+00:00,373334.39999999997,28739500.450810008
2016-01-26 00:00:00+00:00,347664.0,29483580.450810008
2016-01-27 00:00:00+00:00,339888.0,29599620.450810008
2016-01-28 00:00:00+00:00,331819.2,29831980.450810008
2016-01-29 00:00:00+00:00,343070.39999999997,29432340.450810008
2016-02-01 00:00:00+00:00,342628.8,29550980.450810008
2016-02-02 00:00:00+00:00,355540.8,29233500.450810008
2016-02-03 00:00:00+00:00,357681.6,29287060.450810008
2016-02-04 00:00:00+00:00,366576.0,29065700.450810008
2016-02-05 00:00:00+00:00,361555.2,29232580.450810008
2016-02-15 00:00:00+00:00,363768.0,29262020.450810008
2016-02-16 00:00:00+00:00,378547.2,28845100.450810008
2016-02-17 00:00:00+00:00,0.0,29163212.831170008
2016-02-18 00:00:00+00:00,0.0,29192462.46622001
2016-02-19 00:00:00+00:00,0.0,29201942.46622001
2016-02-22 00:00:00+00:00,0.0,28955552.46622001
2016-02-23 00:00:00+00:00,193838.4,30021634.616500013
2016-02-24 00:00:00+00:00,195060.0,30031814.616500013
2016-02-25 00:00:00+00:00,177787.19999999998,29887874.616500013
2016-02-26 00:00:00+00:00,0.0,30102276.079240013
2016-02-29 00:00:00+00:00,0.0,30102276.079240013
2016-03-01 00:00:00+00:00,0.0,30102276.079240013
2016-03-02 00:00:00+00:00,0.0,30102276.079240013
2016-03-03 00:00:00+00:00,0.0,30102276.079240013
2016-03-04 00:00:00+00:00,0.0,30102276.079240013
2016-03-07 00:00:00+00:00,0.0,29724253.810540013
2016-03-08 00:00:00+00:00,0.0,29382156.665080015
2016-03-09 00:00:00+00:00,0.0,29288796.665080015
2016-03-10 00:00:00+00:00,0.0,29204616.665080015
2016-03-11 00:00:00+00:00,0.0,29219796.665080015
2016-03-14 00:00:00+00:00,0.0,29295156.665080015
2016-03-15 00:00:00+00:00,0.0,29320896.665080015
2016-03-16 00:00:00+00:00,0.0,29377626.665080015
2016-03-17 00:00:00+00:00,0.0,29475066.665080015
2016-03-18 00:00:00+00:00,0.0,29244823.478110015
2016-03-21 00:00:00+00:00,203083.19999999995,29017255.277200017
2016-03-22 00:00:00+00:00,202802.4,28576973.927080017
2016-03-23 00:00:00+00:00,203748.0,28584103.927080017
2016-03-24 00:00:00+00:00,200124.0,28284233.927080017
2016-03-25 00:00:00+00:00,202418.4,28388673.927080017
2016-03-28 00:00:00+00:00,200589.6,28200993.927080017
2016-03-29 00:00:00+00:00,198254.4,28082743.927080017
2016-03-30 00:00:00+00:00,206200.80000000002,28566233.927080017
2016-03-31 00:00:00+00:00,206172.0,28581863.927080017
2016-04-01 00:00:00+00:00,206448.0,28648933.927080017
2016-04-05 00:00:00+00:00,212008.80000000002,28806963.927080017
2016-04-06 00:00:00+00:00,213139.19999999995,28795293.927080017
2016-04-07 00:00:00+00:00,210830.4,28593323.927080017
2016-04-08 00:00:00+00:00,209400.0,28460983.927080017
2016-04-11 00:00:00+00:00,213604.80000000002,28661623.927080017
2016-04-12 00:00:00+00:00,213700.80000000002,28663113.927080017
2016-04-13 00:00:00+00:00,215968.80000000002,28869363.927080017
2016-04-14 00:00:00+00:00,218544.0,28971763.927080017
2016-04-15 00:00:00+00:00,218534.4,28987043.927080017
2016-04-18 00:00:00+00:00,214267.19999999995,28741543.927080017
2016-04-19 00:00:00+00:00,214596.0,28764953.927080017
2016-04-20 00:00:00+00:00,203647.19999999995,28343593.927080017
2016-04-21 00:00:00+00:00,0.0,28593725.233060014
2016-04-22 00:00:00+00:00,0.0,28707275.233060014
2016-04-25 00:00:00+00:00,0.0,28630865.233060014
2016-04-26 00:00:00+00:00,0.0,28690505.233060014
2016-04-27 00:00:00+00:00,0.0,28608005.233060014
2016-04-28 00:00:00+00:00,0.0,28570775.233060014
2016-04-29 00:00:00+00:00,0.0,28590215.233060014
2016-05-03 00:00:00+00:00,0.0,28898195.233060014
2016-05-04 00:00:00+00:00,0.0,28245765.992710013
2016-05-05 00:00:00+00:00,0.0,28254885.992710013
2016-05-06 00:00:00+00:00,0.0,27607245.992710013
2016-05-09 00:00:00+00:00,0.0,28037325.751510013
2016-05-10 00:00:00+00:00,397363.2,28773951.518560015
2016-05-11 00:00:00+00:00,396686.3999999999,28764261.518560015
2016-05-12 00:00:00+00:00,398769.60000000003,28734301.518560015
2016-05-13 00:00:00+00:00,398011.2,28747551.518560015
2016-05-16 00:00:00+00:00,405955.2,28670221.518560015
2016-05-17 00:00:00+00:00,406449.60000000003,28671351.518560015
2016-05-18 00:00:00+00:00,395832.0,28770541.518560015
2016-05-19 00:00:00+00:00,396470.3999999999,28761651.518560015
2016-05-20 00:00:00+00:00,403272.0,28679351.518560015
2016-05-23 00:00:00+00:00,408518.3999999999,28627861.518560015
2016-05-24 00:00:00+00:00,405868.8,28677661.518560015
2016-05-25 00:00:00+00:00,402777.60000000003,28693131.518560015
2016-05-26 00:00:00+00:00,407985.60000000003,28649311.518560015
2016-05-27 00:00:00+00:00,408187.2,28635451.518560015
2016-05-30 00:00:00+00:00,406766.3999999999,28616211.518560015
2016-05-31 00:00:00+00:00,429398.3999999999,28259821.518560015
2016-06-01 00:00:00+00:00,0.0,29157343.642170012
2016-06-02 00:00:00+00:00,0.0,29157343.642170012
2016-06-03 00:00:00+00:00,0.0,29157343.642170012
2016-06-06 00:00:00+00:00,433080.0,28173893.02773001
2016-06-07 00:00:00+00:00,436171.2,28203013.02773001
2016-06-08 00:00:00+00:00,434664.0,28175093.02773001
2016-06-13 00:00:00+00:00,415536.0,27863653.02773001
2016-06-14 00:00:00+00:00,414916.8,28357541.490770012
2016-06-15 00:00:00+00:00,0.0,28772478.457250014
2016-06-16 00:00:00+00:00,0.0,28772478.457250014
2016-06-17 00:00:00+00:00,0.0,28772478.457250014
2016-06-20 00:00:00+00:00,0.0,28772478.457250014
2016-06-21 00:00:00+00:00,0.0,28772478.457250014
2016-06-22 00:00:00+00:00,0.0,28772478.457250014
2016-06-23 00:00:00+00:00,0.0,28772478.457250014
2016-06-24 00:00:00+00:00,0.0,28772478.457250014
2016-06-27 00:00:00+00:00,0.0,28772478.457250014
2016-06-28 00:00:00+00:00,0.0,28772478.457250014
2016-06-29 00:00:00+00:00,447998.3999999999,28312880.354450013
2016-06-30 00:00:00+00:00,448089.60000000003,28313640.354450013
2016-07-01 00:00:00+00:00,447216.0,28306360.354450013
2016-07-04 00:00:00+00:00,456086.3999999999,28380280.354450013
2016-07-05 00:00:00+00:00,918508.7999999998,26706840.946020015
2016-07-06 00:00:00+00:00,922099.2000000001,26750890.946020015
2016-07-07 00:00:00+00:00,929913.6,26823390.946020015
2016-07-08 00:00:00+00:00,1391673.6,26295829.685060017
2016-07-11 00:00:00+00:00,1387900.8,26298709.685060017
2016-07-12 00:00:00+00:00,1414684.8,26811499.685060017
2016-07-13 00:00:00+00:00,1425297.5999999999,26152851.18860002
2016-07-14 00:00:00+00:00,1431028.8,26209401.18860002
2016-07-15 00:00:00+00:00,1427054.4,26184201.18860002
2016-07-18 00:00:00+00:00,1415088.0,25986141.18860002
2016-07-19 00:00:00+00:00,1416614.4,25878171.18860002
2016-07-20 00:00:00+00:00,1414944.0,25807221.18860002
2016-07-21 00:00:00+00:00,1425024.0,26022891.18860002
2016-07-22 00:00:00+00:00,1416571.1999999997,25788801.18860002
2016-07-25 00:00:00+00:00,1420588.8,25845861.18860002
2016-07-26 00:00:00+00:00,1443859.1999999997,26302401.18860002
2016-07-27 00:00:00+00:00,1378540.8,25383981.18860002
2016-07-28 00:00:00+00:00,0.0,27457598.554610014
2016-07-29 00:00:00+00:00,0.0,27405158.554610014
2016-08-01 00:00:00+00:00,0.0,27309968.554610014
2016-08-02 00:00:00+00:00,0.0,27317948.554610014
2016-08-03 00:00:00+00:00,0.0,27303128.554610014
2016-08-04 00:00:00+00:00,0.0,27301988.554610014
2016-08-05 00:00:00+00:00,0.0,27341888.554610014
2016-08-08 00:00:00+00:00,0.0,27405158.554610014
2016-08-09 00:00:00+00:00,0.0,27500348.554610014
2016-08-10 00:00:00+00:00,0.0,26506342.703000013
2016-08-11 00:00:00+00:00,0.0,26572582.70300001
2016-08-12 00:00:00+00:00,0.0,27046822.70300001
2016-08-15 00:00:00+00:00,0.0,26412692.171330012
2016-08-16 00:00:00+00:00,0.0,25254109.46999001
2016-08-17 00:00:00+00:00,486187.19999999995,24609086.204990014
2016-08-18 00:00:00+00:00,486230.3999999999,24408566.20499001
2016-08-19 00:00:00+00:00,486676.8,24473486.204990014
2016-08-22 00:00:00+00:00,481718.3999999999,24199876.20499001
2016-08-23 00:00:00+00:00,480806.3999999999,24227286.204990014
2016-08-24 00:00:00+00:00,481233.60000000003,24013316.204990014
2016-08-25 00:00:00+00:00,478627.19999999995,23713766.20499001
2016-08-26 00:00:00+00:00,478564.8,23671306.20499001
2016-08-29 00:00:00+00:00,482222.3999999999,23611876.204990014
2016-08-30 00:00:00+00:00,482438.3999999999,23891866.204990014
2016-08-31 00:00:00+00:00,483427.19999999995,24080916.20499001
2016-09-01 00:00:00+00:00,478550.3999999999,23654716.204990014
2016-09-02 00:00:00+00:00,477940.8,25355886.122430015
2016-09-05 00:00:00+00:00,480849.60000000003,25408476.122430015
2016-09-06 00:00:00+00:00,491260.8,25645086.122430015
2016-09-07 00:00:00+00:00,1224960.0,24938250.74833002
2016-09-08 00:00:00+00:00,1234140.0,24960750.74833002
2016-09-09 00:00:00+00:00,1228008.0,24816500.74833002
2016-09-12 00:00:00+00:00,1191995.9999999998,23925100.748330016
2016-09-13 00:00:00+00:00,1198895.9999999998,26559376.44340002
2016-09-14 00:00:00+00:00,1193088.0,26559696.44340002
2016-09-19 00:00:00+00:00,1205952.0,24889938.848680023
2016-09-20 00:00:00+00:00,1204752.0,24879338.848680023
2016-09-21 00:00:00+00:00,1210680.0,24806038.848680023
2016-09-22 00:00:00+00:00,1219392.0,24710728.848680023
2016-09-23 00:00:00+00:00,1220435.9999999998,24806308.848680023
2016-09-26 00:00:00+00:00,1201572.0,24933868.848680023
2016-09-27 00:00:00+00:00,1210175.9999999998,24884338.848680023
2016-09-28 00:00:00+00:00,1209132.0,24905218.848680023
2016-09-29 00:00:00+00:00,1220675.9999999998,24872358.848680023
2016-09-30 00:00:00+00:00,1224312.0,24875748.848680023
2016-10-10 00:00:00+00:00,1248732.0,24795058.848680023
2016-10-11 00:00:00+00:00,2001139.2,25975910.843180023
2016-10-12 00:00:00+00:00,1999084.7999999998,25975110.843180023
2016-10-13 00:00:00+00:00,2003366.4000000001,26021110.843180023
2016-10-14 00:00:00+00:00,2004921.5999999996,26001190.84318002
2016-10-17 00:00:00+00:00,1989715.2,26500438.85398002
2016-10-18 00:00:00+00:00,2016825.5999999999,26726358.85398002
2016-10-19 00:00:00+00:00,3018614.3999999994,24556816.023740016
2016-10-20 00:00:00+00:00,3027830.4,24647776.023740016
2016-10-21 00:00:00+00:00,3017750.3999999994,24584176.023740016
2016-10-24 00:00:00+00:00,3053030.4,24190164.669980016
2016-10-25 00:00:00+00:00,3060403.1999999997,24213084.669980016
2016-10-26 00:00:00+00:00,3052828.8,24089724.669980016
2016-10-27 00:00:00+00:00,3046809.5999999996,24012684.669980016
2016-10-28 00:00:00+00:00,3024547.1999999997,23849604.669980012
2016-10-31 00:00:00+00:00,3022934.4,23798604.669980012
2016-11-01 00:00:00+00:00,3050006.4,24135204.669980012
2016-11-02 00:00:00+00:00,3019334.3999999994,23764044.669980012
2016-11-03 00:00:00+00:00,3035865.5999999996,24085524.669980016
2016-11-04 00:00:00+00:00,3028579.1999999997,23990724.669980012
2016-11-07 00:00:00+00:00,3023596.8,23986284.669980012
2016-11-08 00:00:00+00:00,3051907.1999999997,24332244.669980012
2016-11-09 00:00:00+00:00,3021696.0,23961084.669980012
2016-11-10 00:00:00+00:00,3066048.0,24513804.669980012
2016-11-11 00:00:00+00:00,3096259.1999999997,24957924.669980012
2016-11-14 00:00:00+00:00,3107376.0,25101444.669980012
2016-11-15 00:00:00+00:00,3115756.8,25143804.669980012
2016-11-16 00:00:00+00:00,3124944.0,25204884.669980012
2016-11-17 00:00:00+00:00,3129033.5999999996,25281924.669980012
2016-11-18 00:00:00+00:00,3109824.0,25066404.669980012
2016-11-21 00:00:00+00:00,3117686.4,25294044.669980012
2016-11-22 00:00:00+00:00,3151324.8,25763244.669980016
2016-11-23 00:00:00+00:00,3136118.4,25686804.669980012
2016-11-24 00:00:00+00:00,3129321.5999999996,25673604.669980016
2016-11-25 00:00:00+00:00,3137558.4,26031564.669980012
2016-11-28 00:00:00+00:00,3152649.5999999996,26254644.669980016
2016-11-29 00:00:00+00:00,3133728.0,26355084.669980016
2016-11-30 00:00:00+00:00,3121488.0,26069724.669980016
2016-12-01 00:00:00+00:00,3140985.5999999996,26387364.669980016
2016-12-02 00:00:00+00:00,3074572.8,25626324.669980016
2016-12-05 00:00:00+00:00,0.0,28077422.859980017
2016-12-06 00:00:00+00:00,0.0,26013182.091740016
2016-12-07 00:00:00+00:00,0.0,26103722.091740016
2016-12-08 00:00:00+00:00,0.0,26150222.091740016
2016-12-09 00:00:00+00:00,0.0,26501522.091740016
2016-12-12 00:00:00+00:00,0.0,23191247.949650016
2016-12-13 00:00:00+00:00,744501.5999999999,25739522.94590001
2016-12-14 00:00:00+00:00,743666.4,28501269.05396001
2016-12-15 00:00:00+00:00,749109.5999999999,28455909.05396001
2016-12-16 00:00:00+00:00,755712.0,27711545.42711001
2016-12-19 00:00:00+00:00,754934.4,27742925.42711001
2016-12-20 00:00:00+00:00,753199.2,27106752.40352001
2016-12-21 00:00:00+00:00,762069.6,26608501.714340013
2016-12-22 00:00:00+00:00,0.0,27416585.819360014
2016-12-23 00:00:00+00:00,0.0,27521885.819360014
2016-12-26 00:00:00+00:00,0.0,26501099.388260014
2016-12-27 00:00:00+00:00,0.0,26553929.388260018
2016-12-28 00:00:00+00:00,0.0,26623229.388260014
2016-12-29 00:00:00+00:00,0.0,26634839.388260014
2016-12-30 00:00:00+00:00,0.0,26577569.388260014
2017-01-03 00:00:00+00:00,0.0,26304719.388260014
2017-01-04 00:00:00+00:00,0.0,28822571.787530016
2017-01-05 00:00:00+00:00,0.0,28822571.787530016
2017-01-06 00:00:00+00:00,0.0,28822571.787530016
2017-01-09 00:00:00+00:00,0.0,28822571.787530016
2017-01-10 00:00:00+00:00,0.0,28822571.787530016
2017-01-11 00:00:00+00:00,0.0,28822571.787530016
2017-01-12 00:00:00+00:00,0.0,28822571.787530016
2017-01-13 00:00:00+00:00,0.0,28822571.787530016
2017-01-16 00:00:00+00:00,0.0,28822571.787530016
2017-01-17 00:00:00+00:00,738734.4,27040467.489170015
2017-01-18 00:00:00+00:00,739800.0,27115467.489170015
2017-01-19 00:00:00+00:00,739008.0,25963023.270710014
2017-01-20 00:00:00+00:00,749836.7999999999,26049783.270710014
2017-01-23 00:00:00+00:00,753703.2,23649444.279170018
2017-01-24 00:00:00+00:00,0.0,24450219.522890016
2017-01-25 00:00:00+00:00,0.0,24601299.52289002
2017-01-26 00:00:00+00:00,0.0,24712089.52289002
2017-02-03 00:00:00+00:00,0.0,22984305.133790016
2017-02-06 00:00:00+00:00,0.0,22963455.13379002
2017-02-07 00:00:00+00:00,0.0,22822065.133790016
2017-02-08 00:00:00+00:00,0.0,23084805.13379002
2017-02-09 00:00:00+00:00,0.0,23250705.13379002
2017-02-10 00:00:00+00:00,0.0,23541285.133790024
2017-02-13 00:00:00+00:00,0.0,23764755.133790024
2017-02-14 00:00:00+00:00,780357.6,21502040.771210022
2017-02-15 00:00:00+00:00,773769.6,21319160.771210022
2017-02-16 00:00:00+00:00,781286.3999999999,21641270.77121002
2017-02-17 00:00:00+00:00,775368.0,21227630.771210026
2017-02-20 00:00:00+00:00,787946.3999999999,22521170.77121003
2017-02-21 00:00:00+00:00,791344.7999999999,22453550.77121003
2017-02-22 00:00:00+00:00,797407.2,22618280.77121003
2017-02-23 00:00:00+00:00,798408.0,22349780.77121003
2017-02-24 00:00:00+00:00,800028.0,22378310.771210026
2017-02-27 00:00:00+00:00,792216.0,21836120.77121003
2017-02-28 00:00:00+00:00,795758.3999999999,21841250.77121003
2017-03-01 00:00:00+00:00,798429.6000000001,21941540.77121003
2017-03-02 00:00:00+00:00,797457.6000000001,21537530.77121003
2017-03-03 00:00:00+00:00,1861608.0,23647784.983380035
2017-03-06 00:00:00+00:00,1881062.4000000001,23967854.983380035
2017-03-07 00:00:00+00:00,1882574.4000000001,22284034.596930034
2017-03-08 00:00:00+00:00,1878088.7999999998,22216654.596930034
2017-03-09 00:00:00+00:00,1860969.5999999999,21707994.596930034
2017-03-10 00:00:00+00:00,1866664.7999999998,21793854.59693003
2017-03-13 00:00:00+00:00,1888286.4000000001,22610034.59693003
2017-03-14 00:00:00+00:00,1884036.0,22481014.596930034
2017-03-15 00:00:00+00:00,1882977.5999999999,22546594.59693003
2017-03-16 00:00:00+00:00,1910479.1999999997,23236574.59693003
2017-03-17 00:00:00+00:00,1892940.0,22401614.59693003
2017-03-20 00:00:00+00:00,1897963.1999999997,22587474.59693003
2017-03-21 00:00:00+00:00,1903272.0,22872914.59693003
2017-03-22 00:00:00+00:00,1898484.0,22644614.596930034
2017-03-23 00:00:00+00:00,1904750.4000000001,22868434.59693003
2017-03-24 00:00:00+00:00,1927732.7999999998,23748754.59693003
2017-03-27 00:00:00+00:00,1913788.7999999998,23321754.59693003
2017-03-28 00:00:00+00:00,1909824.0,23247914.596930034
2017-03-29 00:00:00+00:00,1902868.7999999998,23169554.59693003
2017-03-30 00:00:00+00:00,1880071.1999999997,22632774.59693003
2017-03-31 00:00:00+00:00,0.0,24765858.360870034
2017-04-05 00:00:00+00:00,0.0,23766916.64562003
2017-04-06 00:00:00+00:00,0.0,21638802.87741003
2017-04-07 00:00:00+00:00,0.0,21768762.87741003
2017-04-10 00:00:00+00:00,828475.2,20725213.560750034
2017-04-11 00:00:00+00:00,835581.6000000001,20839513.560750034
2017-04-12 00:00:00+00:00,829713.6000000001,20584333.560750034
2017-04-13 00:00:00+00:00,836575.2,20894953.56075004
2017-04-14 00:00:00+00:00,825026.3999999999,20063233.560750034
2017-04-17 00:00:00+00:00,815464.7999999999,19901113.560750037
2017-04-18 00:00:00+00:00,812800.7999999999,28281677.98515004
2017-04-19 00:00:00+00:00,803239.2,29212860.654750038
2017-04-20 00:00:00+00:00,0.0,28913368.940070037
2017-04-21 00:00:00+00:00,0.0,28883728.940070037
2017-04-24 00:00:00+00:00,0.0,28909468.940070037
2017-04-25 00:00:00+00:00,779983.2,28088715.01431004
2017-04-26 00:00:00+00:00,781761.6,28073895.01431004
2017-04-27 00:00:00+00:00,784051.2,28027515.01431004
2017-04-28 00:00:00+00:00,786650.3999999999,28027695.01431004
2017-05-02 00:00:00+00:00,786088.7999999999,28067085.01431004
2017-05-03 00:00:00+00:00,783568.7999999999,28111875.01431004
2017-05-04 00:00:00+00:00,779421.6,28181535.01431004
2017-05-05 00:00:00+00:00,771048.0,24238132.86261004
2017-05-08 00:00:00+00:00,1514952.0,18955562.33535004
2017-05-09 00:00:00+00:00,1524067.2,10846818.355590034
2017-05-10 00:00:00+00:00,1487203.1999999997,11910528.355590038
2017-05-11 00:00:00+00:00,1483387.1999999997,11122698.355590038
2017-05-12 00:00:00+00:00,1483387.1999999997,9865158.355590036
2017-05-15 00:00:00+00:00,2244024.0,9207346.85100004
2017-05-16 00:00:00+00:00,2300464.8,5582884.278150048
2017-05-17 00:00:00+00:00,2303553.6,22858339.274370037
2017-05-18 00:00:00+00:00,2279836.8,23027179.27437004
2017-05-19 00:00:00+00:00,2277374.4,23062099.27437004
2017-05-22 00:00:00+00:00,2244628.8,23430379.27437004
2017-05-23 00:00:00+00:00,2201277.6,23948239.274370037
2017-05-24 00:00:00+00:00,2957097.6,21521642.512920037
2017-05-25 00:00:00+00:00,2983593.6,22201322.512920037
2017-05-26 00:00:00+00:00,2985667.1999999997,8759750.07492004
2017-05-31 00:00:00+00:00,2964096.0,9083510.074920038
2017-06-01 00:00:00+00:00,2909865.6,9980510.074920041
2017-06-02 00:00:00+00:00,2954131.1999999997,9088430.074920034
2017-06-05 00:00:00+00:00,2965305.6,7887530.0749200415
2017-06-06 00:00:00+00:00,2981865.6,8835950.074920034
2017-06-07 00:00:00+00:00,3056198.4,9986450.074920045
2017-06-08 00:00:00+00:00,0.0,14155641.396120045
2017-06-09 00:00:00+00:00,0.0,14891721.396120047
2017-06-12 00:00:00+00:00,0.0,14489721.396120032
2017-06-13 00:00:00+00:00,0.0,14727801.396120043
2017-06-14 00:00:00+00:00,0.0,12955581.396120047
2017-06-15 00:00:00+00:00,0.0,12842241.396120032
2017-06-16 00:00:00+00:00,0.0,12161721.396120029
2017-06-19 00:00:00+00:00,0.0,13996461.396120029
2017-06-20 00:00:00+00:00,778939.2,12777448.432020042
2017-06-21 00:00:00+00:00,779529.6,14277388.432020029
2017-06-22 00:00:00+00:00,768009.6,14368168.432020042
2017-06-23 00:00:00+00:00,769089.6,15852868.432020027
2017-06-26 00:00:00+00:00,786225.6,17693848.432020046
2017-06-27 00:00:00+00:00,783021.6,17889748.432020027
2017-06-28 00:00:00+00:00,781336.7999999999,16889548.432020042
2017-06-29 00:00:00+00:00,784749.6,17818708.432020042
2017-06-30 00:00:00+00:00,787694.3999999999,17543968.432020035
2017-07-03 00:00:00+00:00,794001.6000000001,16884328.43202003
2017-07-04 00:00:00+00:00,790509.6000000001,15306628.43202005
2017-07-05 00:00:00+00:00,795988.7999999999,17650468.432020046
2017-07-06 00:00:00+00:00,794052.0,17384608.432020046
2017-07-07 00:00:00+00:00,798804.0,17140168.432020046
2017-07-10 00:00:00+00:00,796456.7999999999,17488288.432020046
2017-07-11 00:00:00+00:00,789141.6000000001,18676768.432020023
2017-07-12 00:00:00+00:00,786168.0,17768788.432020027
2017-07-13 00:00:00+00:00,789112.7999999999,19590988.432020027
2017-07-14 00:00:00+00:00,787204.7999999999,20536708.43202004
2017-07-17 00:00:00+00:00,752608.7999999999,18741568.432020035
2017-07-18 00:00:00+00:00,0.0,19387048.197180033
2017-07-19 00:00:00+00:00,0.0,22436308.19718005
2017-07-20 00:00:00+00:00,0.0,23082988.19718005
2017-07-21 00:00:00+00:00,0.0,22204288.19718004
2017-07-24 00:00:00+00:00,0.0,23015788.19718005
2017-07-25 00:00:00+00:00,0.0,21875908.197180036
2017-07-26 00:00:00+00:00,0.0,21084028.19718005
2017-07-27 00:00:00+00:00,0.0,21306148.197180036
2017-07-28 00:00:00+00:00,0.0,21906568.197180048
2017-07-31 00:00:00+00:00,817567.2,21667215.206820056
2017-08-01 00:00:00+00:00,815220.0,23010795.206820052
2017-08-02 00:00:00+00:00,812325.6000000001,23191815.206820052
2017-08-03 00:00:00+00:00,813420.0,21519435.206820052
2017-08-04 00:00:00+00:00,807076.7999999999,20473815.206820056
2017-08-07 00:00:00+00:00,819446.3999999999,21417855.206820052
2017-08-08 00:00:00+00:00,818431.2,21502095.20682004
2017-08-09 00:00:00+00:00,824328.0,21246375.206820052
2017-08-10 00:00:00+00:00,815666.3999999999,20603115.20682004
2017-08-11 00:00:00+00:00,1602158.4,19882292.288100053
2017-08-14 00:00:00+00:00,0.0,17946575.086117934
2017-08-15 00:00:00+00:00,0.0,908325.4277179223
2017-08-16 00:00:00+00:00,0.0,1206584.5027879598
2017-08-17 00:00:00+00:00,0.0,3611294.502787947
2017-08-18 00:00:00+00:00,0.0,3777614.502787922
2017-08-21 00:00:00+00:00,0.0,5108174.5027879095
2017-08-22 00:00:00+00:00,0.0,6050654.502787935
2017-08-23 00:00:00+00:00,0.0,6792164.502787922
2017-08-24 00:00:00+00:00,0.0,5336864.502787922
2017-08-25 00:00:00+00:00,0.0,11164994.502787948
2017-08-28 00:00:00+00:00,0.0,14347302.977197934
2017-08-29 00:00:00+00:00,840398.3999999999,12988677.588757908
2017-08-30 00:00:00+00:00,846165.6000000001,12686097.588757958
2017-08-31 00:00:00+00:00,850190.3999999999,12316077.588757958
2017-09-01 00:00:00+00:00,858657.6000000001,13040397.588757908
2017-09-04 00:00:00+00:00,861285.6000000001,13458657.588757958
2017-09-05 00:00:00+00:00,864000.0,14486757.588757908
2017-09-06 00:00:00+00:00,867204.0,13827747.588757945
2017-09-07 00:00:00+00:00,861393.6000000001,12197307.588757932
2017-09-08 00:00:00+00:00,861890.3999999999,11572977.58875792
2017-09-11 00:00:00+00:00,876175.2,12550617.588757945
2017-09-12 00:00:00+00:00,874173.6000000001,13637787.588757932
2017-09-13 00:00:00+00:00,878781.6000000001,13641627.588757932
2017-09-14 00:00:00+00:00,878752.7999999999,12449247.588757958
2017-09-15 00:00:00+00:00,871970.3999999999,13634316.571627958
2017-09-18 00:00:00+00:00,883936.7999999999,16360506.571627934
2017-09-19 00:00:00+00:00,873640.7999999999,13710606.571627934
2017-09-20 00:00:00+00:00,882640.7999999999,15573546.571627947
2017-09-21 00:00:00+00:00,872848.7999999999,14812806.571627934
2017-09-22 00:00:00+00:00,864583.2,14099436.57162792
2017-09-25 00:00:00+00:00,852487.2,11684016.571627945
2017-09-26 00:00:00+00:00,858340.7999999999,47459697.19296005
2017-09-27 00:00:00+00:00,868262.3999999999,47542377.19296005
2017-09-28 00:00:00+00:00,1734408.0,46656778.78566005
2017-09-29 00:00:00+00:00,1746648.0,46758778.78566005
2017-10-09 00:00:00+00:00,1769414.4,46948498.78566005
2017-10-10 00:00:00+00:00,2667146.4,13119471.307650039
2017-10-11 00:00:00+00:00,2644812.0,13584081.307650017
2017-10-12 00:00:00+00:00,2640621.5999999996,14528241.307650048
2017-10-13 00:00:00+00:00,2669133.5999999996,15977751.30765006
2017-10-16 00:00:00+00:00,2623298.4,14527161.307650024
2017-10-17 00:00:00+00:00,2617423.1999999997,13982691.307650015
2017-10-18 00:00:00+00:00,2597961.5999999996,15229431.307650037
2017-10-19 00:00:00+00:00,2579774.4,14283861.307650024
2017-10-20 00:00:00+00:00,0.0,16724451.25917004
2017-10-23 00:00:00+00:00,0.0,17452791.25917003
2017-10-24 00:00:00+00:00,0.0,19130361.25917005
2017-10-25 00:00:00+00:00,0.0,20652711.25917005
2017-10-26 00:00:00+00:00,0.0,22563111.25917005
2017-10-27 00:00:00+00:00,0.0,23503557.10161003
2017-10-30 00:00:00+00:00,0.0,20553927.101610053
2017-10-31 00:00:00+00:00,0.0,21405537.101610053
2017-11-01 00:00:00+00:00,0.0,20512527.101610053
2017-11-02 00:00:00+00:00,0.0,20951097.10161003
2017-11-03 00:00:00+00:00,0.0,19226187.101610042
2017-11-06 00:00:00+00:00,574608.0,21795514.184850033
2017-11-07 00:00:00+00:00,578102.4,24795194.184850067
2017-11-08 00:00:00+00:00,580464.0,24592514.184850056
2017-11-09 00:00:00+00:00,585734.4,26999804.184850022
2017-11-10 00:00:00+00:00,0.0,30222526.413850065
2017-11-13 00:00:00+00:00,0.0,31110016.41385003
2017-11-14 00:00:00+00:00,0.0,29108926.41385003
2017-11-15 00:00:00+00:00,0.0,27069946.413850054
2017-11-16 00:00:00+00:00,0.0,29774266.413850043
2017-11-17 00:00:00+00:00,0.0,30790756.413850054
2017-11-20 00:00:00+00:00,0.0,32809156.413850043
2017-11-21 00:00:00+00:00,0.0,39205066.41385007
2017-11-22 00:00:00+00:00,0.0,39516526.413850024
2017-11-23 00:00:00+00:00,0.0,29437666.413850024
2017-11-24 00:00:00+00:00,556094.4,28885650.950170036
2017-11-27 00:00:00+00:00,547968.0,23343760.95017007
2017-11-28 00:00:00+00:00,1118515.2,54716266.499200076
2017-11-29 00:00:00+00:00,1120444.8,54653566.499200076
2017-11-30 00:00:00+00:00,1107369.5999999999,54488476.499200076
2017-12-01 00:00:00+00:00,1121481.5999999999,54238576.499200076
2017-12-04 00:00:00+00:00,1113408.0,56423135.942340076
2017-12-05 00:00:00+00:00,1089148.8,56625295.942340076
2017-12-06 00:00:00+00:00,1095225.5999999999,56574655.942340076
2017-12-07 00:00:00+00:00,1086940.8,56643695.942340076
2017-12-08 00:00:00+00:00,1654084.7999999998,55904777.32658008
2017-12-11 00:00:00+00:00,1679976.0,55689017.32658008
2017-12-12 00:00:00+00:00,1668240.0,55786817.32658008
2017-12-13 00:00:00+00:00,1680825.5999999999,55681937.32658008
2017-12-14 00:00:00+00:00,1684022.4,55655297.32658008
2017-12-15 00:00:00+00:00,1671955.2000000002,55755857.32658008
2017-12-18 00:00:00+00:00,1659787.2000000002,55118688.53702008
2017-12-19 00:00:00+00:00,1679227.2000000002,54843078.53702008
2017-12-20 00:00:00+00:00,1658865.5999999999,55007508.53702008
2017-12-21 00:00:00+00:00,1677340.7999999998,54795798.53702008
2017-12-22 00:00:00+00:00,1681704.0,54801438.53702008
2017-12-25 00:00:00+00:00,1659830.4,54990858.53702008
2017-12-26 00:00:00+00:00,1675296.0,54807588.53702008
2017-12-27 00:00:00+00:00,1658275.2000000002,55119528.53702008
2017-12-28 00:00:00+00:00,1671681.5999999999,54946278.53702008
2017-12-29 00:00:00+00:00,1691841.5999999999,54771558.53702008
2018-01-02 00:00:00+00:00,0.0,56265222.83810008
2018-01-03 00:00:00+00:00,573590.4,55584134.001040086
2018-01-04 00:00:00+00:00,575260.7999999999,55623404.001040086
2018-01-05 00:00:00+00:00,1149436.8,54014608.40372009
2018-01-08 00:00:00+00:00,1155225.5999999999,54124228.40372009
2018-01-09 00:00:00+00:00,1155580.8,54259848.40372009
2018-01-10 00:00:00+00:00,1150483.2,52242204.762610085
2018-01-11 00:00:00+00:00,1153459.2,52238624.762610085
2018-01-12 00:00:00+00:00,1149513.5999999999,52419224.762610085
2018-01-15 00:00:00+00:00,1126492.8,52257444.76261008
2018-01-16 00:00:00+00:00,1128748.8,52643624.762610085
2018-01-17 00:00:00+00:00,1122355.2,52485584.76261008
2018-01-18 00:00:00+00:00,1129056.0,52875624.76261008
2018-01-19 00:00:00+00:00,1124035.2,53004424.76261008
2018-01-22 00:00:00+00:00,1145059.2,53546584.76261008
2018-01-23 00:00:00+00:00,1144560.0,53978024.76261008
2018-01-24 00:00:00+00:00,1156070.4,54083244.76261008
2018-01-25 00:00:00+00:00,1151990.4,53777444.76261008
2018-01-26 00:00:00+00:00,1153795.2,54023424.762610085
2018-01-29 00:00:00+00:00,1138502.4,53181744.762610085
2018-01-30 00:00:00+00:00,1136803.2,52744404.762610085
2018-01-31 00:00:00+00:00,1115846.4,52759844.762610085
2018-02-01 00:00:00+00:00,0.0,53693343.581650086
2018-02-02 00:00:00+00:00,539851.2,54374283.72237008
2018-02-05 00:00:00+00:00,539270.4,52877799.73969008
2018-02-06 00:00:00+00:00,512851.19999999995,50433756.51711008
2018-02-07 00:00:00+00:00,1021401.6,53100150.54768008
2018-02-08 00:00:00+00:00,1554840.0,55016087.29324008
2018-02-09 00:00:00+00:00,1491537.5999999999,55220761.422490075
2018-02-12 00:00:00+00:00,2043686.4,53739252.51366007
2018-02-13 00:00:00+00:00,2061868.7999999998,53410132.51366007
2018-02-14 00:00:00+00:00,2069126.4,53240152.51366007
2018-02-22 00:00:00+00:00,2111539.1999999997,52708512.51366007
2018-02-23 00:00:00+00:00,0.0,55751769.264260076
2018-02-26 00:00:00+00:00,0.0,55751769.264260076
2018-02-27 00:00:00+00:00,0.0,55751769.264260076
2018-02-28 00:00:00+00:00,0.0,55751769.264260076
2018-03-01 00:00:00+00:00,0.0,55751769.264260076
2018-03-02 00:00:00+00:00,0.0,55751769.264260076
2018-03-05 00:00:00+00:00,0.0,55751769.264260076
2018-03-06 00:00:00+00:00,0.0,55751769.264260076
2018-03-07 00:00:00+00:00,0.0,55751769.264260076
2018-03-08 00:00:00+00:00,0.0,55751769.264260076
2018-03-09 00:00:00+00:00,0.0,55751769.264260076
2018-03-12 00:00:00+00:00,568704.0,55218841.799580075
2018-03-13 00:00:00+00:00,565584.0,55192841.799580075
2018-03-14 00:00:00+00:00,559785.6,55144521.799580075
2018-03-15 00:00:00+00:00,559329.6,55140721.799580075
2018-03-16 00:00:00+00:00,555676.7999999999,55110281.799580075
2018-03-19 00:00:00+00:00,555292.7999999999,55107081.799580075
2018-03-20 00:00:00+00:00,557371.2,55124401.799580075
2018-03-21 00:00:00+00:00,551601.6,55076321.799580075
2018-03-22 00:00:00+00:00,551366.4,55074361.799580075
2018-03-23 00:00:00+00:00,0.0,55512478.23374008
2018-03-26 00:00:00+00:00,533884.7999999999,53694903.16930007
2018-03-27 00:00:00+00:00,548462.4,53494313.16930007
2018-03-28 00:00:00+00:00,0.0,54321136.90130007
2018-03-29 00:00:00+00:00,0.0,53398411.73030008
2018-03-30 00:00:00+00:00,0.0,53486791.73030008
2018-04-02 00:00:00+00:00,0.0,53592871.73030008
2018-04-03 00:00:00+00:00,0.0,53572741.73030008
2018-04-04 00:00:00+00:00,0.0,53605861.73030008
2018-04-09 00:00:00+00:00,0.0,53520661.73030008
2018-04-10 00:00:00+00:00,0.0,53148271.73030008
2018-04-11 00:00:00+00:00,0.0,53145691.73030008
2018-04-12 00:00:00+00:00,0.0,53335321.73030008
2018-04-13 00:00:00+00:00,0.0,53487451.73030008
2018-04-16 00:00:00+00:00,0.0,53848981.73030008
2018-04-17 00:00:00+00:00,0.0,53496737.65640008
2018-04-18 00:00:00+00:00,0.0,52212328.15154008
2018-04-19 00:00:00+00:00,0.0,51752848.15154008
2018-04-20 00:00:00+00:00,0.0,52374178.15154008
2018-04-23 00:00:00+00:00,0.0,52088968.15154008
2018-04-24 00:00:00+00:00,0.0,51299188.15154008
2018-04-25 00:00:00+00:00,0.0,51532438.15154008
2018-04-26 00:00:00+00:00,0.0,52111408.15154008
2018-04-27 00:00:00+00:00,0.0,52186498.15154008
2018-05-02 00:00:00+00:00,0.0,52102378.15154008
2018-05-03 00:00:00+00:00,0.0,51979048.15154008
2018-05-04 00:00:00+00:00,0.0,52228558.15154008
2018-05-07 00:00:00+00:00,0.0,51716938.15154008
2018-05-08 00:00:00+00:00,0.0,51211018.15154008
2018-05-09 00:00:00+00:00,0.0,52575064.13570008
2018-05-10 00:00:00+00:00,0.0,52443964.13570008
2018-05-11 00:00:00+00:00,0.0,52490884.13570008
2018-05-14 00:00:00+00:00,0.0,52261114.13570008
2018-05-15 00:00:00+00:00,0.0,54468053.82416008
2018-05-16 00:00:00+00:00,0.0,54468053.82416008
2018-05-17 00:00:00+00:00,0.0,54468053.82416008
2018-05-18 00:00:00+00:00,0.0,54468053.82416008
2018-05-21 00:00:00+00:00,0.0,54468053.82416008
2018-05-22 00:00:00+00:00,562276.7999999999,53062090.603040084
2018-05-23 00:00:00+00:00,555451.2,52896910.603040084
2018-05-24 00:00:00+00:00,553080.0,52822250.603040084
2018-05-25 00:00:00+00:00,544550.4,53608231.468340084
2018-05-28 00:00:00+00:00,0.0,54173699.73978008
2018-05-29 00:00:00+00:00,0.0,54173699.73978008
2018-05-30 00:00:00+00:00,0.0,54173699.73978008
2018-05-31 00:00:00+00:00,531873.6,51930465.39550008
2018-06-01 00:00:00+00:00,525014.4,52070785.39550008
2018-06-04 00:00:00+00:00,525662.4,51891055.39550008
2018-06-05 00:00:00+00:00,534854.4,51724035.39550008
2018-06-06 00:00:00+00:00,534432.0,51746155.39550008
2018-06-07 00:00:00+00:00,531316.7999999999,51764765.39550008
2018-06-08 00:00:00+00:00,524510.4,52047325.39550008
2018-06-11 00:00:00+00:00,522715.19999999995,51995265.39550008
2018-06-12 00:00:00+00:00,1054252.8,51258757.15230008
2018-06-13 00:00:00+00:00,1038720.0,51507087.15230008
2018-06-14 00:00:00+00:00,1036320.0,51533597.15230008
2018-06-15 00:00:00+00:00,1524643.2,51300665.44934008
2018-06-19 00:00:00+00:00,1891219.2,52400925.021580085
2018-06-20 00:00:00+00:00,1922764.7999999998,52059865.021580085
2018-06-21 00:00:00+00:00,1873344.0,52614715.021580085
2018-06-22 00:00:00+00:00,1911033.5999999996,52237695.021580085
2018-06-25 00:00:00+00:00,1880371.2,52751965.021580085
2018-06-26 00:00:00+00:00,1905120.0,52634975.021580085
2018-06-27 00:00:00+00:00,1869964.8,53288805.021580085
2018-06-28 00:00:00+00:00,1872288.0,53308295.021580085
2018-06-29 00:00:00+00:00,1938931.2,52442105.021580085
2018-07-02 00:00:00+00:00,1906982.4000000001,53227435.021580085
2018-07-03 00:00:00+00:00,1923436.7999999998,53021135.021580085
2018-07-04 00:00:00+00:00,1901529.5999999996,53309235.021580085
2018-07-05 00:00:00+00:00,1839763.2,53869705.021580085
2018-07-06 00:00:00+00:00,1850150.4000000001,53649075.021580085
2018-07-09 00:00:00+00:00,1902508.7999999998,52821525.021580085
2018-07-10 00:00:00+00:00,1912608.0,52740275.021580085
2018-07-11 00:00:00+00:00,1872883.2,53291395.021580085
2018-07-12 00:00:00+00:00,1936300.7999999998,52449295.021580085
2018-07-13 00:00:00+00:00,2426280.0,52562235.58524008
2018-07-16 00:00:00+00:00,2430096.0,52562685.58524008
2018-07-17 00:00:00+00:00,2423184.0,52651485.58524008
2018-07-18 00:00:00+00:00,2408160.0,52809685.58524008
2018-07-19 00:00:00+00:00,2387904.0,52963785.58524008
2018-07-20 00:00:00+00:00,2429088.0,52475835.58524008
2018-07-23 00:00:00+00:00,2450688.0,53140734.27369008
2018-07-24 00:00:00+00:00,0.0,55678827.39509009
2018-07-25 00:00:00+00:00,0.0,54573567.28409009
2018-07-26 00:00:00+00:00,0.0,54458547.28409009
2018-07-27 00:00:00+00:00,0.0,54463227.28409009
2018-07-30 00:00:00+00:00,0.0,54472317.28409009
2018-07-31 00:00:00+00:00,0.0,54494817.28409009
2018-08-01 00:00:00+00:00,0.0,54257397.28409009
2018-08-02 00:00:00+00:00,0.0,54615348.15779009
2018-08-03 00:00:00+00:00,0.0,55186994.47529009
2018-08-06 00:00:00+00:00,0.0,55186994.47529009
2018-08-07 00:00:00+00:00,465398.3999999999,54124543.897200085
2018-08-08 00:00:00+00:00,458452.8,54242273.897200085
2018-08-09 00:00:00+00:00,469934.3999999999,54056593.897200085
2018-08-10 00:00:00+00:00,473313.60000000003,54016193.897200085
2018-08-13 00:00:00+00:00,476203.19999999995,54008493.897200085
2018-08-14 00:00:00+00:00,475233.60000000003,54031423.897200085
2018-08-15 00:00:00+00:00,464025.60000000003,54224903.897200085
2018-08-16 00:00:00+00:00,458548.8,54277653.897200085
2018-08-17 00:00:00+00:00,450710.3999999999,54395263.897200085
2018-08-20 00:00:00+00:00,455044.8,53831700.92904009
2018-08-21 00:00:00+00:00,458985.60000000003,53687260.92904009
2018-08-22 00:00:00+00:00,457176.0,53704140.92904009
2018-08-23 00:00:00+00:00,459100.8,53683600.92904009
2018-08-24 00:00:00+00:00,457502.3999999999,53679820.92904009
2018-08-27 00:00:00+00:00,469104.0,53386580.92904009
2018-08-28 00:00:00+00:00,469622.3999999999,54238032.838880084
2018-08-29 00:00:00+00:00,467851.2,54252792.838880084
2018-08-30 00:00:00+00:00,460982.3999999999,54310032.838880084
2018-08-31 00:00:00+00:00,455025.60000000003,54359672.838880084
2018-09-03 00:00:00+00:00,458472.0,54330952.838880084
2018-09-04 00:00:00+00:00,462086.3999999999,54300832.838880084
2018-09-05 00:00:00+00:00,455179.2,54358392.838880084
2018-09-06 00:00:00+00:00,453542.3999999999,54372032.838880084
2018-09-07 00:00:00+00:00,453278.3999999999,54374232.838880084
2018-09-10 00:00:00+00:00,445588.8,54438312.838880084
2018-09-11 00:00:00+00:00,893126.4,53978510.57916009
2018-09-12 00:00:00+00:00,889430.4,54009310.57916009
2018-09-13 00:00:00+00:00,897609.6,53941150.57916009
2018-09-14 00:00:00+00:00,885513.6,54041950.57916009
2018-09-17 00:00:00+00:00,875692.7999999998,54123790.57916009
2018-09-18 00:00:00+00:00,1335398.4,53493809.31712008
2018-09-19 00:00:00+00:00,1351094.4,53363009.31712008
2018-09-20 00:00:00+00:00,1358596.8,53300489.31712008
2018-09-21 00:00:00+00:00,1391241.6,53028449.31712008
2018-09-25 00:00:00+00:00,0.0,53165035.74190008
2018-09-26 00:00:00+00:00,0.0,53305495.74190008
2018-09-27 00:00:00+00:00,0.0,52580230.42804008
2018-09-28 00:00:00+00:00,0.0,52767310.42804008
2018-10-08 00:00:00+00:00,0.0,50979699.83164008
2018-10-09 00:00:00+00:00,0.0,52318725.60736008
2018-10-10 00:00:00+00:00,0.0,52325205.60736008
2018-10-11 00:00:00+00:00,0.0,51712845.60736008
2018-10-12 00:00:00+00:00,409896.0,52746192.992650084
2018-10-15 00:00:00+00:00,401366.3999999999,52817272.992650084
2018-10-16 00:00:00+00:00,787516.7999999998,52554210.161410086
2018-10-17 00:00:00+00:00,1186704.0,52160648.70149009
2018-10-18 00:00:00+00:00,1157443.2,52404488.70149009
2018-10-19 00:00:00+00:00,1579852.8,51021622.76429009
2018-10-22 00:00:00+00:00,1673376.0,50003582.76429009
2018-10-23 00:00:00+00:00,0.0,52154106.112730086
2018-10-24 00:00:00+00:00,0.0,52154106.112730086
2018-10-25 00:00:00+00:00,0.0,52154106.112730086
2018-10-26 00:00:00+00:00,0.0,52154106.112730086
2018-10-29 00:00:00+00:00,0.0,52154106.112730086
2018-10-30 00:00:00+00:00,0.0,52154106.112730086
2018-10-31 00:00:00+00:00,0.0,52154106.112730086
2018-11-01 00:00:00+00:00,0.0,52154106.112730086
2018-11-02 00:00:00+00:00,0.0,52154106.112730086
2018-11-05 00:00:00+00:00,0.0,52154106.112730086
2018-11-06 00:00:00+00:00,0.0,52154106.112730086
2018-11-07 00:00:00+00:00,0.0,52154106.112730086
2018-11-08 00:00:00+00:00,0.0,52154106.112730086
2018-11-09 00:00:00+00:00,0.0,52154106.112730086
2018-11-12 00:00:00+00:00,0.0,52154106.112730086
2018-11-13 00:00:00+00:00,0.0,52154106.112730086
2018-11-14 00:00:00+00:00,220735.19999999995,51922800.38895008
2018-11-15 00:00:00+00:00,224793.6,51956620.38895008
2018-11-16 00:00:00+00:00,226195.19999999995,51968300.38895008
2018-11-19 00:00:00+00:00,680277.5999999999,51521545.50875008
2018-11-20 00:00:00+00:00,659930.4,51351985.50875008
2018-11-21 00:00:00+00:00,0.0,51978291.342650086
2018-11-22 00:00:00+00:00,0.0,51978291.342650086
2018-11-23 00:00:00+00:00,0.0,51978291.342650086
2018-11-26 00:00:00+00:00,0.0,51978291.342650086
2018-11-27 00:00:00+00:00,0.0,51978291.342650086
2018-11-28 00:00:00+00:00,0.0,51978291.342650086
2018-11-29 00:00:00+00:00,0.0,51978291.342650086
2018-11-30 00:00:00+00:00,0.0,51978291.342650086
2018-12-03 00:00:00+00:00,0.0,51978291.342650086
2018-12-04 00:00:00+00:00,0.0,51978291.342650086
2018-12-05 00:00:00+00:00,0.0,51978291.342650086
2018-12-06 00:00:00+00:00,0.0,51978291.342650086
2018-12-07 00:00:00+00:00,0.0,51978291.342650086
2018-12-10 00:00:00+00:00,0.0,51978291.342650086
2018-12-11 00:00:00+00:00,0.0,51978291.342650086
2018-12-12 00:00:00+00:00,0.0,51978291.342650086
2018-12-13 00:00:00+00:00,0.0,51978291.342650086
2018-12-14 00:00:00+00:00,0.0,51978291.342650086
2018-12-17 00:00:00+00:00,0.0,51978291.342650086
2018-12-18 00:00:00+00:00,0.0,51978291.342650086
2018-12-19 00:00:00+00:00,0.0,51978291.342650086
2018-12-20 00:00:00+00:00,414902.3999999999,50302052.90658008
2018-12-21 00:00:00+00:00,412296.0,49869145.834980085
2018-12-24 00:00:00+00:00,417100.8,48419001.66262008
2018-12-25 00:00:00+00:00,411235.2,48619321.66262008
2018-12-26 00:00:00+00:00,410630.3999999999,48834961.66262008
2018-12-27 00:00:00+00:00,404942.3999999999,48889921.66262008
2018-12-28 00:00:00+00:00,403905.60000000003,48906601.66262008
2019-01-02 00:00:00+00:00,401592.0,49272921.66262008
2019-01-03 00:00:00+00:00,400593.60000000003,49222141.66262008
2019-01-04 00:00:00+00:00,412473.60000000003,48406801.66262008
2019-01-07 00:00:00+00:00,418430.3999999999,48360041.66262008
2019-01-08 00:00:00+00:00,0.0,48811146.424460076
2019-01-09 00:00:00+00:00,0.0,48522846.424460076
2019-01-10 00:00:00+00:00,0.0,49872793.39646008
2019-01-11 00:00:00+00:00,0.0,49693513.39646008
2019-01-14 00:00:00+00:00,0.0,49895113.39646008
2019-01-15 00:00:00+00:00,0.0,49518553.39646008
2019-01-16 00:00:00+00:00,0.0,51610467.16022008
2019-01-17 00:00:00+00:00,0.0,51610467.16022008
2019-01-18 00:00:00+00:00,0.0,51610467.16022008
2019-01-21 00:00:00+00:00,0.0,49972085.26268008
2019-01-22 00:00:00+00:00,422227.2,49292546.99628008
2019-01-23 00:00:00+00:00,422899.2,49244746.99628008
2019-01-24 00:00:00+00:00,426451.2,49396266.99628008
2019-01-25 00:00:00+00:00,424123.2,49530706.99628008
2019-01-28 00:00:00+00:00,422265.60000000003,48448322.91107008
2019-01-29 00:00:00+00:00,417216.0,48583632.91107008
2019-01-30 00:00:00+00:00,0.0,48878849.12683008
2019-01-31 00:00:00+00:00,0.0,49236239.12683008
2019-02-01 00:00:00+00:00,0.0,47576448.46051008
2019-02-11 00:00:00+00:00,0.0,47091081.03871008
2019-02-12 00:00:00+00:00,437092.8,46938362.41863008
2019-02-13 00:00:00+00:00,445084.8,48151922.41863008
2019-02-14 00:00:00+00:00,447768.0,48172962.41863008
2019-02-15 00:00:00+00:00,444374.3999999999,47018842.41863008
2019-02-18 00:00:00+00:00,461587.2,48546602.41863008
2019-02-19 00:00:00+00:00,459811.2,48403642.41863008
2019-02-20 00:00:00+00:00,459120.0,48617722.41863008
2019-02-21 00:00:00+00:00,460104.0,48490082.41863008
2019-02-22 00:00:00+00:00,474196.8,49923202.41863008
2019-02-25 00:00:00+00:00,505603.19999999995,54466522.41863008
2019-02-26 00:00:00+00:00,499699.19999999995,52670962.41863008
2019-02-27 00:00:00+00:00,495182.3999999999,52604762.41863008
2019-02-28 00:00:00+00:00,496876.8,52521322.41863008
2019-03-01 00:00:00+00:00,501480.0,53914362.41863008
2019-03-04 00:00:00+00:00,507715.19999999995,54363402.41863008
2019-03-05 00:00:00+00:00,522955.19999999995,54768202.41863008
2019-03-06 00:00:00+00:00,532939.2,55066442.41863008
2019-03-07 00:00:00+00:00,537124.7999999999,54308602.41863008
2019-03-08 00:00:00+00:00,522715.19999999995,51980642.41863008
2019-03-11 00:00:00+00:00,537758.4,52634602.41863008
2019-03-12 00:00:00+00:00,547368.0,53046842.41863007
2019-03-13 00:00:00+00:00,533294.4,52831402.41863007
2019-03-14 00:00:00+00:00,522043.19999999995,52596162.41863007
2019-03-15 00:00:00+00:00,527347.2,53360842.41863007
2019-03-18 00:00:00+00:00,545467.2,55178162.41863007
2019-03-19 00:00:00+00:00,542856.0,54635722.41863007
2019-03-20 00:00:00+00:00,541137.6,54706482.41863008
2019-03-21 00:00:00+00:00,548198.4,54536002.41863008
2019-03-22 00:00:00+00:00,555105.6,54693162.41863008
2019-03-25 00:00:00+00:00,545942.4,52845002.41863008
2019-03-26 00:00:00+00:00,530054.4,52453162.41863008
2019-03-27 00:00:00+00:00,533380.7999999999,52913362.41863008
2019-03-28 00:00:00+00:00,526156.7999999999,52782962.41863008
2019-03-29 00:00:00+00:00,547507.2,55283002.41863008
2019-04-01 00:00:00+00:00,570417.6,56897602.41863008
2019-04-02 00:00:00+00:00,568497.6,56808882.41863008
2019-04-03 00:00:00+00:00,576609.6,57670282.41863008
2019-04-04 00:00:00+00:00,581952.0,58531762.41863008
2019-04-08 00:00:00+00:00,573859.2,58241242.41863008
2019-04-09 00:00:00+00:00,577420.7999999999,58563842.41863008
2019-04-10 00:00:00+00:00,575640.0,58768722.41863008
2019-04-11 00:00:00+00:00,565987.2,57493322.41863008
2019-04-12 00:00:00+00:00,564009.6,57351442.41863008
2019-04-15 00:00:00+00:00,554884.7999999999,56969762.41863008
2019-04-16 00:00:00+00:00,569745.6,59314082.418630086
2019-04-17 00:00:00+00:00,571051.2,59046922.418630086
2019-04-18 00:00:00+00:00,567806.4,58809162.418630086
2019-04-19 00:00:00+00:00,574051.2,59700362.418630086
2019-04-22 00:00:00+00:00,564230.4,57988562.41863009
2019-04-23 00:00:00+00:00,551884.7999999999,57960922.418630086
2019-04-24 00:00:00+00:00,559262.4,57950522.41863009
2019-04-25 00:00:00+00:00,537811.2,56747562.418630086
2019-04-26 00:00:00+00:00,267117.6,58367240.28141008
2019-04-29 00:00:00+00:00,261333.59999999998,62290219.672210075
2019-04-30 00:00:00+00:00,261751.19999999998,62293699.672210075
2019-05-06 00:00:00+00:00,239030.4,62104359.672210075
2019-05-07 00:00:00+00:00,0.0,61286675.36909007
2019-05-08 00:00:00+00:00,0.0,61436795.36909007
2019-05-09 00:00:00+00:00,0.0,61158468.003890075
2019-05-10 00:00:00+00:00,0.0,59434643.716880076
2019-05-13 00:00:00+00:00,0.0,59842523.716880076
2019-05-14 00:00:00+00:00,0.0,60010283.716880076
2019-05-15 00:00:00+00:00,0.0,59464163.716880076
2019-05-16 00:00:00+00:00,0.0,59386763.716880076
2019-05-17 00:00:00+00:00,0.0,59902823.716880076
2019-05-20 00:00:00+00:00,0.0,60131783.716880076
2019-05-21 00:00:00+00:00,0.0,59931263.716880076
2019-05-22 00:00:00+00:00,0.0,59998943.716880076
2019-05-23 00:00:00+00:00,0.0,60388643.716880076
2019-05-24 00:00:00+00:00,0.0,59640673.66100007
2019-05-27 00:00:00+00:00,0.0,59344393.66100007
2019-05-28 00:00:00+00:00,0.0,59188873.66100007
2019-05-29 00:00:00+00:00,0.0,59091673.66100007
2019-05-30 00:00:00+00:00,0.0,59165413.66100007
2019-05-31 00:00:00+00:00,0.0,59362273.66100007
2019-06-03 00:00:00+00:00,0.0,59161033.66100007
2019-06-04 00:00:00+00:00,0.0,59378713.66100007
2019-06-05 00:00:00+00:00,0.0,59461093.66100007
2019-06-06 00:00:00+00:00,0.0,59662933.66100007
2019-06-10 00:00:00+00:00,235524.0,59021501.43712007
2019-06-11 00:00:00+00:00,246576.0,58031261.43712007
2019-06-12 00:00:00+00:00,243532.80000000002,61592590.76768008
2019-06-13 00:00:00+00:00,244656.0,61583230.76768008
2019-06-14 00:00:00+00:00,241147.19999999995,61612470.76768008
2019-06-17 00:00:00+00:00,242340.0,61602530.76768008
2019-06-18 00:00:00+00:00,242239.19999999995,61603370.76768008
2019-06-19 00:00:00+00:00,245484.0,61576330.76768008
2019-06-20 00:00:00+00:00,250500.0,60520395.88849008
2019-06-21 00:00:00+00:00,0.0,59271788.64542009
2019-06-24 00:00:00+00:00,254217.59999999998,59049159.00860009
2019-06-25 00:00:00+00:00,251469.59999999998,58687679.00860009
2019-06-26 00:00:00+00:00,251234.4,58659439.00860009
2019-06-27 00:00:00+00:00,253329.59999999998,59003239.00860009
2019-06-28 00:00:00+00:00,251428.80000000002,59001019.00860009
2019-07-01 00:00:00+00:00,258072.0,59664539.00860009
2019-07-02 00:00:00+00:00,257222.4,58798048.583050095
2019-07-03 00:00:00+00:00,255751.19999999998,58478018.583050095
2019-07-04 00:00:00+00:00,254697.59999999998,58302888.583050095
2019-07-05 00:00:00+00:00,256384.8,58448498.583050095
2019-07-08 00:00:00+00:00,246398.4,57562478.583050095
2019-07-09 00:00:00+00:00,0.0,57728882.03111009
2019-07-10 00:00:00+00:00,0.0,57737672.03111009
2019-07-11 00:00:00+00:00,0.0,57751562.03111009
2019-07-12 00:00:00+00:00,0.0,58001732.03111009
2019-07-15 00:00:00+00:00,0.0,58091582.03111009
2019-07-16 00:00:00+00:00,0.0,57936962.03111009
2019-07-17 00:00:00+00:00,0.0,57842822.03111009
2019-07-18 00:00:00+00:00,0.0,57664082.03111009
2019-07-19 00:00:00+00:00,0.0,60207324.82787009
2019-07-22 00:00:00+00:00,0.0,60114084.82787009
2019-07-23 00:00:00+00:00,0.0,60106524.82787009
2019-07-24 00:00:00+00:00,0.0,60242184.82787009
2019-07-25 00:00:00+00:00,0.0,60379944.82787009
2019-07-26 00:00:00+00:00,0.0,60394644.82787009
2019-07-29 00:00:00+00:00,0.0,60364824.82787009
2019-07-30 00:00:00+00:00,0.0,60428244.82787009
2019-07-31 00:00:00+00:00,0.0,59156747.5111701
2019-08-01 00:00:00+00:00,0.0,58919147.5111701
2019-08-02 00:00:00+00:00,0.0,58528187.5111701
2019-08-05 00:00:00+00:00,0.0,60830051.3338101
2019-08-06 00:00:00+00:00,0.0,59011015.0338201
2019-08-07 00:00:00+00:00,475396.8,58705872.7578201
2019-08-08 00:00:00+00:00,955968.0,58027568.1777001
2019-08-09 00:00:00+00:00,946444.7999999998,58151208.1777001
2019-08-12 00:00:00+00:00,1449230.4,57212453.231100105
2019-08-13 00:00:00+00:00,1443326.4,57360713.231100105
2019-08-14 00:00:00+00:00,1453550.4,57187133.231100105
2019-08-15 00:00:00+00:00,1464696.0,57020483.231100105
2019-08-16 00:00:00+00:00,1468540.8,56945213.231100105
2019-08-19 00:00:00+00:00,1528041.5999999999,56061323.231100105
2019-08-20 00:00:00+00:00,0.0,59287807.2870001
2019-08-21 00:00:00+00:00,0.0,59287807.2870001
2019-08-22 00:00:00+00:00,0.0,59287807.2870001
2019-08-23 00:00:00+00:00,0.0,59287807.2870001
2019-08-26 00:00:00+00:00,0.0,59287807.2870001
2019-08-27 00:00:00+00:00,0.0,59287807.2870001
2019-08-28 00:00:00+00:00,0.0,59287807.2870001
2019-08-29 00:00:00+00:00,0.0,59287807.2870001
2019-08-30 00:00:00+00:00,0.0,59287807.2870001
2019-09-02 00:00:00+00:00,0.0,59287807.2870001
2019-09-03 00:00:00+00:00,525105.6,58772591.64692009
2019-09-04 00:00:00+00:00,534969.6,58854791.64692009
2019-09-05 00:00:00+00:00,1075776.0,56257411.74230009
2019-09-06 00:00:00+00:00,1081152.0,56518931.74230009
2019-09-09 00:00:00+00:00,1101552.0,54369318.738500096
2019-09-10 00:00:00+00:00,1098988.8,54256998.738500096
2019-09-11 00:00:00+00:00,1095129.5999999999,54019158.738500096
2019-09-12 00:00:00+00:00,1924624.7999999998,55728922.23756009
2019-09-16 00:00:00+00:00,1923600.0,55642982.23756009
2019-09-17 00:00:00+00:00,1884153.5999999999,54989542.23756009
2019-09-18 00:00:00+00:00,0.0,59137333.536280096
2019-09-19 00:00:00+00:00,0.0,59137333.536280096
2019-09-20 00:00:00+00:00,0.0,59137333.536280096
2019-09-23 00:00:00+00:00,0.0,59137333.536280096
2019-09-24 00:00:00+00:00,0.0,59137333.536280096
2019-09-25 00:00:00+00:00,0.0,59137333.536280096
2019-09-26 00:00:00+00:00,0.0,59137333.536280096
2019-09-27 00:00:00+00:00,0.0,59137333.536280096
2019-09-30 00:00:00+00:00,0.0,59137333.536280096
2019-10-08 00:00:00+00:00,0.0,59137333.536280096
2019-10-09 00:00:00+00:00,0.0,59137333.536280096
2019-10-10 00:00:00+00:00,0.0,59137333.536280096
2019-10-11 00:00:00+00:00,0.0,59137333.536280096
2019-10-14 00:00:00+00:00,0.0,59137333.536280096
2019-10-15 00:00:00+00:00,0.0,59137333.536280096
2019-10-16 00:00:00+00:00,0.0,59137333.536280096
2019-10-17 00:00:00+00:00,0.0,59137333.536280096
2019-10-18 00:00:00+00:00,0.0,59137333.536280096
2019-10-21 00:00:00+00:00,0.0,59137333.536280096
2019-10-22 00:00:00+00:00,0.0,59137333.536280096
2019-10-23 00:00:00+00:00,0.0,59137333.536280096
2019-10-24 00:00:00+00:00,0.0,59137333.536280096
2019-10-25 00:00:00+00:00,0.0,59137333.536280096
2019-10-28 00:00:00+00:00,0.0,59137333.536280096
2019-10-29 00:00:00+00:00,0.0,59137333.536280096
2019-10-30 00:00:00+00:00,0.0,59137333.536280096
2019-10-31 00:00:00+00:00,0.0,59137333.536280096
2019-11-01 00:00:00+00:00,0.0,59137333.536280096
2019-11-04 00:00:00+00:00,0.0,59137333.536280096
2019-11-05 00:00:00+00:00,0.0,59137333.536280096
2019-11-06 00:00:00+00:00,0.0,58007912.0729801
2019-11-07 00:00:00+00:00,0.0,58024292.0729801
2019-11-08 00:00:00+00:00,0.0,57975512.0729801
2019-11-11 00:00:00+00:00,0.0,57833852.0729801
2019-11-12 00:00:00+00:00,0.0,57813332.0729801
2019-11-13 00:00:00+00:00,0.0,58891040.2649201
2019-11-14 00:00:00+00:00,0.0,58891040.2649201
2019-11-15 00:00:00+00:00,0.0,58891040.2649201
2019-11-18 00:00:00+00:00,0.0,58891040.2649201
2019-11-19 00:00:00+00:00,0.0,58891040.2649201
2019-11-20 00:00:00+00:00,0.0,58891040.2649201
2019-11-21 00:00:00+00:00,0.0,58891040.2649201
2019-11-22 00:00:00+00:00,0.0,58891040.2649201
2019-11-25 00:00:00+00:00,0.0,57618979.5012101
2019-11-26 00:00:00+00:00,0.0,57635149.5012101
2019-11-27 00:00:00+00:00,0.0,57634489.5012101
2019-11-28 00:00:00+00:00,0.0,57682339.5012101
2019-11-29 00:00:00+00:00,0.0,57836119.5012101
2019-12-02 00:00:00+00:00,0.0,55493279.7754301
2019-12-03 00:00:00+00:00,0.0,55364039.7754301
2019-12-04 00:00:00+00:00,0.0,55419809.7754301
2019-12-05 00:00:00+00:00,0.0,55211909.7754301
2019-12-06 00:00:00+00:00,0.0,55001759.7754301
2019-12-09 00:00:00+00:00,809913.6000000001,54237325.7544101
2019-12-10 00:00:00+00:00,813880.7999999999,54243745.7544101
2019-12-11 00:00:00+00:00,810878.3999999999,54090835.7544101
2019-12-12 00:00:00+00:00,808653.6000000001,54200905.7544101
2019-12-13 00:00:00+00:00,820778.3999999999,53538745.7544101
2019-12-16 00:00:00+00:00,1664568.0,56530485.4726001
2019-12-17 00:00:00+00:00,2535818.4,56015840.2093601
2019-12-18 00:00:00+00:00,3380688.0,53903354.0920301
2019-12-19 00:00:00+00:00,3386563.1999999997,53940434.0920301
2019-12-20 00:00:00+00:00,3356697.5999999996,53671424.0920301
2019-12-23 00:00:00+00:00,3272601.5999999996,52853144.0920301
2019-12-24 00:00:00+00:00,0.0,56304521.7993101
2019-12-25 00:00:00+00:00,0.0,56279441.7993101
2019-12-26 00:00:00+00:00,0.0,56364581.7993101
2019-12-27 00:00:00+00:00,0.0,56404511.7993101
2019-12-30 00:00:00+00:00,0.0,56567531.7993101
2019-12-31 00:00:00+00:00,0.0,55182954.7110401
2020-01-02 00:00:00+00:00,0.0,54146144.29702011
2020-01-03 00:00:00+00:00,578088.0,49831530.28930011
2020-01-06 00:00:00+00:00,584001.6,49447910.28930011
2020-01-07 00:00:00+00:00,591307.2,49898790.28930011
2020-01-08 00:00:00+00:00,584064.0,49233630.28930011
2020-01-09 00:00:00+00:00,590985.6,49833410.28930011
2020-01-10 00:00:00+00:00,587760.0,49855280.28930011
2020-01-13 00:00:00+00:00,598852.7999999999,50531370.28930011
2020-01-14 00:00:00+00:00,595200.0,50341780.28930011
2020-01-15 00:00:00+00:00,593971.2,49659090.28930011
2020-01-16 00:00:00+00:00,1489944.0,53398571.4083001
2020-01-17 00:00:00+00:00,1480284.0,53339221.4083001
2020-01-20 00:00:00+00:00,1505376.0,53715271.4083001
2020-01-21 00:00:00+00:00,2371315.1999999997,52087526.5538401
2020-01-22 00:00:00+00:00,2398848.0,55043252.2040401
2020-01-23 00:00:00+00:00,2294054.4,54169972.2040401
2020-02-03 00:00:00+00:00,0.0,53605358.9951201
2020-02-04 00:00:00+00:00,265620.0,50734300.4654901
2020-02-05 00:00:00+00:00,271593.6,50528040.4654901
2020-02-06 00:00:00+00:00,281568.0,49898170.4654901
2020-02-07 00:00:00+00:00,0.0,53111742.417870104
2020-02-10 00:00:00+00:00,0.0,53111742.417870104
2020-02-11 00:00:00+00:00,0.0,53111742.417870104
2020-02-12 00:00:00+00:00,0.0,53111742.417870104
2020-02-13 00:00:00+00:00,0.0,53111742.417870104
2020-02-14 00:00:00+00:00,0.0,53111742.417870104
2020-02-17 00:00:00+00:00,0.0,53111742.417870104
2020-02-18 00:00:00+00:00,302337.6,52815103.78805011
2020-02-19 00:00:00+00:00,301192.8,52805563.78805011
2020-02-20 00:00:00+00:00,306470.39999999997,52849543.78805011
2020-02-21 00:00:00+00:00,624532.7999999999,52640017.8561701
2020-02-24 00:00:00+00:00,1255766.4,52087378.486170106
2020-02-25 00:00:00+00:00,1265846.4,52171378.486170106
2020-02-26 00:00:00+00:00,1854259.2000000002,51219293.44125011
2020-02-27 00:00:00+00:00,1852502.4,51204653.44125011
2020-02-28 00:00:00+00:00,1746417.5999999999,50320613.44125011
2020-03-02 00:00:00+00:00,0.0,52394826.5376901
2020-03-03 00:00:00+00:00,0.0,52394826.5376901
2020-03-04 00:00:00+00:00,0.0,52394826.5376901
2020-03-05 00:00:00+00:00,0.0,52394826.5376901
2020-03-06 00:00:00+00:00,0.0,51415087.214010105
2020-03-09 00:00:00+00:00,0.0,51114367.214010105
2020-03-10 00:00:00+00:00,0.0,52039468.05441011
2020-03-11 00:00:00+00:00,0.0,52039468.05441011
2020-03-12 00:00:00+00:00,0.0,52039468.05441011
2020-03-13 00:00:00+00:00,0.0,52039468.05441011
2020-03-16 00:00:00+00:00,0.0,51289700.93580011
2020-03-17 00:00:00+00:00,279302.39999999997,50156744.81979011
2020-03-18 00:00:00+00:00,275085.6,50294203.59712011
2020-03-19 00:00:00+00:00,278330.39999999997,50514633.59712011
2020-03-20 00:00:00+00:00,281995.2,49928733.59712011
2020-03-23 00:00:00+00:00,270938.39999999997,50762533.59712011
2020-03-24 00:00:00+00:00,274528.8,49999143.59712011
2020-03-25 00:00:00+00:00,280620.0,49373373.59712011
2020-03-26 00:00:00+00:00,277749.6,49510333.59712011
2020-03-27 00:00:00+00:00,275817.6,49362243.59712011
2020-03-30 00:00:00+00:00,271538.39999999997,49474373.59712011
2020-03-31 00:00:00+00:00,270643.2,49606603.59712011
2020-04-01 00:00:00+00:00,270184.8,49619183.59712011
2020-04-02 00:00:00+00:00,280008.0,49046793.59712011
2020-04-03 00:00:00+00:00,276254.39999999997,49282583.59712011
2020-04-07 00:00:00+00:00,284517.6,48684433.59712011
2020-04-08 00:00:00+00:00,0.0,52002079.11114012
2020-04-09 00:00:00+00:00,0.0,52002079.11114012
2020-04-10 00:00:00+00:00,0.0,52002079.11114012
2020-04-13 00:00:00+00:00,0.0,52002079.11114012
2020-04-14 00:00:00+00:00,0.0,52002079.11114012
2020-04-15 00:00:00+00:00,0.0,51235265.39403012
2020-04-16 00:00:00+00:00,0.0,51257105.39403012
2020-04-17 00:00:00+00:00,289987.2,51020623.20963012
2020-04-20 00:00:00+00:00,292384.8,51074203.20963012
2020-04-21 00:00:00+00:00,290208.0,50018032.49539012
2020-04-22 00:00:00+00:00,293697.6,50178962.49539012
2020-04-23 00:00:00+00:00,291688.8,50130722.49539012
2020-04-24 00:00:00+00:00,288021.6,50057412.49539012
2020-04-27 00:00:00+00:00,287282.39999999997,50197052.49539012
2020-04-28 00:00:00+00:00,285040.8,50283222.49539012
2020-04-29 00:00:00+00:00,286476.0,50407232.49539012
2020-04-30 00:00:00+00:00,294415.2,48874649.52594012
2020-05-06 00:00:00+00:00,298922.39999999997,48094977.66864012
2020-05-07 00:00:00+00:00,298315.2,48012667.66864012
2020-05-08 00:00:00+00:00,302577.6,48398437.66864012
2020-05-11 00:00:00+00:00,301936.8,48402847.66864012
2020-05-12 00:00:00+00:00,302918.39999999997,48365427.66864012
2020-05-13 00:00:00+00:00,304612.8,48475397.66864012
2020-05-14 00:00:00+00:00,303357.6,48054987.66864012
2020-05-15 00:00:00+00:00,303134.39999999997,47812077.66864012
2020-05-18 00:00:00+00:00,302280.0,48156857.66864012
2020-05-19 00:00:00+00:00,305916.0,48503507.66864012
2020-05-20 00:00:00+00:00,303446.39999999997,48443177.66864012
2020-05-21 00:00:00+00:00,299690.39999999997,48177577.66864012
2020-05-22 00:00:00+00:00,295459.2,47085567.66864012
2020-05-25 00:00:00+00:00,0.0,51901900.484280124
2020-05-26 00:00:00+00:00,0.0,51901900.484280124
2020-05-27 00:00:00+00:00,0.0,51901900.484280124
2020-05-28 00:00:00+00:00,0.0,51901900.484280124
2020-05-29 00:00:00+00:00,0.0,51901900.484280124
2020-06-01 00:00:00+00:00,0.0,51901900.484280124
2020-06-02 00:00:00+00:00,619550.4,51248765.049880125
2020-06-03 00:00:00+00:00,618312.0,48913917.02566013
2020-06-04 00:00:00+00:00,618921.6,48909937.02566013
2020-06-05 00:00:00+00:00,621566.4,49071717.02566013
2020-06-08 00:00:00+00:00,619459.2,49105757.02566013
2020-06-09 00:00:00+00:00,623611.2,49266417.02566013
2020-06-10 00:00:00+00:00,624081.6,46478687.841000125
2020-06-11 00:00:00+00:00,623318.4,45926057.841000125
2020-06-12 00:00:00+00:00,625742.4,46168887.841000125
2020-06-15 00:00:00+00:00,623361.6,45448037.841000125
2020-06-16 00:00:00+00:00,637027.2,48678857.09166013
2020-06-17 00:00:00+00:00,1280150.4,48125322.94786013
2020-06-18 00:00:00+00:00,1288608.0,48444622.94786013
2020-06-19 00:00:00+00:00,1951401.5999999999,47057825.837040134
2020-06-22 00:00:00+00:00,1950580.7999999998,45852458.07159013
2020-06-23 00:00:00+00:00,1959393.5999999999,46129388.07159013
2020-06-24 00:00:00+00:00,1961784.0,46571468.07159013
2020-06-29 00:00:00+00:00,1950307.2000000002,46133378.07159013
2020-06-30 00:00:00+00:00,1981670.4,46783658.07159013
2020-07-01 00:00:00+00:00,1990886.4,47966618.07159013
2020-07-02 00:00:00+00:00,2033510.4,49518428.07159013
2020-07-03 00:00:00+00:00,2061028.7999999998,50757998.071590126
2020-07-06 00:00:00+00:00,2153376.0,55321538.071590126
2020-07-07 00:00:00+00:00,2185891.2,55161848.071590126
2020-07-08 00:00:00+00:00,2225304.0,56019248.071590126
2020-07-09 00:00:00+00:00,2290809.5999999996,57202208.071590126
2020-07-10 00:00:00+00:00,2284531.2,56034938.071590126
2020-07-13 00:00:00+00:00,2356041.5999999996,57550358.071590126
2020-07-14 00:00:00+00:00,2319292.8,56730398.071590126
2020-07-15 00:00:00+00:00,2266012.8,55724498.071590126
2020-07-16 00:00:00+00:00,2151014.4,52201538.071590126
2020-07-17 00:00:00+00:00,2163110.4,52700678.071590126
2020-07-20 00:00:00+00:00,2212891.2,54453278.071590126
2020-07-21 00:00:00+00:00,2228472.0,54671888.071590126
2020-07-22 00:00:00+00:00,2244816.0,55023458.071590126
2020-07-23 00:00:00+00:00,2247897.5999999996,55075868.071590126
2020-07-24 00:00:00+00:00,2129803.2,51777428.071590126
2020-07-27 00:00:00+00:00,2486215.1999999997,54902283.34594013
2020-07-28 00:00:00+00:00,2504006.4,55159023.34594013
2020-07-29 00:00:00+00:00,2603882.4,56417083.34594013
2020-07-30 00:00:00+00:00,2584512.0,56143823.34594013
2020-07-31 00:00:00+00:00,2609728.8,56398603.34594013
2020-08-03 00:00:00+00:00,2670780.0,57182403.34594013
2020-08-04 00:00:00+00:00,2657155.1999999997,57269503.34594013
2020-08-05 00:00:00+00:00,2676626.4,57273843.34594013
2020-08-06 00:00:00+00:00,2680944.0,57305983.34594013
2020-08-07 00:00:00+00:00,2652266.4,56876443.34594013
2020-08-10 00:00:00+00:00,2668764.0,57175683.34594013
2020-08-11 00:00:00+00:00,2611744.8,56512363.34594013
2020-08-12 00:00:00+00:00,2582344.8,56236643.34594013
2020-08-13 00:00:00+00:00,2593550.4,56226343.34594013
2020-08-14 00:00:00+00:00,2655559.1999999997,57165483.34594013
2020-08-17 00:00:00+00:00,2688638.4,57920663.34594013
2020-08-18 00:00:00+00:00,2702095.1999999997,57299374.488330126
2020-08-19 00:00:00+00:00,2649763.1999999997,56366114.488330126
2020-08-20 00:00:00+00:00,2635483.1999999997,55974834.488330126
2020-08-21 00:00:00+00:00,2646184.8,56276894.488330126
2020-08-24 00:00:00+00:00,2654786.4,56360304.488330126
2020-08-25 00:00:00+00:00,2646756.0,56459614.488330126
2020-08-26 00:00:00+00:00,2611207.1999999997,55838594.488330126
2020-08-27 00:00:00+00:00,2640993.6,56249444.488330126
2020-08-28 00:00:00+00:00,2702095.1999999997,57456874.488330126
2020-08-31 00:00:00+00:00,2673686.4,56878314.488330126
2020-09-01 00:00:00+00:00,2700146.4,57301284.488330126
2020-09-02 00:00:00+00:00,2685463.1999999997,57045454.488330126
2020-09-03 00:00:00+00:00,2676122.4,56926034.488330126
2020-09-04 00:00:00+00:00,2669150.4,56595264.488330126
2020-09-07 00:00:00+00:00,2605125.6,55561774.488330126
2020-09-08 00:00:00+00:00,3009753.6,58095566.41862012
2020-09-09 00:00:00+00:00,2933241.6,57457966.41862012
2020-09-10 00:00:00+00:00,0.0,60285995.77222012
2020-09-11 00:00:00+00:00,363988.8,59898142.62962012
2020-09-14 00:00:00+00:00,367036.8,59872742.62962012
2020-09-15 00:00:00+00:00,368985.6,59856502.62962012
2020-09-16 00:00:00+00:00,368253.6,59862602.62962012
2020-09-17 00:00:00+00:00,369787.2,59849822.62962012
2020-09-18 00:00:00+00:00,378360.0,59778382.62962012
2020-09-21 00:00:00+00:00,0.0,60128953.87832012
2020-09-22 00:00:00+00:00,0.0,60128953.87832012
2020-09-23 00:00:00+00:00,0.0,60128953.87832012
2020-09-24 00:00:00+00:00,0.0,60128953.87832012
2020-09-25 00:00:00+00:00,0.0,60128953.87832012
2020-09-28 00:00:00+00:00,0.0,60128953.87832012
2020-09-29 00:00:00+00:00,0.0,60128953.87832012
2020-09-30 00:00:00+00:00,0.0,60128953.87832012
2020-10-09 00:00:00+00:00,0.0,60128953.87832012
2020-10-12 00:00:00+00:00,0.0,60128953.87832012
2020-10-13 00:00:00+00:00,0.0,58557624.329180114
2020-10-14 00:00:00+00:00,0.0,58504554.329180114
2020-10-15 00:00:00+00:00,0.0,58513734.329180114
2020-10-16 00:00:00+00:00,0.0,58520814.329180114
2020-10-19 00:00:00+00:00,0.0,58400334.329180114
2020-10-20 00:00:00+00:00,0.0,58452834.329180114
2020-10-21 00:00:00+00:00,0.0,58513464.329180114
2020-10-22 00:00:00+00:00,0.0,58466574.329180114
2020-10-23 00:00:00+00:00,0.0,58400634.329180114
2020-10-26 00:00:00+00:00,0.0,58194324.329180114
2020-10-27 00:00:00+00:00,0.0,58207164.329180114
2020-10-28 00:00:00+00:00,0.0,58316184.329180114
2020-10-29 00:00:00+00:00,0.0,58432104.329180114
2020-10-30 00:00:00+00:00,0.0,58182534.329180114
2020-11-02 00:00:00+00:00,0.0,58206714.329180114
2020-11-03 00:00:00+00:00,0.0,58353954.329180114
2020-11-04 00:00:00+00:00,0.0,58463454.329180114
2020-11-05 00:00:00+00:00,0.0,58676814.329180114
2020-11-06 00:00:00+00:00,0.0,57680714.06234011
2020-11-09 00:00:00+00:00,0.0,58158884.06234011
2020-11-10 00:00:00+00:00,0.0,55912759.66634011
2020-11-11 00:00:00+00:00,0.0,55746649.66634011
2020-11-12 00:00:00+00:00,0.0,55606189.66634011
2020-11-13 00:00:00+00:00,0.0,55003609.66634011
2020-11-16 00:00:00+00:00,0.0,55466269.66634011
2020-11-17 00:00:00+00:00,0.0,55402339.66634011
2020-11-18 00:00:00+00:00,0.0,55451899.66634011
2020-11-19 00:00:00+00:00,0.0,55889179.66634011
2020-11-20 00:00:00+00:00,0.0,55938319.66634011
2020-11-23 00:00:00+00:00,0.0,56542699.66634011
2020-11-24 00:00:00+00:00,386452.8,54592885.388570115
2020-11-25 00:00:00+00:00,380450.39999999997,53978415.388570115
2020-11-26 00:00:00+00:00,379788.0,54275835.388570115
2020-11-27 00:00:00+00:00,381568.8,55240895.38857011
2020-11-30 00:00:00+00:00,378501.6,54742565.38857011
2020-12-01 00:00:00+00:00,385334.39999999997,56153345.38857011
2020-12-02 00:00:00+00:00,385058.39999999997,55972815.38857011
2020-12-03 00:00:00+00:00,386704.8,55904965.38857011
2020-12-04 00:00:00+00:00,388449.6,56043915.38857011
2020-12-07 00:00:00+00:00,384792.0,55481505.38857011
2020-12-08 00:00:00+00:00,385106.39999999997,55313545.38857011
2020-12-09 00:00:00+00:00,379224.0,54716905.38857011
2020-12-10 00:00:00+00:00,379860.0,54561075.388570115
2020-12-11 00:00:00+00:00,372691.2,53935445.38857011
2020-12-14 00:00:00+00:00,0.0,60333722.92839011
2020-12-15 00:00:00+00:00,0.0,60333722.92839011
2020-12-16 00:00:00+00:00,0.0,60333722.92839011
2020-12-17 00:00:00+00:00,0.0,60333722.92839011
2020-12-18 00:00:00+00:00,0.0,60333722.92839011
2020-12-21 00:00:00+00:00,0.0,60333722.92839011
2020-12-22 00:00:00+00:00,0.0,60333722.92839011
2020-12-23 00:00:00+00:00,0.0,60333722.92839011
2020-12-24 00:00:00+00:00,0.0,60333722.92839011
2020-12-25 00:00:00+00:00,0.0,60333722.92839011
2020-12-28 00:00:00+00:00,0.0,60333722.92839011
2020-12-29 00:00:00+00:00,0.0,60333722.92839011
2020-12-30 00:00:00+00:00,0.0,60333722.92839011
2020-12-31 00:00:00+00:00,0.0,59496359.58627011
2021-01-04 00:00:00+00:00,0.0,57190201.38402011
2021-01-05 00:00:00+00:00,393460.8,57294078.86198011
2021-01-06 00:00:00+00:00,393972.0,55298392.69619012
2021-01-07 00:00:00+00:00,396463.2,56574832.69619012
2021-01-08 00:00:00+00:00,397956.0,56261082.69619012
2021-01-11 00:00:00+00:00,391651.2,55704362.69619012
2021-01-12 00:00:00+00:00,395167.2,57539452.69619012
2021-01-13 00:00:00+00:00,393804.0,57185312.69619012
2021-01-14 00:00:00+00:00,392563.2,56252742.69619012
2021-01-15 00:00:00+00:00,390158.39999999997,56071092.69619012
2021-01-18 00:00:00+00:00,395280.0,56672672.69619012
2021-01-19 00:00:00+00:00,393765.60000000003,55969572.69619012
2021-01-20 00:00:00+00:00,397634.3999999999,56147552.69619012
2021-01-21 00:00:00+00:00,403140.0,56946552.69619012
2021-01-22 00:00:00+00:00,403140.0,56859372.69619012
2021-01-25 00:00:00+00:00,402482.3999999999,57406642.69619012
2021-01-26 00:00:00+00:00,397908.0,56313212.69619012
2021-01-27 00:00:00+00:00,397572.0,56315152.69619012
2021-01-28 00:00:00+00:00,392625.6,55139962.69619012
2021-01-29 00:00:00+00:00,387679.2,60299821.727070116
2021-02-01 00:00:00+00:00,390158.39999999997,60380331.727070116
2021-02-02 00:00:00+00:00,393048.0,60448091.727070116
2021-02-03 00:00:00+00:00,391200.0,60475951.727070116
2021-02-04 00:00:00+00:00,387789.6,60499611.727070116
2021-02-05 00:00:00+00:00,382831.2,60595631.727070116
2021-02-08 00:00:00+00:00,388111.2,59685145.78347012
2021-02-09 00:00:00+00:00,395253.60000000003,60146605.78347012
2021-02-10 00:00:00+00:00,797304.0,58447679.66633012
2021-02-18 00:00:00+00:00,806577.6,56872522.56629011
2021-02-19 00:00:00+00:00,822076.7999999998,57076862.56629011
2021-02-22 00:00:00+00:00,815481.6,55428002.56629011
2021-02-23 00:00:00+00:00,1221919.1999999997,57272398.4218901
2021-02-24 00:00:00+00:00,1207303.1999999997,56414128.4218901
2021-02-25 00:00:00+00:00,1203768.0,56839528.4218901
2021-02-26 00:00:00+00:00,1175536.7999999998,55789678.4218901
2021-03-01 00:00:00+00:00,0.0,60539674.460940115
2021-03-02 00:00:00+00:00,0.0,60539674.460940115
2021-03-03 00:00:00+00:00,0.0,60539674.460940115
2021-03-04 00:00:00+00:00,0.0,60539674.460940115
2021-03-05 00:00:00+00:00,0.0,60539674.460940115
2021-03-08 00:00:00+00:00,0.0,60539674.460940115
2021-03-09 00:00:00+00:00,0.0,59343805.74876011
2021-03-10 00:00:00+00:00,374635.2,57652719.25102011
2021-03-11 00:00:00+00:00,770299.2,56413519.19432011
2021-03-12 00:00:00+00:00,770644.7999999999,56410399.19432011
2021-03-15 00:00:00+00:00,766651.2,56878379.19432011
2021-03-16 00:00:00+00:00,766180.7999999999,56729479.19432011
2021-03-17 00:00:00+00:00,770395.2,56691119.19432011
2021-03-18 00:00:00+00:00,776908.7999999999,56379379.19432011
2021-03-19 00:00:00+00:00,773164.7999999999,57149059.19432011
2021-03-22 00:00:00+00:00,782798.4,56771719.19432011
2021-03-23 00:00:00+00:00,775531.2,56925159.19432011
2021-03-24 00:00:00+00:00,768686.4,57286639.19432011
2021-03-25 00:00:00+00:00,771470.4,57289839.19432011
2021-03-26 00:00:00+00:00,781094.4,56724119.19432011
2021-03-29 00:00:00+00:00,780868.7999999999,56734219.19432011
2021-03-30 00:00:00+00:00,782673.6,56462679.19432011
2021-03-31 00:00:00+00:00,0.0,57445139.653640114
2021-04-01 00:00:00+00:00,0.0,57055859.653640114
2021-04-02 00:00:00+00:00,0.0,56815739.653640114
2021-04-06 00:00:00+00:00,0.0,59677809.739880115
2021-04-07 00:00:00+00:00,0.0,59677809.739880115
2021-04-08 00:00:00+00:00,0.0,59677809.739880115
2021-04-09 00:00:00+00:00,0.0,59677809.739880115
2021-04-12 00:00:00+00:00,0.0,59677809.739880115
2021-04-13 00:00:00+00:00,0.0,59677809.739880115
2021-04-14 00:00:00+00:00,0.0,59677809.739880115
2021-04-15 00:00:00+00:00,0.0,59677809.739880115
2021-04-16 00:00:00+00:00,0.0,59677809.739880115
2021-04-19 00:00:00+00:00,809606.4,58955544.36208011
2021-04-20 00:00:00+00:00,1623004.8,58184550.934720114
2021-04-21 00:00:00+00:00,1619625.5999999996,58156390.934720114
2021-04-22 00:00:00+00:00,1623312.0,58187110.934720114
2021-04-23 00:00:00+00:00,1634582.4000000001,58281030.934720114
2021-04-26 00:00:00+00:00,2443190.3999999994,56197850.09120012
2021-04-27 00:00:00+00:00,2441894.3999999994,56215370.09120012
2021-04-28 00:00:00+00:00,2459188.8,56432810.09120012
2021-04-29 00:00:00+00:00,2461867.2,56544290.09120012
2021-04-30 00:00:00+00:00,2466172.8,56496290.09120012
2021-05-06 00:00:00+00:00,2456798.3999999994,56317850.09120012
2021-05-07 00:00:00+00:00,2453414.3999999994,56183330.09120012
2021-05-10 00:00:00+00:00,2457187.2,57259602.763280116
2021-05-11 00:00:00+00:00,2455027.2,57241602.763280116
2021-05-12 00:00:00+00:00,2478326.3999999994,57435762.763280116
2021-05-13 00:00:00+00:00,3269894.4,56371653.452480115
2021-05-14 00:00:00+00:00,3325017.6,56831013.452480115
2021-05-17 00:00:00+00:00,4177416.0000000005,56177233.35816012
2021-05-18 00:00:00+00:00,4193952.0,55277800.727080114
2021-05-19 00:00:00+00:00,4192416.0000000005,55248320.72708012
2021-05-20 00:00:00+00:00,4178712.0,55169400.727080114
2021-05-21 00:00:00+00:00,4160256.0000000005,54906280.72708012
2021-05-24 00:00:00+00:00,4172928.0,55059640.72708012
2021-05-25 00:00:00+00:00,4220328.0,55754880.72708012
2021-05-26 00:00:00+00:00,4227888.0,54932706.48018012
2021-05-27 00:00:00+00:00,4256592.0,55233586.48018012
2021-05-28 00:00:00+00:00,4260552.0,55203706.48018012
2021-05-31 00:00:00+00:00,4277976.0,55337626.48018013
2021-06-01 00:00:00+00:00,4275672.0,55313086.48018012
2021-06-02 00:00:00+00:00,4256208.0,55017986.48018012
2021-06-03 00:00:00+00:00,4228008.0,54625966.48018012
2021-06-04 00:00:00+00:00,4271568.0,55103806.48018012
2021-06-07 00:00:00+00:00,4271952.0,55075506.48018012
2021-06-08 00:00:00+00:00,4261320.0,54863786.48018012
2021-06-09 00:00:00+00:00,4264536.0,54933426.48018012
2021-06-10 00:00:00+00:00,4321032.0,55513066.480180115
2021-06-11 00:00:00+00:00,4308072.0,55236586.480180115
2021-06-15 00:00:00+00:00,4263600.0,54654546.480180115
2021-06-16 00:00:00+00:00,5490108.0,54861100.56176012
2021-06-17 00:00:00+00:00,5517345.600000001,55088080.56176012
2021-06-18 00:00:00+00:00,5572288.800000001,55545940.56176013
2021-06-21 00:00:00+00:00,5602958.399999999,55801520.56176013
2021-06-22 00:00:00+00:00,5620056.0,55944000.56176013
2021-06-23 00:00:00+00:00,5692845.600000001,56550580.56176013
2021-06-24 00:00:00+00:00,5679741.600000001,56441380.56176013
2021-06-25 00:00:00+00:00,5730472.800000001,56864140.561760135
2021-06-28 00:00:00+00:00,5724763.199999999,56816560.56176013
2021-06-29 00:00:00+00:00,5684140.800000001,56478040.561760135
2021-06-30 00:00:00+00:00,5700302.399999999,56612720.561760135
2021-07-01 00:00:00+00:00,5634751.199999999,56066460.56176013
2021-07-02 00:00:00+00:00,5594971.199999999,55734960.56176013
2021-07-05 00:00:00+00:00,5628168.0,56011600.561760135
2021-07-06 00:00:00+00:00,5625484.800000001,55989240.56176014
2021-07-07 00:00:00+00:00,5679242.399999999,56437220.56176014
2021-07-08 00:00:00+00:00,5664048.0,56310600.56176014
2021-07-09 00:00:00+00:00,5719833.600000001,56775480.56176014
2021-07-12 00:00:00+00:00,5786726.399999999,56346181.54115015
2021-07-13 00:00:00+00:00,5842668.0,56773511.54115015
2021-07-14 00:00:00+00:00,5827785.600000001,56803001.54115015
2021-07-15 00:00:00+00:00,5834805.600000001,56654021.54115015
2021-07-16 00:00:00+00:00,5850873.600000001,56894601.54115015
2021-07-19 00:00:00+00:00,5822637.600000001,56603231.54115015
2021-07-20 00:00:00+00:00,5828971.199999999,56690871.54115015
2021-07-21 00:00:00+00:00,5895177.600000001,57216761.54115015
2021-07-22 00:00:00+00:00,5923944.0,57436951.54115015
2021-07-23 00:00:00+00:00,5899639.199999999,57345291.541150145
2021-07-26 00:00:00+00:00,5799206.399999999,56877531.54115015
2021-07-27 00:00:00+00:00,5707603.199999999,55713454.594110146
2021-07-28 00:00:00+00:00,0.0,61041499.421570145
2021-07-29 00:00:00+00:00,0.0,59074052.77940015
2021-07-30 00:00:00+00:00,0.0,59463932.77940015
2021-08-02 00:00:00+00:00,0.0,56328101.57819015
2021-08-03 00:00:00+00:00,0.0,56100671.57819015
2021-08-04 00:00:00+00:00,0.0,56071151.57819015
2021-08-05 00:00:00+00:00,0.0,56307941.57819015
2021-08-06 00:00:00+00:00,0.0,56411441.57819015
2021-08-09 00:00:00+00:00,0.0,55932191.57819015
2021-08-10 00:00:00+00:00,0.0,55017071.57819015
2021-08-11 00:00:00+00:00,0.0,60886688.66405015
2021-08-12 00:00:00+00:00,0.0,60886688.66405015
2021-08-13 00:00:00+00:00,1848105.5999999996,59159012.12413015
2021-08-16 00:00:00+00:00,3220560.0,57615311.95919015
2021-08-17 00:00:00+00:00,3156854.4,57084431.95919015
2021-08-18 00:00:00+00:00,0.0,60297445.57879015
2021-08-19 00:00:00+00:00,0.0,60297445.57879015
2021-08-20 00:00:00+00:00,0.0,60297445.57879015
2021-08-23 00:00:00+00:00,0.0,59499132.65965015
2021-08-24 00:00:00+00:00,0.0,59379972.65965015
2021-08-25 00:00:00+00:00,0.0,59365572.65965015
2021-08-26 00:00:00+00:00,928656.0,58592595.366970144
2021-08-27 00:00:00+00:00,934651.2000000001,58561915.366970144
2021-08-30 00:00:00+00:00,936811.2000000001,58601155.366970144
2021-08-31 00:00:00+00:00,1411524.0,58205353.50367014
2021-09-01 00:00:00+00:00,1404381.6,57961873.50367014
2021-09-02 00:00:00+00:00,1424073.5999999999,58132993.50367014
2021-09-03 00:00:00+00:00,2372868.0,57125122.078150146
2021-09-06 00:00:00+00:00,2386536.0,57158922.078150146
2021-09-07 00:00:00+00:00,2447760.0,57570122.078150146
2021-09-08 00:00:00+00:00,3444168.0,57501575.116070144
2021-09-09 00:00:00+00:00,3480254.3999999994,57802295.116070144
2021-09-10 00:00:00+00:00,3994809.5999999996,57455711.94437014
2021-09-13 00:00:00+00:00,3996172.8000000003,56417241.93529014
2021-09-14 00:00:00+00:00,3963475.1999999993,56029681.935290135
2021-09-15 00:00:00+00:00,3986438.4,56140881.935290135
2021-09-16 00:00:00+00:00,3901862.4,55360481.935290135
2021-09-17 00:00:00+00:00,0.0,60143163.62745013
2021-09-22 00:00:00+00:00,0.0,60143163.62745013
2021-09-23 00:00:00+00:00,0.0,60143163.62745013
2021-09-24 00:00:00+00:00,0.0,60143163.62745013
2021-09-27 00:00:00+00:00,0.0,60143163.62745013
2021-09-28 00:00:00+00:00,0.0,60143163.62745013
2021-09-29 00:00:00+00:00,0.0,60143163.62745013
2021-09-30 00:00:00+00:00,0.0,60143163.62745013
2021-10-08 00:00:00+00:00,0.0,60143163.62745013
2021-10-11 00:00:00+00:00,0.0,60143163.62745013
2021-10-12 00:00:00+00:00,0.0,60143163.62745013
2021-10-13 00:00:00+00:00,0.0,60143163.62745013
2021-10-14 00:00:00+00:00,0.0,60143163.62745013
2021-10-15 00:00:00+00:00,0.0,60143163.62745013
2021-10-18 00:00:00+00:00,0.0,60143163.62745013
2021-10-19 00:00:00+00:00,0.0,60143163.62745013
2021-10-20 00:00:00+00:00,0.0,60143163.62745013
2021-10-21 00:00:00+00:00,0.0,60143163.62745013
2021-10-22 00:00:00+00:00,0.0,60143163.62745013
2021-10-25 00:00:00+00:00,0.0,60143163.62745013
2021-10-26 00:00:00+00:00,0.0,60143163.62745013
2021-10-27 00:00:00+00:00,0.0,60143163.62745013
2021-10-28 00:00:00+00:00,0.0,60143163.62745013
2021-10-29 00:00:00+00:00,0.0,60143163.62745013
2021-11-01 00:00:00+00:00,0.0,60143163.62745013
2021-11-02 00:00:00+00:00,0.0,60143163.62745013
2021-11-03 00:00:00+00:00,0.0,60143163.62745013
2021-11-04 00:00:00+00:00,0.0,60143163.62745013
2021-11-05 00:00:00+00:00,0.0,60143163.62745013
2021-11-08 00:00:00+00:00,0.0,60143163.62745013
2021-11-09 00:00:00+00:00,0.0,60143163.62745013
2021-11-10 00:00:00+00:00,0.0,60143163.62745013
2021-11-11 00:00:00+00:00,0.0,58873180.02633013
2021-11-12 00:00:00+00:00,0.0,58913740.02633013
2021-11-15 00:00:00+00:00,0.0,58910380.02633013
2021-11-16 00:00:00+00:00,0.0,58909180.02633013
2021-11-17 00:00:00+00:00,0.0,58981180.02633013
2021-11-18 00:00:00+00:00,0.0,59092780.02633013
2021-11-19 00:00:00+00:00,0.0,58958380.02633013
2021-11-22 00:00:00+00:00,0.0,58968220.02633013
2021-11-23 00:00:00+00:00,0.0,58926220.02633013
2021-11-24 00:00:00+00:00,0.0,58885420.02633013
2021-11-25 00:00:00+00:00,0.0,58953820.02633013
2021-11-26 00:00:00+00:00,0.0,59063260.02633013
2021-11-29 00:00:00+00:00,0.0,59046940.02633013
2021-11-30 00:00:00+00:00,0.0,59115820.02633013
2021-12-01 00:00:00+00:00,0.0,59073820.02633013
2021-12-02 00:00:00+00:00,0.0,59037100.02633013
2021-12-03 00:00:00+00:00,0.0,58945900.02633013
2021-12-06 00:00:00+00:00,0.0,58915660.02633013
2021-12-07 00:00:00+00:00,0.0,58828540.02633013
2021-12-08 00:00:00+00:00,0.0,58652620.02633013
2021-12-09 00:00:00+00:00,0.0,58336803.09567013
2021-12-10 00:00:00+00:00,0.0,58295403.09567013
2021-12-13 00:00:00+00:00,0.0,58314843.09567013
2021-12-14 00:00:00+00:00,0.0,58260483.09567013
2021-12-15 00:00:00+00:00,0.0,58136823.09567013
2021-12-16 00:00:00+00:00,0.0,58243563.09567013
2021-12-17 00:00:00+00:00,0.0,58046463.09567013
2021-12-20 00:00:00+00:00,0.0,57888063.09567013
2021-12-21 00:00:00+00:00,0.0,57937023.09567013
