index,return
2015-04-16 00:00:00+00:00,0.0
2015-04-17 00:00:00+00:00,0.0
2015-04-20 00:00:00+00:00,0.0
2015-04-21 00:00:00+00:00,0.0
2015-04-22 00:00:00+00:00,0.0
2015-04-23 00:00:00+00:00,0.0
2015-04-24 00:00:00+00:00,0.0
2015-04-27 00:00:00+00:00,0.0
2015-04-28 00:00:00+00:00,0.0
2015-04-29 00:00:00+00:00,0.0
2015-04-30 00:00:00+00:00,0.0
2015-05-04 00:00:00+00:00,0.0
2015-05-05 00:00:00+00:00,0.0
2015-05-06 00:00:00+00:00,0.0
2015-05-07 00:00:00+00:00,0.0
2015-05-08 00:00:00+00:00,0.0
2015-05-11 00:00:00+00:00,0.0
2015-05-12 00:00:00+00:00,0.0
2015-05-13 00:00:00+00:00,0.0
2015-05-14 00:00:00+00:00,0.0
2015-05-15 00:00:00+00:00,0.0
2015-05-18 00:00:00+00:00,0.0
2015-05-19 00:00:00+00:00,-0.0022136900436666718
2015-05-20 00:00:00+00:00,0.002451915485565115
2015-05-21 00:00:00+00:00,0.008734118269695834
2015-05-22 00:00:00+00:00,-0.0010782615244819826
2015-05-25 00:00:00+00:00,0.011241483758135828
2015-05-26 00:00:00+00:00,0.022546998094315818
2015-05-27 00:00:00+00:00,0.0007461394473899929
2015-05-28 00:00:00+00:00,-0.04241995595110204
2015-05-29 00:00:00+00:00,0.0030401162192907893
2015-06-01 00:00:00+00:00,0.04674705225593967
2015-06-02 00:00:00+00:00,0.007295116739273411
2015-06-03 00:00:00+00:00,-0.00848432267453847
2015-06-04 00:00:00+00:00,-0.0031961908817050855
2015-06-05 00:00:00+00:00,0.0012616905819231583
2015-06-08 00:00:00+00:00,-0.004501788416723551
2015-06-09 00:00:00+00:00,-0.004280870080213384
2015-06-10 00:00:00+00:00,0.007443189749664736
2015-06-11 00:00:00+00:00,0.010262997017872033
2015-06-12 00:00:00+00:00,0.00902446521675393
2015-06-15 00:00:00+00:00,-0.01700226758285328
2015-06-16 00:00:00+00:00,-0.019659399973619318
2015-06-17 00:00:00+00:00,0.009555834394570306
2015-06-18 00:00:00+00:00,-0.021584024999895424
2015-06-19 00:00:00+00:00,-0.036470351035126636
2015-06-23 00:00:00+00:00,-0.0017534683155983055
2015-06-24 00:00:00+00:00,-0.001136337185183911
2015-06-25 00:00:00+00:00,0.0023085563180786917
2015-06-26 00:00:00+00:00,0.004222605128063606
2015-06-29 00:00:00+00:00,0.005487808274446504
2015-06-30 00:00:00+00:00,-0.01445226472192096
2015-07-01 00:00:00+00:00,0.013214248245704718
2015-07-02 00:00:00+00:00,-0.003461390829176181
2015-07-03 00:00:00+00:00,0.0108567289377135
2015-07-06 00:00:00+00:00,-0.010333602800459807
2015-07-07 00:00:00+00:00,0.005598573271942797
2015-07-08 00:00:00+00:00,0.016910996003193235
2015-07-09 00:00:00+00:00,-0.018495857386511605
2015-07-10 00:00:00+00:00,-0.010790702289816934
2015-07-13 00:00:00+00:00,0.004192492616631238
2015-07-14 00:00:00+00:00,0.005998971215964266
2015-07-15 00:00:00+00:00,0.002353827643165829
2015-07-16 00:00:00+00:00,-0.005067151722073726
2015-07-17 00:00:00+00:00,-0.0059068904824503
2015-07-20 00:00:00+00:00,0.0050672548956471886
2015-07-21 00:00:00+00:00,0.0010813018787099171
2015-07-22 00:00:00+00:00,0.0022415419493682087
2015-07-23 00:00:00+00:00,-0.009982249163978718
2015-07-24 00:00:00+00:00,0.004016996782919113
2015-07-27 00:00:00+00:00,0.013047224810124325
2015-07-28 00:00:00+00:00,0.0006982363220942034
2015-07-29 00:00:00+00:00,-0.0031180664171311934
2015-07-30 00:00:00+00:00,0.0038004096498160944
2015-07-31 00:00:00+00:00,-0.00010350273834047741
2015-08-03 00:00:00+00:00,0.0003922615033247201
2015-08-04 00:00:00+00:00,-0.004362198102102144
2015-08-05 00:00:00+00:00,0.001947248997928419
2015-08-06 00:00:00+00:00,0.0005131619980753843
2015-08-07 00:00:00+00:00,-0.0014077435091395252
2015-08-10 00:00:00+00:00,-0.006168926210864734
2015-08-11 00:00:00+00:00,0.0007312311822826878
2015-08-12 00:00:00+00:00,0.000807612334358776
2015-08-13 00:00:00+00:00,-0.00029094498652615375
2015-08-14 00:00:00+00:00,0.0002251361521889983
2015-08-17 00:00:00+00:00,0.0026076976029894006
2015-08-18 00:00:00+00:00,0.0055905987829587556
2015-08-19 00:00:00+00:00,0.000647975134402845
2015-08-20 00:00:00+00:00,0.0032758691746224144
2015-08-21 00:00:00+00:00,0.0033139877725580913
2015-08-24 00:00:00+00:00,0.012358024460121353
2015-08-25 00:00:00+00:00,0.01263561064496277
2015-08-26 00:00:00+00:00,-0.0005388959455242537
2015-08-27 00:00:00+00:00,-0.013399464838052322
2015-08-28 00:00:00+00:00,-0.0033753969841314735
2015-08-31 00:00:00+00:00,0.002041525499184793
2015-09-01 00:00:00+00:00,0.001492265003262272
2015-09-02 00:00:00+00:00,0.001828211962041859
2015-09-07 00:00:00+00:00,-0.0034855608248927084
2015-09-08 00:00:00+00:00,-0.008461011729003598
2015-09-09 00:00:00+00:00,-0.00034022411525713725
2015-09-10 00:00:00+00:00,3.041965534467117e-05
2015-09-11 00:00:00+00:00,0.00019263861522933468
2015-09-14 00:00:00+00:00,0.0037856021411286633
2015-09-15 00:00:00+00:00,-0.001547957654298271
2015-09-16 00:00:00+00:00,-0.005964338739786523
2015-09-17 00:00:00+00:00,0.0038715609849633292
2015-09-18 00:00:00+00:00,-0.0001707732937975548
2015-09-21 00:00:00+00:00,-0.0007545242793208784
2015-09-22 00:00:00+00:00,-4.405449335442846e-06
2015-09-23 00:00:00+00:00,0.0005815218741391792
2015-09-24 00:00:00+00:00,-0.0002104590194149658
2015-09-25 00:00:00+00:00,0.0005592870682147311
2015-09-28 00:00:00+00:00,-0.0002596810395375515
2015-09-29 00:00:00+00:00,0.0005441510766808211
2015-09-30 00:00:00+00:00,-0.00031240869538728955
2015-10-08 00:00:00+00:00,-0.0007561772767444852
2015-10-09 00:00:00+00:00,-0.0007708449643066828
2015-10-12 00:00:00+00:00,0.0009098257500577134
2015-10-13 00:00:00+00:00,-0.00017657236315904434
2015-10-14 00:00:00+00:00,-0.0011505719084591304
2015-10-15 00:00:00+00:00,0.004700026762666676
2015-10-16 00:00:00+00:00,1.0126393302112291e-05
2015-10-19 00:00:00+00:00,-0.003257477419754129
2015-10-20 00:00:00+00:00,0.003812765984812172
2015-10-21 00:00:00+00:00,-0.007618875338724851
2015-10-22 00:00:00+00:00,0.004426536153238292
2015-10-23 00:00:00+00:00,0.004925057762636742
2015-10-26 00:00:00+00:00,-0.0006070185683534346
2015-10-27 00:00:00+00:00,0.0004539668024312604
2015-10-28 00:00:00+00:00,-0.004556503186821548
2015-10-29 00:00:00+00:00,0.0017326704863076525
2015-10-30 00:00:00+00:00,-4.432022614286879e-05
2015-11-02 00:00:00+00:00,-0.002460577123653662
2015-11-03 00:00:00+00:00,-0.001211881488460742
2015-11-04 00:00:00+00:00,0.01244427594559383
2015-11-05 00:00:00+00:00,0.002740507144036508
2015-11-06 00:00:00+00:00,0.006530360335804897
2015-11-09 00:00:00+00:00,0.0016772492356920132
2015-11-10 00:00:00+00:00,1.6884601565791968e-05
2015-11-11 00:00:00+00:00,0.0019709355672385964
2015-11-12 00:00:00+00:00,-0.0024788514685837315
2015-11-13 00:00:00+00:00,-0.002064436988630014
2015-11-16 00:00:00+00:00,0.0019079349421127212
2015-11-17 00:00:00+00:00,-0.0027724410040345093
2015-11-18 00:00:00+00:00,-0.0006212789861301804
2015-11-19 00:00:00+00:00,0.006253310881844554
2015-11-20 00:00:00+00:00,-0.0017356531860845958
2015-11-23 00:00:00+00:00,-0.001456254565460946
2015-11-24 00:00:00+00:00,0.0016574622239209358
2015-11-25 00:00:00+00:00,0.0031455476269837135
2015-11-26 00:00:00+00:00,-0.002108219790903698
2015-11-27 00:00:00+00:00,-0.010993770803227165
2015-11-30 00:00:00+00:00,-0.0002476449667322411
2015-12-01 00:00:00+00:00,0.00017787386062062538
2015-12-02 00:00:00+00:00,0.0013054062232591424
2015-12-03 00:00:00+00:00,0.0008924737022746321
2015-12-04 00:00:00+00:00,-0.0005662265132593269
2015-12-07 00:00:00+00:00,0.0002158626281640874
2015-12-08 00:00:00+00:00,-0.0010002668410229454
2015-12-09 00:00:00+00:00,-0.0001644203593352822
2015-12-10 00:00:00+00:00,-0.0003842022164673997
2015-12-11 00:00:00+00:00,0.0005252535850210904
2015-12-14 00:00:00+00:00,0.001780648146135544
2015-12-15 00:00:00+00:00,0.00021933331515944232
2015-12-16 00:00:00+00:00,0.00042532502132197614
2015-12-17 00:00:00+00:00,0.0018351812649812782
2015-12-18 00:00:00+00:00,0.0008195024241022253
2015-12-21 00:00:00+00:00,0.003974251059565281
2015-12-22 00:00:00+00:00,0.0008584589388711539
2015-12-23 00:00:00+00:00,-0.0014241730250920126
2015-12-24 00:00:00+00:00,-0.0013935655451978723
2015-12-25 00:00:00+00:00,0.0026656178641883965
2015-12-28 00:00:00+00:00,-0.012533269547151948
2015-12-29 00:00:00+00:00,0.004113597281036885
2015-12-30 00:00:00+00:00,0.0006038626106799061
2015-12-31 00:00:00+00:00,-0.0035172694055425335
2016-01-04 00:00:00+00:00,-0.01834249351324424
2016-01-05 00:00:00+00:00,-0.0013217857031386782
2016-01-06 00:00:00+00:00,0.0
2016-01-07 00:00:00+00:00,0.0
2016-01-08 00:00:00+00:00,0.0014291337374441326
2016-01-11 00:00:00+00:00,0.013212642392436358
2016-01-12 00:00:00+00:00,-0.0027891044415935262
2016-01-13 00:00:00+00:00,0.006545415362877893
2016-01-14 00:00:00+00:00,-0.007564820820271878
2016-01-15 00:00:00+00:00,0.012641866567914661
2016-01-18 00:00:00+00:00,-0.002439796629944646
2016-01-19 00:00:00+00:00,-0.012942636695492449
2016-01-20 00:00:00+00:00,0.008318410507444973
2016-01-21 00:00:00+00:00,0.00885679922632554
2016-01-22 00:00:00+00:00,-0.005503450368251395
2016-01-25 00:00:00+00:00,-0.00013036602813620846
2016-01-26 00:00:00+00:00,0.021779982962229605
2016-01-27 00:00:00+00:00,0.0032937283147822516
2016-01-28 00:00:00+00:00,0.006627981247410597
2016-01-29 00:00:00+00:00,-0.011338944208518442
2016-02-01 00:00:00+00:00,0.0034271724313326146
2016-02-02 00:00:00+00:00,-0.009063447793666857
2016-02-03 00:00:00+00:00,0.0015682645340127088
2016-02-04 00:00:00+00:00,-0.006374726683050724
2016-02-05 00:00:00+00:00,0.004831822455977797
2016-02-15 00:00:00+00:00,0.0008650265707284
2016-02-16 00:00:00+00:00,-0.012010950650229835
2016-02-17 00:00:00+00:00,-0.0016950168376786978
2016-02-18 00:00:00+00:00,0.0011242193770357733
2016-02-19 00:00:00+00:00,0.0002801745795466548
2016-02-22 00:00:00+00:00,-0.007258338187620228
2016-02-23 00:00:00+00:00,0.0013054296625827355
2016-02-24 00:00:00+00:00,0.0003773430915272602
2016-02-25 00:00:00+00:00,-0.005333426033798383
2016-02-26 00:00:00+00:00,0.0012178099708388679
2016-02-29 00:00:00+00:00,0.0
2016-03-01 00:00:00+00:00,0.0
2016-03-02 00:00:00+00:00,0.0
2016-03-03 00:00:00+00:00,0.0
2016-03-04 00:00:00+00:00,0.0
2016-03-07 00:00:00+00:00,-0.0007427102402870478
2016-03-08 00:00:00+00:00,-0.00015486562611222165
2016-03-09 00:00:00+00:00,-0.0034504838327332754
2016-03-10 00:00:00+00:00,-0.0031100759960844826
2016-03-11 00:00:00+00:00,0.0005610966935045703
2016-03-14 00:00:00+00:00,0.0028068605252422607
2016-03-15 00:00:00+00:00,0.0009472246844508536
2016-03-16 00:00:00+00:00,0.002089008522621505
2016-03-17 00:00:00+00:00,0.0036016524387998405
2016-03-18 00:00:00+00:00,0.004287560034081039
2016-03-21 00:00:00+00:00,0.012451373719696734
2016-03-22 00:00:00+00:00,-0.002982612389534456
2016-03-23 00:00:00+00:00,0.0002641600390418386
2016-03-24 00:00:00+00:00,-0.01089249523229352
2016-03-25 00:00:00+00:00,0.0038413353636044256
2016-03-28 00:00:00+00:00,-0.006865306964477513
2016-03-29 00:00:00+00:00,-0.00437122223181452
2016-03-30 00:00:00+00:00,0.017906175119415613
2016-03-31 00:00:00+00:00,0.0005639775510124512
2016-04-01 00:00:00+00:00,0.002440982673534098
2016-04-05 00:00:00+00:00,0.005751370936554645
2016-04-06 00:00:00+00:00,-0.0004042213235394554
2016-04-07 00:00:00+00:00,-0.007283180618208429
2016-04-08 00:00:00+00:00,-0.00480466089979692
2016-04-11 00:00:00+00:00,0.007329246330540329
2016-04-12 00:00:00+00:00,5.691836924914817e-05
2016-04-13 00:00:00+00:00,0.007470452893794333
2016-04-14 00:00:00+00:00,0.003688545408382149
2016-04-15 00:00:00+00:00,0.00054988873530748
2016-04-18 00:00:00+00:00,-0.008803509428961354
2016-04-19 00:00:00+00:00,0.0008403701120964779
2016-04-20 00:00:00+00:00,-0.015248799414447012
2016-04-21 00:00:00+00:00,0.001685834186232693
2016-04-22 00:00:00+00:00,0.004159533298931262
2016-04-25 00:00:00+00:00,-0.0027799938055897977
2016-04-26 00:00:00+00:00,0.002184848684526841
2016-04-27 00:00:00+00:00,-0.0030079033429617485
2016-04-28 00:00:00+00:00,-0.0013557554067983313
2016-04-29 00:00:00+00:00,0.0007171369910401459
2016-05-03 00:00:00+00:00,0.011284443632172847
2016-05-04 00:00:00+00:00,-0.0018521007087402008
2016-05-05 00:00:00+00:00,0.0003397107641329722
2016-05-06 00:00:00+00:00,-0.023520325766837602
2016-05-09 00:00:00+00:00,-0.010801668177887636
2016-05-10 00:00:00+00:00,0.0011535978434176197
2016-05-11 00:00:00+00:00,-0.00029775635421358526
2016-05-12 00:00:00+00:00,-0.0008974260053966621
2016-05-13 00:00:00+00:00,0.0003981651168261102
2016-05-16 00:00:00+00:00,-0.0023030789786496753
2016-05-17 00:00:00+00:00,3.717208703113428e-05
2016-05-18 00:00:00+00:00,0.0029584216430353916
2016-05-19 00:00:00+00:00,-0.0002661290417425022
2016-05-20 00:00:00+00:00,-0.002459359728356758
2016-05-23 00:00:00+00:00,-0.0015368787805808415
2016-05-24 00:00:00+00:00,0.0015024040557827245
2016-05-25 00:00:00+00:00,0.00045323207175940183
2016-05-26 00:00:00+00:00,-0.0013032146641718256
2016-05-27 00:00:00+00:00,-0.00042088845377019624
2016-05-30 00:00:00+00:00,-0.0005941032111556055
2016-05-31 00:00:00+00:00,-0.010735050177128613
2016-06-01 00:00:00+00:00,-0.0018198685773473944
2016-06-02 00:00:00+00:00,0.0
2016-06-03 00:00:00+00:00,0.0
2016-06-06 00:00:00+00:00,-0.0023000522702969484
2016-06-07 00:00:00+00:00,0.0011211442359675416
2016-06-08 00:00:00+00:00,-0.0010737394204705097
2016-06-13 00:00:00+00:00,-0.011990145248319095
2016-06-14 00:00:00+00:00,0.0010314531379280734
2016-06-15 00:00:00+00:00,7.008952727094453e-07
2016-06-16 00:00:00+00:00,0.0
2016-06-17 00:00:00+00:00,0.0
2016-06-20 00:00:00+00:00,0.0
2016-06-21 00:00:00+00:00,0.0
2016-06-22 00:00:00+00:00,0.0
2016-06-23 00:00:00+00:00,0.0
2016-06-24 00:00:00+00:00,0.0
2016-06-27 00:00:00+00:00,0.0
2016-06-28 00:00:00+00:00,0.0
2016-06-29 00:00:00+00:00,-0.00040315271474566927
2016-06-30 00:00:00+00:00,2.9595757739864226e-05
2016-07-01 00:00:00+00:00,-0.00028348781568121595
2016-07-04 00:00:00+00:00,0.002879307915628626
2016-07-05 00:00:00+00:00,0.0029604974959902552
2016-07-06 00:00:00+00:00,0.0017088323717904252
2016-07-07 00:00:00+00:00,0.0027992459532342195
2016-07-08 00:00:00+00:00,-0.002447082237738818
2016-07-11 00:00:00+00:00,9.341239940474644e-05
2016-07-12 00:00:00+00:00,0.019711549577013487
2016-07-13 00:00:00+00:00,0.0039294118367108055
2016-07-14 00:00:00+00:00,0.0021342223991343
2016-07-15 00:00:00+00:00,-0.0009491957251411831
2016-07-18 00:00:00+00:00,-0.007447318668943548
2016-07-19 00:00:00+00:00,-0.004063714700374255
2016-07-20 00:00:00+00:00,-0.002691701089264753
2016-07-21 00:00:00+00:00,0.008217465902081278
2016-07-22 00:00:00+00:00,-0.008831994891123962
2016-07-25 00:00:00+00:00,0.002177009285106113
2016-07-26 00:00:00+00:00,0.01737464126810706
2016-07-27 00:00:00+00:00,-0.03442395140008181
2016-07-28 00:00:00+00:00,0.0032680799077062783
2016-07-29 00:00:00+00:00,-0.0019955386092570526
2016-08-01 00:00:00+00:00,-0.003629579354279433
2016-08-02 00:00:00+00:00,0.00030538453092088247
2016-08-03 00:00:00+00:00,-0.000566969556549668
2016-08-04 00:00:00+00:00,-4.3637784106653754e-05
2016-08-05 00:00:00+00:00,0.0015273890956073455
2016-08-08 00:00:00+00:00,0.002418309009937003
2016-08-09 00:00:00+00:00,0.003629579354279544
2016-08-10 00:00:00+00:00,3.8825984268298086e-05
2016-08-11 00:00:00+00:00,0.002516488666265193
2016-08-12 00:00:00+00:00,0.017971375254306254
2016-08-15 00:00:00+00:00,0.04339875396181103
2016-08-16 00:00:00+00:00,-0.0128679820580484
2016-08-17 00:00:00+00:00,-0.005752420781805934
2016-08-18 00:00:00+00:00,-0.0073040412203505545
2016-08-19 00:00:00+00:00,0.002370220582084359
2016-08-22 00:00:00+00:00,-0.010063599765393838
2016-08-23 00:00:00+00:00,0.0010091016686610832
2016-08-24 00:00:00+00:00,-0.007927791471013745
2016-08-25 00:00:00+00:00,-0.011194595517054484
2016-08-26 00:00:00+00:00,-0.0016118443518358117
2016-08-29 00:00:00+00:00,-0.00221404479383136
2016-08-30 00:00:00+00:00,0.010602313113029727
2016-08-31 00:00:00+00:00,0.007109638315159206
2016-09-01 00:00:00+00:00,-0.015928786654903382
2016-09-02 00:00:00+00:00,0.005506591426947205
2016-09-05 00:00:00+00:00,0.001986579327601934
2016-09-06 00:00:00+00:00,0.008905028369381451
2016-09-07 00:00:00+00:00,0.001118734351963857
2016-09-08 00:00:00+00:00,0.0008843276918149012
2016-09-09 00:00:00+00:00,-0.005369090602238669
2016-09-12 00:00:00+00:00,-0.03334706397747855
2016-09-13 00:00:00+00:00,0.002040899738608104
2016-09-14 00:00:00+00:00,-0.0003955346510406965
2016-09-19 00:00:00+00:00,-0.0001507160316662759
2016-09-20 00:00:00+00:00,-0.00040865572420334395
2016-09-21 00:00:00+00:00,-0.0018473872028458294
2016-09-22 00:00:00+00:00,-0.0023512323709903304
2016-09-23 00:00:00+00:00,0.003034046219574149
2016-09-26 00:00:00+00:00,0.0026530548652072827
2016-09-27 00:00:00+00:00,-0.0009346086183925628
2016-09-28 00:00:00+00:00,0.0005772930926495334
2016-09-29 00:00:00+00:00,-0.00022246595744579434
2016-09-30 00:00:00+00:00,0.0003538749623501758
2016-10-10 00:00:00+00:00,-0.0008212297634551113
2016-10-11 00:00:00+00:00,-0.0012986655394344737
2016-10-12 00:00:00+00:00,-0.00015684742250310357
2016-10-13 00:00:00+00:00,0.0017220677167437692
2016-10-14 00:00:00+00:00,-0.0005262710134485982
2016-10-17 00:00:00+00:00,-0.004998602569622368
2016-10-18 00:00:00+00:00,0.008881327897370728
2016-10-19 00:00:00+00:00,-0.00377947093558606
2016-10-20 00:00:00+00:00,0.0035577719395776253
2016-10-21 00:00:00+00:00,-0.0024788051559605506
2016-10-24 00:00:00+00:00,0.02177195990482117
2016-10-25 00:00:00+00:00,0.0008929133838546655
2016-10-26 00:00:00+00:00,-0.004688422955817728
2016-10-27 00:00:00+00:00,-0.002948303448649603
2016-10-28 00:00:00+00:00,-0.0062949318346204874
2016-10-31 00:00:00+00:00,-0.0019621677651605607
2016-11-01 00:00:00+00:00,0.013033663111118532
2016-11-02 00:00:00+00:00,-0.014183879121133725
2016-11-03 00:00:00+00:00,0.01242938097147106
2016-11-04 00:00:00+00:00,-0.0036406748744211015
2016-11-07 00:00:00+00:00,-0.0001876862420699954
2016-11-08 00:00:00+00:00,0.013298162847409145
2016-11-09 00:00:00+00:00,-0.014066966209555054
2016-11-10 00:00:00+00:00,0.021254233070649553
2016-11-11 00:00:00+00:00,0.016714643049017264
2016-11-14 00:00:00+00:00,0.005314166505233642
2016-11-15 00:00:00+00:00,0.0015795345816760342
2016-11-16 00:00:00+00:00,0.0022621027813778394
2016-11-17 00:00:00+00:00,0.0028216212601208657
2016-11-18 00:00:00+00:00,-0.007895711545564565
2016-11-21 00:00:00+00:00,0.008353043972815666
2016-11-22 00:00:00+00:00,0.017158271692100824
2016-11-23 00:00:00+00:00,-0.0027766558366809635
2016-11-24 00:00:00+00:00,-0.0004947781876369906
2016-11-25 00:00:00+00:00,0.012861525805977214
2016-11-28 00:00:00+00:00,0.007936733861861445
2016-11-29 00:00:00+00:00,0.003447937557803149
2016-11-30 00:00:00+00:00,-0.010013506096513858
2016-12-01 00:00:00+00:00,0.011296519383570791
2016-12-02 00:00:00+00:00,-0.026800904822541827
2016-12-05 00:00:00+00:00,-0.021545074478785287
2016-12-06 00:00:00+00:00,-0.0032780445404075875
2016-12-07 00:00:00+00:00,0.003346171773850992
2016-12-08 00:00:00+00:00,0.0016897231270793789
2016-12-09 00:00:00+00:00,0.012838555509919525
2016-12-12 00:00:00+00:00,-0.039530444512074325
2016-12-13 00:00:00+00:00,-0.005430027943454707
2016-12-14 00:00:00+00:00,-0.0014670593728133285
2016-12-15 00:00:00+00:00,-0.0013649132535388242
2016-12-16 00:00:00+00:00,-0.0020509908779626773
2016-12-19 00:00:00+00:00,0.0009474793908139656
2016-12-20 00:00:00+00:00,0.003139773493729958
2016-12-21 00:00:00+00:00,-0.00695664968028209
2016-12-22 00:00:00+00:00,0.001355391992529098
2016-12-23 00:00:00+00:00,0.003219015815124404
2016-12-26 00:00:00+00:00,-0.006460713020692954
2016-12-27 00:00:00+00:00,0.0016405611392651398
2016-12-28 00:00:00+00:00,0.002132036758896616
2016-12-29 00:00:00+00:00,0.00036148719816964103
2016-12-30 00:00:00+00:00,-0.001766384923517439
2017-01-03 00:00:00+00:00,-0.008378945361964707
2017-01-04 00:00:00+00:00,-0.0002643964389328346
2017-01-05 00:00:00+00:00,0.0
2017-01-06 00:00:00+00:00,0.0
2017-01-09 00:00:00+00:00,0.0
2017-01-10 00:00:00+00:00,0.0
2017-01-11 00:00:00+00:00,0.0
2017-01-12 00:00:00+00:00,0.0
2017-01-13 00:00:00+00:00,0.0
2017-01-16 00:00:00+00:00,0.0
2017-01-17 00:00:00+00:00,-0.0013345755071254572
2017-01-18 00:00:00+00:00,0.002934035899019527
2017-01-19 00:00:00+00:00,-0.0021772204630986502
2017-01-20 00:00:00+00:00,0.004002290341939219
2017-01-23 00:00:00+00:00,-0.0037863009648273493
2017-01-24 00:00:00+00:00,0.0018650143037144407
2017-01-25 00:00:00+00:00,0.00578747604189056
2017-01-26 00:00:00+00:00,0.004213578508303062
2017-02-03 00:00:00+00:00,-0.017969691741589466
2017-02-06 00:00:00+00:00,-0.0008131757102628479
2017-02-07 00:00:00+00:00,-0.005456987782395006
2017-02-08 00:00:00+00:00,0.010241725044090044
2017-02-09 00:00:00+00:00,0.0063945116528283386
2017-02-10 00:00:00+00:00,0.011136042287848147
2017-02-13 00:00:00+00:00,0.008472395861098825
2017-02-14 00:00:00+00:00,-0.002835222300347162
2017-02-15 00:00:00+00:00,-0.006956662672407576
2017-02-16 00:00:00+00:00,0.012312982552646234
2017-02-17 00:00:00+00:00,-0.015544019175901647
2017-02-20 00:00:00+00:00,0.04940346709002941
2017-02-21 00:00:00+00:00,-0.002437200211291346
2017-02-22 00:00:00+00:00,0.006027048080249564
2017-02-23 00:00:00+00:00,-0.009710431040003353
2017-02-24 00:00:00+00:00,0.0010394623405909353
2017-02-27 00:00:00+00:00,-0.019829950006291064
2017-02-28 00:00:00+00:00,0.00022667128549480609
2017-03-01 00:00:00+00:00,0.0037536176805688104
2017-03-02 00:00:00+00:00,-0.014972728355239329
2017-03-03 00:00:00+00:00,-0.005068517335108491
2017-03-06 00:00:00+00:00,0.012231309291800274
2017-03-07 00:00:00+00:00,0.005842435653176992
2017-03-08 00:00:00+00:00,-0.0025290025342693534
2017-03-09 00:00:00+00:00,-0.019140160174934473
2017-03-10 00:00:00+00:00,0.0032938355449527723
2017-03-13 00:00:00+00:00,0.031208208033027818
2017-03-14 00:00:00+00:00,-0.004784026319146428
2017-03-15 00:00:00+00:00,0.0024433776499637183
2017-03-16 00:00:00+00:00,0.025644594473463123
2017-03-17 00:00:00+00:00,-0.030257156284608122
2017-03-20 00:00:00+00:00,0.0069453124383089815
2017-03-21 00:00:00+00:00,0.010592898302477227
2017-03-22 00:00:00+00:00,-0.008383582445663507
2017-03-23 00:00:00+00:00,0.008288556668039293
2017-03-24 00:00:00+00:00,0.03233223673781316
2017-03-27 00:00:00+00:00,-0.01519160175976575
2017-03-28 00:00:00+00:00,-0.0026675688448244417
2017-03-29 00:00:00+00:00,-0.002838431607179337
2017-03-30 00:00:00+00:00,-0.019499110522318674
2017-03-31 00:00:00+00:00,0.0094078204808421
2017-04-05 00:00:00+00:00,0.03260370250596578
2017-04-06 00:00:00+00:00,-0.002423086629391613
2017-04-07 00:00:00+00:00,0.00463491135549754
2017-04-10 00:00:00+00:00,-0.007590354910319008
2017-04-11 00:00:00+00:00,0.0040944485732861136
2017-04-12 00:00:00+00:00,-0.009070188666152834
2017-04-13 00:00:00+00:00,0.011162721549504928
2017-04-14 00:00:00+00:00,-0.029494942991278972
2017-04-17 00:00:00+00:00,-0.005942159557998816
2017-04-18 00:00:00+00:00,-0.010099280580643133
2017-04-19 00:00:00+00:00,-0.0031699108120022412
2017-04-20 00:00:00+00:00,-0.00010414126735736051
2017-04-21 00:00:00+00:00,-0.0008888156186477314
2017-04-24 00:00:00+00:00,0.0007725528521826952
2017-04-25 00:00:00+00:00,-0.0012195394703845563
2017-04-26 00:00:00+00:00,-0.00043511354258707335
2017-04-27 00:00:00+00:00,-0.0013805287758675844
2017-04-28 00:00:00+00:00,1.9894069285708582e-05
2017-05-02 00:00:00+00:00,0.0011817684343073953
2017-05-03 00:00:00+00:00,0.001331723473279034
2017-05-04 00:00:00+00:00,0.002067152220476265
2017-05-05 00:00:00+00:00,0.008928782103157618
2017-05-08 00:00:00+00:00,0.020216560773839598
2017-05-09 00:00:00+00:00,-0.008109402941095523
2017-05-10 00:00:00+00:00,0.030482169752566568
2017-05-11 00:00:00+00:00,-0.021964089825233013
2017-05-12 00:00:00+00:00,-0.0358787121139893
2017-05-15 00:00:00+00:00,-0.030717428535580127
2017-05-16 00:00:00+00:00,-0.07060136951790963
2017-05-17 00:00:00+00:00,-0.015300166844344099
2017-05-18 00:00:00+00:00,0.005377692171161463
2017-05-19 00:00:00+00:00,0.0012746886852652572
2017-05-22 00:00:00+00:00,0.012959692113315269
2017-05-23 00:00:00+00:00,0.018173368908556364
2017-05-24 00:00:00+00:00,-0.0068009194784193205
2017-05-25 00:00:00+00:00,0.029192211710982185
2017-05-26 00:00:00+00:00,-0.008938722104592789
2017-05-31 00:00:00+00:00,0.011410742338828106
2017-06-01 00:00:00+00:00,0.03169046917257612
2017-06-02 00:00:00+00:00,-0.031185958995687768
2017-06-05 00:00:00+00:00,-0.04678455048767072
2017-06-06 00:00:00+00:00,0.040706377438056496
2017-06-07 00:00:00+00:00,0.05134237311799672
2017-06-08 00:00:00+00:00,0.042373659790603035
2017-06-09 00:00:00+00:00,0.026870389484271007
2017-06-12 00:00:00+00:00,-0.014297514676629652
2017-06-13 00:00:00+00:00,0.008629732276136837
2017-06-14 00:00:00+00:00,-0.06334654638547066
2017-06-15 00:00:00+00:00,-0.004243850181789743
2017-06-16 00:00:00+00:00,-0.026079428512594482
2017-06-19 00:00:00+00:00,0.07212123285160787
2017-06-20 00:00:00+00:00,-0.016165219529836294
2017-06-21 00:00:00+00:00,0.055966900552026244
2017-06-22 00:00:00+00:00,0.003150691547383344
2017-06-23 00:00:00+00:00,0.05229053922127069
2017-06-26 00:00:00+00:00,0.06178074433727199
2017-06-27 00:00:00+00:00,0.00613062010387555
2017-06-28 00:00:00+00:00,-0.03131892187103058
2017-06-29 00:00:00+00:00,0.03004970471544599
2017-06-30 00:00:00+00:00,-0.00860619940542151
2017-07-03 00:00:00+00:00,-0.020869933186667855
2017-07-04 00:00:00+00:00,-0.05104518631127497
2017-07-05 00:00:00+00:00,0.07983872334656716
2017-07-06 00:00:00+00:00,-0.008420138457882698
2017-07-07 00:00:00+00:00,-0.00775677267242092
2017-07-10 00:00:00+00:00,0.011123799798764988
2017-07-11 00:00:00+00:00,0.037646387312145535
2017-07-12 00:00:00+00:00,-0.027788572344757845
2017-07-13 00:00:00+00:00,0.057243094310112985
2017-07-14 00:00:00+00:00,0.028061429798210247
2017-07-17 00:00:00+00:00,-0.05217213605359183
2017-07-18 00:00:00+00:00,-0.0032866295150218994
2017-07-19 00:00:00+00:00,0.09347164633117866
2017-07-20 00:00:00+00:00,0.018144025342665016
2017-07-21 00:00:00+00:00,-0.02410219422842652
2017-07-24 00:00:00+00:00,0.022829653572428388
2017-07-25 00:00:00+00:00,-0.03142101893319604
2017-07-26 00:00:00+00:00,-0.022555686686863474
2017-07-27 00:00:00+00:00,0.006485480385460596
2017-07-28 00:00:00+00:00,0.017418371645167907
2017-07-31 00:00:00+00:00,0.016170257366448837
2017-08-01 00:00:00+00:00,0.03747811355693109
2017-08-02 00:00:00+00:00,0.0048730129125105215
2017-08-03 00:00:00+00:00,-0.04482254906773775
2017-08-04 00:00:00+00:00,-0.02937403724734844
2017-08-07 00:00:00+00:00,0.027376085873980882
2017-08-08 00:00:00+00:00,0.002375299742898962
2017-08-09 00:00:00+00:00,-0.007101273910612993
2017-08-10 00:00:00+00:00,-0.018217761695399015
2017-08-11 00:00:00+00:00,-0.08515038303091516
2017-08-14 00:00:00+00:00,0.058664116393131405
2017-08-15 00:00:00+00:00,0.017209824218649805
2017-08-16 00:00:00+00:00,-0.016646808554274473
2017-08-17 00:00:00+00:00,0.07184756003393145
2017-08-18 00:00:00+00:00,0.004636185103551238
2017-08-21 00:00:00+00:00,0.036918320660121795
2017-08-22 00:00:00+00:00,0.025219418553243278
2017-08-23 00:00:00+00:00,0.019353660359423985
2017-08-24 00:00:00+00:00,-0.03726265071104751
2017-08-25 00:00:00+00:00,0.15500390023121868
2017-08-28 00:00:00+00:00,0.09413198061422778
2017-08-29 00:00:00+00:00,-0.010831064601751317
2017-08-30 00:00:00+00:00,-0.006417685618856139
2017-08-31 00:00:00+00:00,-0.007914822213448525
2017-09-01 00:00:00+00:00,0.015643685796413287
2017-09-04 00:00:00+00:00,0.008888262620686094
2017-09-05 00:00:00+00:00,0.02163799574741776
2017-09-06 00:00:00+00:00,-0.013567468061600474
2017-09-07 00:00:00+00:00,-0.034052870533213264
2017-09-08 00:00:00+00:00,-0.013502601600737907
2017-09-11 00:00:00+00:00,0.021450300905930142
2017-09-12 00:00:00+00:00,0.023326989102976148
2017-09-13 00:00:00+00:00,9.353274261214573e-05
2017-09-14 00:00:00+00:00,-0.024998806506445925
2017-09-15 00:00:00+00:00,0.006373689025020335
2017-09-18 00:00:00+00:00,0.058298609376947086
2017-09-19 00:00:00+00:00,-0.0535455439468453
2017-09-20 00:00:00+00:00,0.03977342556058083
2017-09-21 00:00:00+00:00,-0.01562038262922405
2017-09-22 00:00:00+00:00,-0.014880161497391686
2017-09-25 00:00:00+00:00,-0.05114420074417747
2017-09-26 00:00:00+00:00,-0.0372915360093693
2017-09-27 00:00:00+00:00,0.0019165016595561468
2017-09-28 00:00:00+00:00,-0.0004018291735775614
2017-09-29 00:00:00+00:00,0.0023607604522286607
2017-10-09 00:00:00+00:00,0.00438067272222864
2017-10-10 00:00:00+00:00,0.0059151245023936205
2017-10-11 00:00:00+00:00,0.01061833836524384
2017-10-12 00:00:00+00:00,0.021351403610055497
2017-10-13 00:00:00+00:00,0.03209422246586935
2017-10-16 00:00:00+00:00,-0.031119382813946883
2017-10-17 00:00:00+00:00,-0.012055632024214225
2017-10-18 00:00:00+00:00,0.027942125042353716
2017-10-19 00:00:00+00:00,-0.020616197188973784
2017-10-20 00:00:00+00:00,-0.003150996032183939
2017-10-23 00:00:00+00:00,0.0162654745984947
2017-10-24 00:00:00+00:00,0.03686430557552223
2017-10-25 00:00:00+00:00,0.032263984021005276
2017-10-26 00:00:00+00:00,0.03922265761221144
2017-10-27 00:00:00+00:00,0.04275543797868031
2017-10-30 00:00:00+00:00,-0.05585376888211602
2017-10-31 00:00:00+00:00,0.01709428590919493
2017-11-01 00:00:00+00:00,-0.01760920748998518
2017-11-02 00:00:00+00:00,0.00879841543085047
2017-11-03 00:00:00+00:00,-0.03433579652634733
2017-11-06 00:00:00+00:00,0.06495250625951798
2017-11-07 00:00:00+00:00,0.058142531356652816
2017-11-08 00:00:00+00:00,-0.0036256991488691215
2017-11-09 00:00:00+00:00,0.04435562452061714
2017-11-10 00:00:00+00:00,0.04635022181413451
2017-11-13 00:00:00+00:00,0.014898677049691722
2017-11-14 00:00:00+00:00,-0.03311250426184342
2017-11-15 00:00:00+00:00,-0.03490013339652087
2017-11-16 00:00:00+00:00,0.047941511111712076
2017-11-17 00:00:00+00:00,0.017142667342185947
2017-11-20 00:00:00+00:00,0.033586260321770256
2017-11-21 00:00:00+00:00,0.10293371128406115
2017-11-22 00:00:00+00:00,0.0045257300037582215
2017-11-23 00:00:00+00:00,-0.14641335069140615
2017-11-24 00:00:00+00:00,9.250607104949182e-05
2017-11-27 00:00:00+00:00,-0.0945774225588184
2017-11-28 00:00:00+00:00,-0.024978119773472973
2017-11-29 00:00:00+00:00,-0.0011268297259995341
2017-11-30 00:00:00+00:00,-0.0035441757963902143
2017-12-01 00:00:00+00:00,-0.004308516771282744
2017-12-04 00:00:00+00:00,-0.00019333809415433834
2017-12-05 00:00:00+00:00,0.0030919618699774
2017-12-06 00:00:00+00:00,-0.0007721325259030243
2017-12-07 00:00:00+00:00,0.0010534996496462945
2017-12-08 00:00:00+00:00,-0.0029754498729445134
2017-12-11 00:00:00+00:00,-0.0032986892545312507
2017-12-12 00:00:00+00:00,0.0015001832001839688
2017-12-13 00:00:00+00:00,-0.0016063755619525333
2017-12-14 00:00:00+00:00,-0.00040868324334386585
2017-12-15 00:00:00+00:00,0.0015433179260231356
2017-12-18 00:00:00+00:00,0.0013435686829319504
2017-12-19 00:00:00+00:00,-0.0042571798031086905
2017-12-20 00:00:00+00:00,0.0025252006912603875
2017-12-21 00:00:00+00:00,-0.003265579646713146
2017-12-22 00:00:00+00:00,0.000101423878319018
2017-12-25 00:00:00+00:00,0.0029154730216516267
2017-12-26 00:00:00+00:00,-0.0028291617945694902
2017-12-27 00:00:00+00:00,0.0048562121661497315
2017-12-28 00:00:00+00:00,-0.002672625531792372
2017-12-29 00:00:00+00:00,-0.002683229516144525
2018-01-02 00:00:00+00:00,-0.0032448448536531727
2018-01-03 00:00:00+00:00,0.0005454711372678833
2018-01-04 00:00:00+00:00,0.0007710340332960364
2018-01-05 00:00:00+00:00,0.0006603561675406766
2018-01-08 00:00:00+00:00,0.0021492207427895593
2018-01-09 00:00:00+00:00,0.002653276879502009
2018-01-10 00:00:00+00:00,0.002251061525290421
2018-01-11 00:00:00+00:00,-6.827865957714785e-05
2018-01-12 00:00:00+00:00,0.0034882069093546964
2018-01-15 00:00:00+00:00,-0.003161822907120415
2018-01-16 00:00:00+00:00,0.007491447017427877
2018-01-17 00:00:00+00:00,-0.003058378485120694
2018-01-18 00:00:00+00:00,0.007522224813461431
2018-01-19 00:00:00+00:00,0.002469857281120591
2018-01-22 00:00:00+00:00,0.01039018939711056
2018-01-23 00:00:00+00:00,0.00814370992255209
2018-01-24 00:00:00+00:00,0.0019887258370201444
2018-01-25 00:00:00+00:00,-0.005725724829872658
2018-01-26 00:00:00+00:00,0.004626750235261934
2018-01-29 00:00:00+00:00,-0.015779037299021526
2018-01-30 00:00:00+00:00,-0.008322771636944948
2018-01-31 00:00:00+00:00,0.0002597757498736808
2018-02-01 00:00:00+00:00,-0.0036012387675968816
2018-02-02 00:00:00+00:00,0.002567593082720032
2018-02-05 00:00:00+00:00,0.009531873586435813
2018-02-06 00:00:00+00:00,-0.02662392241753231
2018-02-07 00:00:00+00:00,-0.004804586940266531
2018-02-08 00:00:00+00:00,-0.003343595371851915
2018-02-09 00:00:00+00:00,0.011430194981570718
2018-02-12 00:00:00+00:00,-0.007294355533085328
2018-02-13 00:00:00+00:00,-0.005161561206447063
2018-02-14 00:00:00+00:00,-0.0026859043387833514
2018-02-22 00:00:00+00:00,-0.008364923878176778
2018-02-23 00:00:00+00:00,-0.0023629817244177342
2018-02-26 00:00:00+00:00,0.0
2018-02-27 00:00:00+00:00,0.0
2018-02-28 00:00:00+00:00,0.0
2018-03-01 00:00:00+00:00,0.0
2018-03-02 00:00:00+00:00,0.0
2018-03-05 00:00:00+00:00,0.0
2018-03-06 00:00:00+00:00,0.0
2018-03-07 00:00:00+00:00,0.0
2018-03-08 00:00:00+00:00,0.0
2018-03-09 00:00:00+00:00,0.0
2018-03-12 00:00:00+00:00,0.0006417112101038125
2018-03-13 00:00:00+00:00,-0.000521980301922853
2018-03-14 00:00:00+00:00,-0.0009705869422232949
2018-03-15 00:00:00+00:00,-7.640342728743033e-05
2018-03-16 00:00:00+00:00,-0.0006120784297922732
2018-03-19 00:00:00+00:00,-6.438405248310186e-05
2018-03-20 00:00:00+00:00,0.0003485011219797052
2018-03-21 00:00:00+00:00,-0.0009670956418792453
2018-03-22 00:00:00+00:00,-3.9462195707606895e-05
2018-03-23 00:00:00+00:00,-0.002035927789271641
2018-03-26 00:00:00+00:00,-0.0021486604135699805
2018-03-27 00:00:00+00:00,-0.003192344864426211
2018-03-28 00:00:00+00:00,0.00453563947721336
2018-03-29 00:00:00+00:00,-0.005396181630883956
2018-03-30 00:00:00+00:00,0.0014406525808299264
2018-04-02 00:00:00+00:00,0.0017135851821825643
2018-04-03 00:00:00+00:00,-0.00032879758870707487
2018-04-04 00:00:00+00:00,0.0005325481277396182
2018-04-09 00:00:00+00:00,-0.0013831250416107554
2018-04-10 00:00:00+00:00,-0.006021464556818623
2018-04-11 00:00:00+00:00,-3.8679728772139654e-05
2018-04-12 00:00:00+00:00,0.0030852481379655128
2018-04-13 00:00:00+00:00,0.0024676247780497373
2018-04-16 00:00:00+00:00,0.005856232550747631
2018-04-17 00:00:00+00:00,0.0037058981509041633
2018-04-18 00:00:00+00:00,-0.0007671691771029554
2018-04-19 00:00:00+00:00,-0.00736089206192625
2018-04-20 00:00:00+00:00,0.010039082585797665
2018-04-23 00:00:00+00:00,-0.004577789384018316
2018-04-24 00:00:00+00:00,-0.012687986242973404
2018-04-25 00:00:00+00:00,0.0038042198046315256
2018-04-26 00:00:00+00:00,0.009365746653921425
2018-04-27 00:00:00+00:00,0.0012255153446054656
2018-05-02 00:00:00+00:00,-0.0013455972315880027
2018-05-03 00:00:00+00:00,-0.0019668588416867916
2018-05-04 00:00:00+00:00,0.0040206866751870685
2018-05-07 00:00:00+00:00,-0.008193208705231214
2018-05-08 00:00:00+00:00,-0.008179658731430561
2018-05-09 00:00:00+00:00,0.00023411179615617783
2018-05-10 00:00:00+00:00,-0.0021510125228909605
2018-05-11 00:00:00+00:00,0.0007714955574296134
2018-05-14 00:00:00+00:00,-0.003775146617979619
2018-05-15 00:00:00+00:00,-0.0018806492336818081
2018-05-16 00:00:00+00:00,0.0
2018-05-17 00:00:00+00:00,0.0
2018-05-18 00:00:00+00:00,0.0
2018-05-21 00:00:00+00:00,0.0
2018-05-22 00:00:00+00:00,0.00010196029580811228
2018-05-23 00:00:00+00:00,-0.003396169426254425
2018-05-24 00:00:00+00:00,-0.0015402716419606888
2018-05-25 00:00:00+00:00,-0.0009630983784262304
2018-05-28 00:00:00+00:00,0.0003862751038508083
2018-05-29 00:00:00+00:00,0.0
2018-05-30 00:00:00+00:00,0.0
2018-05-31 00:00:00+00:00,-0.0038804391298687957
2018-06-01 00:00:00+00:00,0.002298050374331728
2018-06-04 00:00:00+00:00,-0.002966360459831674
2018-06-05 00:00:00+00:00,-0.0027342122470846997
2018-06-06 00:00:00+00:00,0.00036937052965813066
2018-06-07 00:00:00+00:00,0.0002973784141719893
2018-06-08 00:00:00+00:00,0.004666439267740463
2018-06-11 00:00:00+00:00,-0.0008638088410796163
2018-06-12 00:00:00+00:00,-0.003500907686354582
2018-06-13 00:00:00+00:00,0.004077058533520583
2018-06-14 00:00:00+00:00,0.0004274171494424994
2018-06-15 00:00:00+00:00,0.00464621720044911
2018-06-19 00:00:00+00:00,0.026012931556243846
2018-06-20 00:00:00+00:00,-0.005395132657191937
2018-06-21 00:00:00+00:00,0.008826255427575092
2018-06-22 00:00:00+00:00,-0.005937963721759143
2018-06-25 00:00:00+00:00,0.008191743435134624
2018-06-26 00:00:00+00:00,-0.0018161795272632064
2018-06-27 00:00:00+00:00,0.010345007244636495
2018-06-28 00:00:00+00:00,0.0003119627541088299
2018-06-29 00:00:00+00:00,-0.013527560195737531
2018-07-02 00:00:00+00:00,0.012493928706939883
2018-07-03 00:00:00+00:00,-0.0032311032585684574
2018-07-04 00:00:00+00:00,0.004518880087217125
2018-07-05 00:00:00+00:00,0.00872052491508346
2018-07-06 00:00:00+00:00,-0.0034348244300407282
2018-07-09 00:00:00+00:00,-0.012876576387670813
2018-07-10 00:00:00+00:00,-0.0012692657950764685
2018-07-11 00:00:00+00:00,0.00868901524199761
2018-07-12 00:00:00+00:00,-0.013157952736397416
2018-07-13 00:00:00+00:00,-0.0005695448984651685
2018-07-16 00:00:00+00:00,7.10268882597731e-06
2018-07-17 00:00:00+00:00,0.001401587306604668
2018-07-18 00:00:00+00:00,0.0024934771549807166
2018-07-19 00:00:00+00:00,0.0024228135711164
2018-07-20 00:00:00+00:00,-0.007653176676675866
2018-07-23 00:00:00+00:00,-0.0015460340191130184
2018-07-24 00:00:00+00:00,0.0015722771216337694
2018-07-25 00:00:00+00:00,-0.0011921176164326752
2018-07-26 00:00:00+00:00,-0.0022922852012379202
2018-07-27 00:00:00+00:00,9.077052417683085e-05
2018-07-30 00:00:00+00:00,0.0001734798797654591
2018-07-31 00:00:00+00:00,0.0004497110666066284
2018-08-01 00:00:00+00:00,-0.00473926205560693
2018-08-02 00:00:00+00:00,-0.0019678443122684852
2018-08-03 00:00:00+00:00,0.0006217703967050792
2018-08-06 00:00:00+00:00,0.0
2018-08-07 00:00:00+00:00,-0.0027173898400492114
2018-08-08 00:00:00+00:00,0.0018824126264356256
2018-08-09 00:00:00+00:00,-0.002963302979902438
2018-08-10 00:00:00+00:00,-0.0006466676745955358
2018-08-13 00:00:00+00:00,-0.00012333077121085
2018-08-14 00:00:00+00:00,0.0003673147276843647
2018-08-15 00:00:00+00:00,0.0030982101506606963
2018-08-16 00:00:00+00:00,0.0008420808717082284
2018-08-17 00:00:00+00:00,0.0018759015017233427
2018-08-20 00:00:00+00:00,-0.002113961305058587
2018-08-21 00:00:00+00:00,-0.0023044027448722026
2018-08-22 00:00:00+00:00,0.000269926355322081
2018-08-23 00:00:00+00:00,-0.0003283644071618852
2018-08-24 00:00:00+00:00,-6.044913167391197e-05
2018-08-27 00:00:00+00:00,-0.004689728826561268
2018-08-28 00:00:00+00:00,-0.0010782625463058304
2018-08-29 00:00:00+00:00,0.00023742198314447016
2018-08-30 00:00:00+00:00,0.0009205154815832284
2018-08-31 00:00:00+00:00,0.0007975605310488465
2018-09-03 00:00:00+00:00,-0.00046107341132561874
2018-09-04 00:00:00+00:00,-0.00048377218921258347
2018-09-05 00:00:00+00:00,0.0009249470390548797
2018-09-06 00:00:00+00:00,0.00021898226212080374
2018-09-07 00:00:00+00:00,3.531198699802118e-05
2018-09-10 00:00:00+00:00,0.0010285055572614166
2018-09-11 00:00:00+00:00,-0.00022346552183361013
2018-09-12 00:00:00+00:00,0.0004939528232097423
2018-09-13 00:00:00+00:00,-0.0010925715040125406
2018-09-14 00:00:00+00:00,0.0016175420397945839
2018-09-17 00:00:00+00:00,0.00131116921336627
2018-09-18 00:00:00+00:00,-0.0030959502085891044
2018-09-19 00:00:00+00:00,-0.0020993190453134636
2018-09-20 00:00:00+00:00,-0.0010055469479031132
2018-09-21 00:00:00+00:00,-0.004379787826804038
2018-09-25 00:00:00+00:00,0.00019260353381933548
2018-09-26 00:00:00+00:00,0.0028567317226790845
2018-09-27 00:00:00+00:00,-0.0011858115892892096
2018-09-28 00:00:00+00:00,0.0037925687551774168
2018-10-08 00:00:00+00:00,-0.020907130575864685
2018-10-09 00:00:00+00:00,0.0011370097646123956
2018-10-10 00:00:00+00:00,0.0001352908239149464
2018-10-11 00:00:00+00:00,-0.01278325340306885
2018-10-12 00:00:00+00:00,0.003591713951351494
2018-10-15 00:00:00+00:00,0.0011767306659571375
2018-10-16 00:00:00+00:00,0.0023128657584019496
2018-10-17 00:00:00+00:00,0.00010546602820116213
2018-10-18 00:00:00+00:00,0.004022302684834278
2018-10-19 00:00:00+00:00,-0.0074676084861098335
2018-10-22 00:00:00+00:00,-0.016851811495955937
2018-10-23 00:00:00+00:00,-0.0021423274451617402
2018-10-24 00:00:00+00:00,0.0
2018-10-25 00:00:00+00:00,0.0
2018-10-26 00:00:00+00:00,0.0
2018-10-29 00:00:00+00:00,0.0
2018-10-30 00:00:00+00:00,0.0
2018-10-31 00:00:00+00:00,0.0
2018-11-01 00:00:00+00:00,0.0
2018-11-02 00:00:00+00:00,0.0
2018-11-05 00:00:00+00:00,0.0
2018-11-06 00:00:00+00:00,0.0
2018-11-07 00:00:00+00:00,0.0
2018-11-08 00:00:00+00:00,0.0
2018-11-09 00:00:00+00:00,0.0
2018-11-12 00:00:00+00:00,0.0
2018-11-13 00:00:00+00:00,0.0
2018-11-14 00:00:00+00:00,-0.0002026786492544952
2018-11-15 00:00:00+00:00,0.0007264256167551775
2018-11-16 00:00:00+00:00,0.0002506946247713415
2018-11-19 00:00:00+00:00,0.0001403887463096165
2018-11-20 00:00:00+00:00,-0.0036379419087408937
2018-11-21 00:00:00+00:00,-0.0006464781293383792
2018-11-22 00:00:00+00:00,0.0
2018-11-23 00:00:00+00:00,0.0
2018-11-26 00:00:00+00:00,0.0
2018-11-27 00:00:00+00:00,0.0
2018-11-28 00:00:00+00:00,0.0
2018-11-29 00:00:00+00:00,0.0
2018-11-30 00:00:00+00:00,0.0
2018-12-03 00:00:00+00:00,0.0
2018-12-04 00:00:00+00:00,0.0
2018-12-05 00:00:00+00:00,0.0
2018-12-06 00:00:00+00:00,0.0
2018-12-07 00:00:00+00:00,0.0
2018-12-10 00:00:00+00:00,0.0
2018-12-11 00:00:00+00:00,0.0
2018-12-12 00:00:00+00:00,0.0
2018-12-13 00:00:00+00:00,0.0
2018-12-14 00:00:00+00:00,0.0
2018-12-17 00:00:00+00:00,0.0
2018-12-18 00:00:00+00:00,0.0
2018-12-19 00:00:00+00:00,0.0
2018-12-20 00:00:00+00:00,0.002133928627988224
2018-12-21 00:00:00+00:00,0.004281434319484578
2018-12-24 00:00:00+00:00,-0.0017273088827274297
2018-12-25 00:00:00+00:00,0.003406511717219951
2018-12-26 00:00:00+00:00,0.003683283984940333
2018-12-27 00:00:00+00:00,0.0009094787249259717
2018-12-28 00:00:00+00:00,0.00028212446497244414
2019-01-02 00:00:00+00:00,0.006206051168270665
2019-01-03 00:00:00+00:00,-0.0008651655525236945
2019-01-04 00:00:00+00:00,-0.013713666207401887
2019-01-07 00:00:00+00:00,-0.0007787561371680463
2019-01-08 00:00:00+00:00,0.0005690336782013805
2019-01-09 00:00:00+00:00,-0.004940280383386453
2019-01-10 00:00:00+00:00,-0.0003995455169660822
2019-01-11 00:00:00+00:00,-0.003107654277579419
2019-01-14 00:00:00+00:00,0.0035054447051010573
2019-01-15 00:00:00+00:00,-0.006524797614065769
2019-01-16 00:00:00+00:00,0.0001637487095722534
2019-01-17 00:00:00+00:00,0.0
2019-01-18 00:00:00+00:00,0.0
2019-01-21 00:00:00+00:00,0.002063319871324021
2019-01-22 00:00:00+00:00,-0.0053807317287338785
2019-01-23 00:00:00+00:00,-0.0010277090892711893
2019-01-24 00:00:00+00:00,0.003277760476440239
2019-01-25 00:00:00+00:00,0.0028821446826265973
2019-01-28 00:00:00+00:00,-0.0020310624522312803
2019-01-29 00:00:00+00:00,0.0028811642190540443
2019-01-30 00:00:00+00:00,-0.0026196443303299066
2019-01-31 00:00:00+00:00,0.00764213749850251
2019-02-01 00:00:00+00:00,0.007647624215724402
2019-02-11 00:00:00+00:00,0.011345042728867716
2019-02-12 00:00:00+00:00,0.005928236675622145
2019-02-13 00:00:00+00:00,0.025275024117551892
2019-02-14 00:00:00+00:00,0.0004493880839993025
2019-02-15 00:00:00+00:00,-0.023387293946833365
2019-02-18 00:00:00+00:00,0.031785803624418296
2019-02-19 00:00:00+00:00,-0.002884520999907103
2019-02-20 00:00:00+00:00,0.004315360955804426
2019-02-21 00:00:00+00:00,-0.002545824735663893
2019-02-22 00:00:00+00:00,0.028932755783539044
2019-02-25 00:00:00+00:00,0.08902428776552074
2019-02-26 00:00:00+00:00,-0.032278522897209894
2019-02-27 00:00:00+00:00,-0.0012741355531971088
2019-02-28 00:00:00+00:00,-0.0015545989042863306
2019-03-01 00:00:00+00:00,0.025941864553850946
2019-03-04 00:00:00+00:00,0.008196498464946744
2019-03-05 00:00:00+00:00,0.007361767982338785
2019-03-06 00:00:00+00:00,0.005374416822234718
2019-03-07 00:00:00+00:00,-0.013450292236059425
2019-03-08 00:00:00+00:00,-0.04200095314021823
2019-03-11 00:00:00+00:00,0.01237158521725057
2019-03-12 00:00:00+00:00,0.007694571977776787
2019-03-13 00:00:00+00:00,-0.004047295296430553
2019-03-14 00:00:00+00:00,-0.004407857445762553
2019-03-15 00:00:00+00:00,0.014248595876013681
2019-03-18 00:00:00+00:00,0.03340444575794632
2019-03-19 00:00:00+00:00,-0.009634650604983919
2019-03-20 00:00:00+00:00,0.0012566996685330345
2019-03-21 00:00:00+00:00,-0.003025765378429468
2019-03-22 00:00:00+00:00,0.002849979049545759
2019-03-25 00:00:00+00:00,-0.03309426474000465
2019-03-26 00:00:00+00:00,-0.007320353676068869
2019-03-27 00:00:00+00:00,0.008576945364419553
2019-03-28 00:00:00+00:00,-0.002432582980617659
2019-03-29 00:00:00+00:00,0.04642069898572232
2019-04-01 00:00:00+00:00,0.02868862950588036
2019-04-02 00:00:00+00:00,-0.0015456857935634005
2019-04-03 00:00:00+00:00,0.014898390224120428
2019-04-04 00:00:00+00:00,0.01466310873088239
2019-04-08 00:00:00+00:00,-0.00492292979585629
2019-04-09 00:00:00+00:00,0.005462396371534339
2019-04-10 00:00:00+00:00,0.003416031851630308
2019-04-11 00:00:00+00:00,-0.02130503139041373
2019-04-12 00:00:00+00:00,-0.0024415410181479746
2019-04-15 00:00:00+00:00,-0.006560378527775468
2019-04-16 00:00:00+00:00,0.04033259819673751
2019-04-17 00:00:00+00:00,-0.0044064057786105115
2019-04-18 00:00:00+00:00,-0.0039476673330597345
2019-04-19 00:00:00+00:00,0.014880661690704455
2019-04-22 00:00:00+00:00,-0.02816643669538843
2019-04-23 00:00:00+00:00,-0.0004980291366366574
2019-04-24 00:00:00+00:00,-0.00014165367407925622
2019-04-25 00:00:00+00:00,-0.02041556711188297
2019-04-26 00:00:00+00:00,-0.02149634883851559
2019-04-29 00:00:00+00:00,-0.004420939436654225
2019-04-30 00:00:00+00:00,6.231020328217873e-05
2019-05-06 00:00:00+00:00,-0.0033899651755880944
2019-05-07 00:00:00+00:00,0.0008071055619804923
2019-05-08 00:00:00+00:00,0.00214746654415654
2019-05-09 00:00:00+00:00,0.004566338635408451
2019-05-10 00:00:00+00:00,-0.009100528485806447
2019-05-13 00:00:00+00:00,0.005859278778702404
2019-05-14 00:00:00+00:00,0.00239841768770388
2019-05-15 00:00:00+00:00,-0.007777554961871602
2019-05-16 00:00:00+00:00,-0.0011111906857586007
2019-05-17 00:00:00+00:00,0.007405451858798262
2019-05-20 00:00:00+00:00,0.0032674174892659558
2019-05-21 00:00:00+00:00,-0.0028440599824794965
2019-05-22 00:00:00+00:00,0.0009694075950732461
2019-05-23 00:00:00+00:00,0.005543565637403658
2019-05-24 00:00:00+00:00,-0.0015185529445638224
2019-05-27 00:00:00+00:00,-0.004187813885156655
2019-05-28 00:00:00+00:00,-0.002208730634852718
2019-05-29 00:00:00+00:00,-0.0013958055489641241
2019-05-30 00:00:00+00:00,0.001052108878800917
2019-05-31 00:00:00+00:00,0.0028019717958278623
2019-06-03 00:00:00+00:00,-0.002863656810887405
2019-06-04 00:00:00+00:00,0.0030980910168634246
2019-06-05 00:00:00+00:00,0.0011674209695864413
2019-06-06 00:00:00+00:00,0.0028551847987510204
2019-06-10 00:00:00+00:00,-0.005748323282374956
2019-06-11 00:00:00+00:00,-0.01405835028046798
2019-06-12 00:00:00+00:00,0.001011858025371959
2019-06-13 00:00:00+00:00,-0.00013320369267622034
2019-06-14 00:00:00+00:00,0.0004161746639779196
2019-06-17 00:00:00+00:00,-0.00014141775836906678
2019-06-18 00:00:00+00:00,1.1952486775879123e-05
2019-06-19 00:00:00+00:00,-0.00038475164223361613
2019-06-20 00:00:00+00:00,0.00621792683140332
2019-06-21 00:00:00+00:00,-0.0009813752507324969
2019-06-24 00:00:00+00:00,0.0005725941824672454
2019-06-25 00:00:00+00:00,-0.006441678016313457
2019-06-26 00:00:00+00:00,-0.0005073340139748472
2019-06-27 00:00:00+00:00,0.006173671569416728
2019-06-28 00:00:00+00:00,-4.069526373562393e-05
2019-07-01 00:00:00+00:00,0.011856098921606772
2019-07-02 00:00:00+00:00,0.00022193851629603856
2019-07-03 00:00:00+00:00,-0.005655031448072334
2019-07-04 00:00:00+00:00,-0.0031205397777109845
2019-07-05 00:00:00+00:00,0.0026037532006282227
2019-07-08 00:00:00+00:00,-0.01577094521118505
2019-07-09 00:00:00+00:00,-0.0014667386434299434
2019-07-10 00:00:00+00:00,0.000159344863980726
2019-07-11 00:00:00+00:00,0.00024328699571696255
2019-07-12 00:00:00+00:00,0.00452767427683165
2019-07-15 00:00:00+00:00,0.001629862314813435
2019-07-16 00:00:00+00:00,-0.002774070643202231
2019-07-17 00:00:00+00:00,-0.00169373592223232
2019-07-18 00:00:00+00:00,-0.0032328396408358717
2019-07-19 00:00:00+00:00,0.005765310775289523
2019-07-22 00:00:00+00:00,-0.0016624020426737607
2019-07-23 00:00:00+00:00,-0.00013501380203162494
2019-07-24 00:00:00+00:00,0.002423074818334481
2019-07-25 00:00:00+00:00,0.002454635949892703
2019-07-26 00:00:00+00:00,0.00026128625397214833
2019-07-29 00:00:00+00:00,-0.0005298993740640023
2019-07-30 00:00:00+00:00,0.0011275665881484986
2019-07-31 00:00:00+00:00,-0.0034841109031914508
2019-08-01 00:00:00+00:00,-0.004234369465353605
2019-08-02 00:00:00+00:00,-0.006997090751323709
2019-08-05 00:00:00+00:00,-0.003309869910633201
2019-08-06 00:00:00+00:00,-0.0014561766437433121
2019-08-07 00:00:00+00:00,0.0025783129508747393
2019-08-08 00:00:00+00:00,-0.002917979887975597
2019-08-09 00:00:00+00:00,0.0017957857690207302
2019-08-12 00:00:00+00:00,-0.0067597606505486185
2019-08-13 00:00:00+00:00,0.0021793587207907805
2019-08-14 00:00:00+00:00,-0.0025386827764060094
2019-08-15 00:00:00+00:00,-0.0024394321194560753
2019-08-16 00:00:00+00:00,-0.0011073770571090602
2019-08-19 00:00:00+00:00,-0.012991333285422568
2019-08-20 00:00:00+00:00,-0.0018936530869830825
2019-08-21 00:00:00+00:00,0.0
2019-08-22 00:00:00+00:00,0.0
2019-08-23 00:00:00+00:00,0.0
2019-08-26 00:00:00+00:00,0.0
2019-08-27 00:00:00+00:00,0.0
2019-08-28 00:00:00+00:00,0.0
2019-08-29 00:00:00+00:00,0.0
2019-08-30 00:00:00+00:00,0.0
2019-09-02 00:00:00+00:00,0.0
2019-09-03 00:00:00+00:00,0.00016681271196494762
2019-09-04 00:00:00+00:00,0.0015525729374723518
2019-09-05 00:00:00+00:00,0.0017290403804295362
2019-09-06 00:00:00+00:00,0.004876760111726108
2019-09-09 00:00:00+00:00,0.0008740840078249601
2019-09-10 00:00:00+00:00,-0.002083575599593823
2019-09-11 00:00:00+00:00,-0.004433094540585603
2019-09-12 00:00:00+00:00,0.006362744634083262
2019-09-16 00:00:00+00:00,-0.0016089409640076546
2019-09-17 00:00:00+00:00,-0.01225320763069504
2019-09-18 00:00:00+00:00,0.002402553995325407
2019-09-19 00:00:00+00:00,0.0
2019-09-20 00:00:00+00:00,0.0
2019-09-23 00:00:00+00:00,0.0
2019-09-24 00:00:00+00:00,0.0
2019-09-25 00:00:00+00:00,0.0
2019-09-26 00:00:00+00:00,0.0
2019-09-27 00:00:00+00:00,0.0
2019-09-30 00:00:00+00:00,0.0
2019-10-08 00:00:00+00:00,0.0
2019-10-09 00:00:00+00:00,0.0
2019-10-10 00:00:00+00:00,0.0
2019-10-11 00:00:00+00:00,0.0
2019-10-14 00:00:00+00:00,0.0
2019-10-15 00:00:00+00:00,0.0
2019-10-16 00:00:00+00:00,0.0
2019-10-17 00:00:00+00:00,0.0
2019-10-18 00:00:00+00:00,0.0
2019-10-21 00:00:00+00:00,0.0
2019-10-22 00:00:00+00:00,0.0
2019-10-23 00:00:00+00:00,0.0
2019-10-24 00:00:00+00:00,0.0
2019-10-25 00:00:00+00:00,0.0
2019-10-28 00:00:00+00:00,0.0
2019-10-29 00:00:00+00:00,0.0
2019-10-30 00:00:00+00:00,0.0
2019-10-31 00:00:00+00:00,0.0
2019-11-01 00:00:00+00:00,0.0
2019-11-04 00:00:00+00:00,0.0
2019-11-05 00:00:00+00:00,0.0
2019-11-06 00:00:00+00:00,-0.0006921628158105264
2019-11-07 00:00:00+00:00,0.0003104351488245616
2019-11-08 00:00:00+00:00,-0.0009241957930915534
2019-11-11 00:00:00+00:00,-0.0026864019095462766
2019-11-12 00:00:00+00:00,-0.0003901839185089795
2019-11-13 00:00:00+00:00,0.00021347347626821112
2019-11-14 00:00:00+00:00,0.0
2019-11-15 00:00:00+00:00,0.0
2019-11-18 00:00:00+00:00,0.0
2019-11-19 00:00:00+00:00,0.0
2019-11-20 00:00:00+00:00,0.0
2019-11-21 00:00:00+00:00,0.0
2019-11-22 00:00:00+00:00,0.0
2019-11-25 00:00:00+00:00,-0.0012503220078770028
2019-11-26 00:00:00+00:00,0.00024742675031541594
2019-11-27 00:00:00+00:00,-1.0096552875982212e-05
2019-11-28 00:00:00+00:00,0.0007320074742631633
2019-11-29 00:00:00+00:00,0.0023507997694578453
2019-12-02 00:00:00+00:00,-8.687814964691842e-05
2019-12-03 00:00:00+00:00,-0.0019568630387692965
2019-12-04 00:00:00+00:00,0.0008490456961327553
2019-12-05 00:00:00+00:00,-0.0031530868840610182
2019-12-06 00:00:00+00:00,-0.0031960541468560866
2019-12-09 00:00:00+00:00,0.0006925038136222916
2019-12-10 00:00:00+00:00,0.0002247089053999396
2019-12-11 00:00:00+00:00,-0.0024366585575908983
2019-12-12 00:00:00+00:00,0.0016135196384157169
2019-12-13 00:00:00+00:00,-0.0097292162787177
2019-12-16 00:00:00+00:00,0.003294373279659757
2019-12-17 00:00:00+00:00,0.006127756836376008
2019-12-18 00:00:00+00:00,-0.0006174977479497246
2019-12-19 00:00:00+00:00,0.0007137800718266529
2019-12-20 00:00:00+00:00,-0.005138364519033045
2019-12-23 00:00:00+00:00,-0.015691396778338862
2019-12-24 00:00:00+00:00,0.0031700723793661734
2019-12-25 00:00:00+00:00,-0.00047959082037740686
2019-12-26 00:00:00+00:00,0.001628865816163616
2019-12-27 00:00:00+00:00,0.0007626831324309968
2019-12-30 00:00:00+00:00,0.0031113911879836476
2019-12-31 00:00:00+00:00,0.0016249346440913026
2020-01-02 00:00:00+00:00,0.00526927062608773
2020-01-03 00:00:00+00:00,-0.00733255220234974
2020-01-06 00:00:00+00:00,-0.007323184119991666
2020-01-07 00:00:00+00:00,0.008726441030466159
2020-01-08 00:00:00+00:00,-0.012738012005006016
2020-01-09 00:00:00+00:00,0.01165036314746759
2020-01-10 00:00:00+00:00,0.0004043227995387255
2020-01-13 00:00:00+00:00,0.01298526699823599
2020-01-14 00:00:00+00:00,-0.0035945497260122528
2020-01-15 00:00:00+00:00,-0.01294155264290986
2020-01-16 00:00:00+00:00,0.002076949042260967
2020-01-17 00:00:00+00:00,-0.0011516392178927415
2020-01-20 00:00:00+00:00,0.007305362221476042
2020-01-21 00:00:00+00:00,-0.014039282227658822
2020-01-22 00:00:00+00:00,0.00320038650772414
2020-01-23 00:00:00+00:00,-0.01702712116245375
2020-02-03 00:00:00+00:00,-0.029869347093275267
2020-02-04 00:00:00+00:00,-0.017200248680902863
2020-02-05 00:00:00+00:00,-0.003410877460952366
2020-02-06 00:00:00+00:00,-0.010483606359873221
2020-02-07 00:00:00+00:00,0.0004244620178210923
2020-02-10 00:00:00+00:00,0.0
2020-02-11 00:00:00+00:00,0.0
2020-02-12 00:00:00+00:00,0.0
2020-02-13 00:00:00+00:00,0.0
2020-02-14 00:00:00+00:00,0.0
2020-02-17 00:00:00+00:00,0.0
2020-02-18 00:00:00+00:00,0.00010730151037341429
2020-02-19 00:00:00+00:00,-0.00020115426723865681
2020-02-20 00:00:00+00:00,0.0009275203978675872
2020-02-21 00:00:00+00:00,0.0020418473765926315
2020-02-24 00:00:00+00:00,0.0014755447860124171
2020-02-25 00:00:00+00:00,0.0017636755425791684
2020-02-26 00:00:00+00:00,-0.006805597515489925
2020-02-27 00:00:00+00:00,-0.000308944835685665
2020-02-28 00:00:00+00:00,-0.018661475239315606
2020-03-02 00:00:00+00:00,0.006295644093482045
2020-03-03 00:00:00+00:00,0.0
2020-03-04 00:00:00+00:00,0.0
2020-03-05 00:00:00+00:00,0.0
2020-03-06 00:00:00+00:00,-0.0020092694381623755
2020-03-09 00:00:00+00:00,-0.006326158712782526
2020-03-10 00:00:00+00:00,0.0015533250143171529
2020-03-11 00:00:00+00:00,0.0
2020-03-12 00:00:00+00:00,0.0
2020-03-13 00:00:00+00:00,0.0
2020-03-16 00:00:00+00:00,0.008498274442921172
2020-03-17 00:00:00+00:00,0.0063737149604894405
2020-03-18 00:00:00+00:00,0.010801999979586308
2020-03-19 00:00:00+00:00,0.003693089471221045
2020-03-20 00:00:00+00:00,-0.009750219749366407
2020-03-23 00:00:00+00:00,0.013958956399479971
2020-03-24 00:00:00+00:00,-0.01264512074865265
2020-03-25 00:00:00+00:00,-0.010467839403247914
2020-03-26 00:00:00+00:00,0.002304825151317802
2020-03-27 00:00:00+00:00,-0.0025139618447845846
2020-03-30 00:00:00+00:00,0.001883959350372777
2020-03-31 00:00:00+00:00,0.002243310423295286
2020-04-01 00:00:00+00:00,0.00020818792198440406
2020-04-02 00:00:00+00:00,-0.009626857742701778
2020-04-03 00:00:00+00:00,0.0040053403111324215
2020-04-07 00:00:00+00:00,-0.010125260322855767
2020-04-08 00:00:00+00:00,0.0009567361376030536
2020-04-09 00:00:00+00:00,0.0
2020-04-10 00:00:00+00:00,0.0
2020-04-13 00:00:00+00:00,0.0
2020-04-14 00:00:00+00:00,0.0
2020-04-15 00:00:00+00:00,-0.000887189856609405
2020-04-16 00:00:00+00:00,0.0004623917579131831
2020-04-17 00:00:00+00:00,0.0011889198608290297
2020-04-20 00:00:00+00:00,0.0011401918680611356
2020-04-21 00:00:00+00:00,-0.0046151519088808435
2020-04-22 00:00:00+00:00,0.003424650448913935
2020-04-23 00:00:00+00:00,-0.0010261450908013448
2020-04-24 00:00:00+00:00,-0.001562997491775353
2020-04-27 00:00:00+00:00,0.0029570355021575345
2020-04-28 00:00:00+00:00,0.0018136513058639725
2020-04-29 00:00:00+00:00,0.002620254536619626
2020-04-30 00:00:00+00:00,0.00888002814999167
2020-05-06 00:00:00+00:00,0.00228568151618469
2020-05-07 00:00:00+00:00,-0.0017256846396349612
2020-05-08 00:00:00+00:00,0.008111648046149389
2020-05-11 00:00:00+00:00,8.634099568105569e-05
2020-05-12 00:00:00+00:00,-0.0007689702350658356
2020-05-13 00:00:00+00:00,0.0022957134187080452
2020-05-14 00:00:00+00:00,-0.008728175974397123
2020-05-15 00:00:00+00:00,-0.005089751125536779
2020-05-18 00:00:00+00:00,0.007242804845931872
2020-05-19 00:00:00+00:00,0.00725833326543146
2020-05-20 00:00:00+00:00,-0.0012713094275732528
2020-05-21 00:00:00+00:00,-0.005538652968094193
2020-05-22 00:00:00+00:00,-0.022820602624886166
2020-05-25 00:00:00+00:00,0.0028354785178377195
2020-05-26 00:00:00+00:00,0.0
2020-05-27 00:00:00+00:00,0.0
2020-05-28 00:00:00+00:00,0.0
2020-05-29 00:00:00+00:00,0.0
2020-06-01 00:00:00+00:00,0.0
2020-06-02 00:00:00+00:00,-0.0006470867942528491
2020-06-03 00:00:00+00:00,-0.002729612924422087
2020-06-04 00:00:00+00:00,-8.17681610467691e-05
2020-06-05 00:00:00+00:00,0.0034733738924965785
2020-06-08 00:00:00+00:00,0.0007257655973984534
2020-06-09 00:00:00+00:00,0.003436769322237687
2020-06-10 00:00:00+00:00,-0.003116131723021609
2020-06-11 00:00:00+00:00,-0.011797045638040182
2020-06-12 00:00:00+00:00,0.005251863263546319
2020-06-15 00:00:00+00:00,-0.0154816561742942
2020-06-16 00:00:00+00:00,0.01804233029279123
2020-06-17 00:00:00+00:00,0.001813267914594352
2020-06-18 00:00:00+00:00,0.00690056117537452
2020-06-19 00:00:00+00:00,0.012375893571973995
2020-06-22 00:00:00+00:00,0.0005118429152710657
2020-06-23 00:00:00+00:00,0.005859084144270277
2020-06-24 00:00:00+00:00,0.009259563091604361
2020-06-29 00:00:00+00:00,-0.009109406675757548
2020-06-30 00:00:00+00:00,0.013678032738734691
2020-07-01 00:00:00+00:00,0.024459313787566828
2020-07-02 00:00:00+00:00,0.03134250916589476
2020-07-03 00:00:00+00:00,0.02425705909568654
2020-07-06 00:00:00+00:00,0.08721296875592222
2020-07-07 00:00:00+00:00,-0.002738792833055781
2020-07-08 00:00:00+00:00,0.015136006320003226
2020-07-09 00:00:00+00:00,0.020626890973873158
2020-07-10 00:00:00+00:00,-0.019831107674056714
2020-07-13 00:00:00+00:00,0.026370365705067345
2020-07-14 00:00:00+00:00,-0.013884239692895872
2020-07-15 00:00:00+00:00,-0.017297296566378906
2020-07-16 00:00:00+00:00,-0.06156162354209871
2020-07-17 00:00:00+00:00,0.00927586907409661
2020-07-20 00:00:00+00:00,0.03231149541117406
2020-07-21 00:00:00+00:00,0.003923729301691381
2020-07-22 00:00:00+00:00,0.006270887180046314
2020-07-23 00:00:00+00:00,0.000940745935460674
2020-07-24 00:00:00+00:00,-0.05832332458696787
2020-07-27 00:00:00+00:00,-0.001887590175529752
2020-07-28 00:00:00+00:00,0.0048080090991400315
2020-07-29 00:00:00+00:00,0.023482628687239826
2020-07-30 00:00:00+00:00,-0.004977230516213127
2020-07-31 00:00:00+00:00,0.004683481497670616
2020-08-03 00:00:00+00:00,0.014295866176899263
2020-08-04 00:00:00+00:00,0.0015112841085305195
2020-08-05 00:00:00+00:00,0.00012936823782871976
2020-08-06 00:00:00+00:00,0.0005818753004509514
2020-08-07 00:00:00+00:00,-0.0076940537849482515
2020-08-10 00:00:00+00:00,0.005392215736357953
2020-08-11 00:00:00+00:00,-0.011943794703264676
2020-08-12 00:00:00+00:00,-0.005040184152772631
2020-08-13 00:00:00+00:00,-0.0001555323755226823
2020-08-14 00:00:00+00:00,0.01715272895806308
2020-08-17 00:00:00+00:00,0.013515025391351188
2020-08-18 00:00:00+00:00,0.0010755845390804097
2020-08-19 00:00:00+00:00,-0.0165228549854477
2020-08-20 00:00:00+00:00,-0.007026157615099282
2020-08-21 00:00:00+00:00,0.0054618674138826595
2020-08-24 00:00:00+00:00,0.00151867188529331
2020-08-25 00:00:00+00:00,0.0017564709306412407
2020-08-26 00:00:00+00:00,-0.011164773967455077
2020-08-27 00:00:00+00:00,0.007485664572983719
2020-08-28 00:00:00+00:00,0.021774424775916845
2020-08-31 00:00:00+00:00,-0.010206586188710953
2020-09-01 00:00:00+00:00,0.007553149636081002
2020-09-02 00:00:00+00:00,-0.0045283060543823694
2020-09-03 00:00:00+00:00,-0.0021305046187956034
2020-09-04 00:00:00+00:00,-0.0058704987527838925
2020-09-07 00:00:00+00:00,-0.018550495897591723
2020-09-08 00:00:00+00:00,0.0042689041174155395
2020-09-09 00:00:00+00:00,-0.011686576549838734
2020-09-10 00:00:00+00:00,-0.0017421782052705614
2020-09-11 00:00:00+00:00,-0.000395852175854694
2020-09-14 00:00:00+00:00,-0.00037091286799417755
2020-09-15 00:00:00+00:00,-0.00023723858445878765
2020-09-16 00:00:00+00:00,8.913169752200467e-05
2020-09-17 00:00:00+00:00,-0.0001867215693750479
2020-09-18 00:00:00+00:00,-0.0010439655816082416
2020-09-21 00:00:00+00:00,-0.00046193909585656723
2020-09-22 00:00:00+00:00,0.0
2020-09-23 00:00:00+00:00,0.0
2020-09-24 00:00:00+00:00,0.0
2020-09-25 00:00:00+00:00,0.0
2020-09-28 00:00:00+00:00,0.0
2020-09-29 00:00:00+00:00,0.0
2020-09-30 00:00:00+00:00,0.0
2020-10-09 00:00:00+00:00,0.0
2020-10-12 00:00:00+00:00,0.0
2020-10-13 00:00:00+00:00,0.0008308484954036022
2020-10-14 00:00:00+00:00,-0.0009768770839390095
2020-10-15 00:00:00+00:00,0.00016661642134718768
2020-10-16 00:00:00+00:00,0.0001252383548164815
2020-10-19 00:00:00+00:00,-0.0022187390245731464
2020-10-20 00:00:00+00:00,0.0009746110896489135
2020-10-21 00:00:00+00:00,0.0011128166775964399
2020-10-22 00:00:00+00:00,-0.0008656407652081199
2020-10-23 00:00:00+00:00,-0.0012211824088054213
2020-10-26 00:00:00+00:00,-0.0037984975409650623
2020-10-27 00:00:00+00:00,0.00024317696851006154
2020-10-28 00:00:00+00:00,0.002023546906379403
2020-10-29 00:00:00+00:00,0.0021470481027454635
2020-10-30 00:00:00+00:00,-0.0046061901009147865
2020-11-02 00:00:00+00:00,0.0004574305860807204
2020-11-03 00:00:00+00:00,0.002727102154966854
2020-11-04 00:00:00+00:00,0.0020248250721590644
2020-11-05 00:00:00+00:00,0.003938766305704444
2020-11-06 00:00:00+00:00,-0.0009808468405115844
2020-11-09 00:00:00+00:00,0.008827077437046471
2020-11-10 00:00:00+00:00,-0.00367450559933169
2020-11-11 00:00:00+00:00,-0.0030767227129756547
2020-11-12 00:00:00+00:00,-0.0025696985712232445
2020-11-13 00:00:00+00:00,-0.011088681860617178
2020-11-16 00:00:00+00:00,0.008621443922596672
2020-11-17 00:00:00+00:00,-0.0011884572158474827
2020-11-18 00:00:00+00:00,0.0009045046274678281
2020-11-19 00:00:00+00:00,0.008087901861913327
2020-11-20 00:00:00+00:00,0.0009096294605983601
2020-11-23 00:00:00+00:00,0.011057046107861401
2020-11-24 00:00:00+00:00,-0.005901284297890053
2020-11-25 00:00:00+00:00,-0.011205472865892463
2020-11-26 00:00:00+00:00,0.005437277907814231
2020-11-27 00:00:00+00:00,0.017646957488786308
2020-11-30 00:00:00+00:00,-0.008943668254812631
2020-12-01 00:00:00+00:00,0.025599025480624205
2020-12-02 00:00:00+00:00,-0.003186878695104256
2020-12-03 00:00:00+00:00,-0.0011942898325552065
2020-12-04 00:00:00+00:00,0.0024706028022918325
2020-12-07 00:00:00+00:00,-0.00997028052965343
2020-12-08 00:00:00+00:00,-0.003005558088448379
2020-12-09 00:00:00+00:00,-0.010739734725593642
2020-12-10 00:00:00+00:00,-0.0028216791711669353
2020-12-11 00:00:00+00:00,-0.011409670864167554
2020-12-14 00:00:00+00:00,0.002806587197562438
2020-12-15 00:00:00+00:00,0.0
2020-12-16 00:00:00+00:00,0.0
2020-12-17 00:00:00+00:00,0.0
2020-12-18 00:00:00+00:00,0.0
2020-12-21 00:00:00+00:00,0.0
2020-12-22 00:00:00+00:00,0.0
2020-12-23 00:00:00+00:00,0.0
2020-12-24 00:00:00+00:00,0.0
2020-12-25 00:00:00+00:00,0.0
2020-12-28 00:00:00+00:00,0.0
2020-12-29 00:00:00+00:00,0.0
2020-12-30 00:00:00+00:00,0.0
2020-12-31 00:00:00+00:00,0.002910555645446067
2021-01-04 00:00:00+00:00,0.002121282831427873
2021-01-05 00:00:00+00:00,0.009102251810989337
2021-01-06 00:00:00+00:00,0.011186302256770864
2021-01-07 00:00:00+00:00,0.022921541785331012
2021-01-08 00:00:00+00:00,-0.005492868325207678
2021-01-11 00:00:00+00:00,-0.009867047829331566
2021-01-12 00:00:00+00:00,0.032665118514173974
2021-01-13 00:00:00+00:00,-0.006079158524714634
2021-01-14 00:00:00+00:00,-0.01619877507168055
2021-01-15 00:00:00+00:00,-0.003230716910002873
2021-01-18 00:00:00+00:00,0.010664592395923878
2021-01-19 00:00:00+00:00,-0.012333311511494416
2021-01-20 00:00:00+00:00,0.0031835065762733095
2021-01-21 00:00:00+00:00,0.014160525199530483
2021-01-22 00:00:00+00:00,-0.0015195959495536426
2021-01-25 00:00:00+00:00,0.009538946117059854
2021-01-26 00:00:00+00:00,-0.018897170931090668
2021-01-27 00:00:00+00:00,2.89836490316997e-05
2021-01-28 00:00:00+00:00,-0.020744799496872357
2021-01-29 00:00:00+00:00,0.000355628767737981
2021-02-01 00:00:00+00:00,0.0014416289223859735
2021-02-02 00:00:00+00:00,0.0012137435083721115
2021-02-03 00:00:00+00:00,0.0004902571077392004
2021-02-04 00:00:00+00:00,0.0004111890552576103
2021-02-05 00:00:00+00:00,0.0016919541737994148
2021-02-08 00:00:00+00:00,0.0028306776783570964
2021-02-09 00:00:00+00:00,0.008177636101831087
2021-02-10 00:00:00+00:00,0.015748042034984255
2021-02-18 00:00:00+00:00,-0.007507389580607371
2021-02-19 00:00:00+00:00,0.003605984698115794
2021-02-22 00:00:00+00:00,-0.028767830147866102
2021-02-23 00:00:00+00:00,0.0015274946167511683
2021-02-24 00:00:00+00:00,-0.01533274800073714
2021-02-25 00:00:00+00:00,0.007688431230034487
2021-02-26 00:00:00+00:00,-0.01893015982906532
2021-03-01 00:00:00+00:00,0.007415497202320154
2021-03-02 00:00:00+00:00,0.0
2021-03-03 00:00:00+00:00,0.0
2021-03-04 00:00:00+00:00,0.0
2021-03-05 00:00:00+00:00,0.0
2021-03-08 00:00:00+00:00,0.0
2021-03-09 00:00:00+00:00,0.0036913229185628893
2021-03-10 00:00:00+00:00,0.0018754608649804716
2021-03-11 00:00:00+00:00,-0.012603924884038609
2021-03-12 00:00:00+00:00,-3.9288093363731846e-05
2021-03-15 00:00:00+00:00,0.006922409462663426
2021-03-16 00:00:00+00:00,-0.002195905880214344
2021-03-17 00:00:00+00:00,-0.000543176914899024
2021-03-18 00:00:00+00:00,-0.004581662062183356
2021-03-19 00:00:00+00:00,0.011406185532178537
2021-03-22 00:00:00+00:00,-0.005514167903453382
2021-03-23 00:00:00+00:00,0.002246298092442922
2021-03-24 00:00:00+00:00,0.0053039609342715455
2021-03-25 00:00:00+00:00,5.432880522637795e-05
2021-03-26 00:00:00+00:00,-0.008254829902547556
2021-03-29 00:00:00+00:00,0.00014638387193954827
2021-03-30 00:00:00+00:00,-0.004008794568801766
2021-03-31 00:00:00+00:00,0.0029256799164842917
2021-04-01 00:00:00+00:00,-0.005744962691231259
2021-04-02 00:00:00+00:00,-0.003564034634673363
2021-04-06 00:00:00+00:00,-0.0015672408358047285
2021-04-07 00:00:00+00:00,0.0
2021-04-08 00:00:00+00:00,0.0
2021-04-09 00:00:00+00:00,0.0
2021-04-12 00:00:00+00:00,0.0
2021-04-13 00:00:00+00:00,0.0
2021-04-14 00:00:00+00:00,0.0
2021-04-15 00:00:00+00:00,0.0
2021-04-16 00:00:00+00:00,0.0
2021-04-19 00:00:00+00:00,0.0014635426899998194
2021-04-20 00:00:00+00:00,0.0007095267409065187
2021-04-21 00:00:00+00:00,-0.000527344741187763
2021-04-22 00:00:00+00:00,0.0005755887058820353
2021-04-23 00:00:00+00:00,0.0017587302486525846
2021-04-26 00:00:00+00:00,-0.004605838581311361
2021-04-27 00:00:00+00:00,0.00032901600602230907
2021-04-28 00:00:00+00:00,0.004082061066108755
2021-04-29 00:00:00+00:00,0.0020843363855516106
2021-04-30 00:00:00+00:00,-0.0008955870673242883
2021-05-06 00:00:00+00:00,-0.003332329313815552
2021-05-07 00:00:00+00:00,-0.002520531831744388
2021-05-10 00:00:00+00:00,0.0015665106125355432
2021-05-11 00:00:00+00:00,-0.00033759349778172965
2021-05-12 00:00:00+00:00,0.0036427382941677244
2021-05-13 00:00:00+00:00,-0.004548868464932521
2021-05-14 00:00:00+00:00,0.008626254993792992
2021-05-17 00:00:00+00:00,0.0033017189167072747
2021-05-18 00:00:00+00:00,0.0024247240349546395
2021-05-19 00:00:00+00:00,-0.0005457364997122349
2021-05-20 00:00:00+00:00,-0.001461772116798099
2021-05-21 00:00:00+00:00,-0.004880696038769283
2021-05-24 00:00:00+00:00,0.002858675435121638
2021-05-25 00:00:00+00:00,0.012922536424132103
2021-05-26 00:00:00+00:00,0.0012078539162116986
2021-05-27 00:00:00+00:00,0.005503656701923099
2021-05-28 00:00:00+00:00,-0.0005344454993695402
2021-05-31 00:00:00+00:00,0.0024491419699190775
2021-06-01 00:00:00+00:00,-0.0004430003137682048
2021-06-02 00:00:00+00:00,-0.0053506467682097325
2021-06-03 00:00:00+00:00,-0.007148003186641438
2021-06-04 00:00:00+00:00,0.00878869225253509
2021-06-07 00:00:00+00:00,-0.0005096978666326857
2021-06-08 00:00:00+00:00,-0.0038537441394677074
2021-06-09 00:00:00+00:00,0.0012697505170946588
2021-06-10 00:00:00+00:00,0.010607910118362929
2021-06-11 00:00:00+00:00,-0.00498742624891424
2021-06-15 00:00:00+00:00,-0.01057089078398421
2021-06-16 00:00:00+00:00,-0.0074426123168810365
2021-06-17 00:00:00+00:00,0.004212303383118732
2021-06-18 00:00:00+00:00,0.008461341376121867
2021-06-21 00:00:00+00:00,0.00468353882285566
2021-06-22 00:00:00+00:00,0.00259879413844355
2021-06-23 00:00:00+00:00,0.01103516626326373
2021-06-24 00:00:00+00:00,-0.0019649303957360864
2021-06-25 00:00:00+00:00,0.007622064501138004
2021-06-28 00:00:00+00:00,-0.000851344822469402
2021-06-29 00:00:00+00:00,-0.006062270147083271
2021-06-30 00:00:00+00:00,0.0024265815113879707
2021-07-01 00:00:00+00:00,-0.009818352102343941
2021-07-02 00:00:00+00:00,-0.006017385872964409
2021-07-05 00:00:00+00:00,0.005051967140671021
2021-07-06 00:00:00+00:00,-0.00040628316076340987
2021-07-07 00:00:00+00:00,0.0081431443060751
2021-07-08 00:00:00+00:00,-0.002283040489399757
2021-07-09 00:00:00+00:00,0.008401267487319952
2021-07-12 00:00:00+00:00,0.009681074293410141
2021-07-13 00:00:00+00:00,0.007720348754630235
2021-07-14 00:00:00+00:00,-1.1690978371503569e-05
2021-07-15 00:00:00+00:00,-0.0019062462169741057
2021-07-16 00:00:00+00:00,0.0038758042723712194
2021-07-19 00:00:00+00:00,-0.004928449581640737
2021-07-20 00:00:00+00:00,0.0014273050846964619
2021-07-21 00:00:00+00:00,0.009366799178172291
2021-07-22 00:00:00+00:00,0.003915400851998374
2021-07-23 00:00:00+00:00,-0.0019749059710746364
2021-07-26 00:00:00+00:00,-0.009424441553627094
2021-07-27 00:00:00+00:00,-0.005224969660627576
2021-07-28 00:00:00+00:00,-0.005803298659272538
2021-07-29 00:00:00+00:00,-0.0010654462480398363
2021-07-30 00:00:00+00:00,0.0055508873115133195
2021-08-02 00:00:00+00:00,-0.018025637921657123
2021-08-03 00:00:00+00:00,-0.003279524357670094
2021-08-04 00:00:00+00:00,-0.000397249006785505
2021-08-05 00:00:00+00:00,0.0033987780494684205
2021-08-06 00:00:00+00:00,0.0014988670814328753
2021-08-09 00:00:00+00:00,-0.0068595211095663355
2021-08-10 00:00:00+00:00,-0.013235463731582908
2021-08-11 00:00:00+00:00,0.0001565133092527038
2021-08-12 00:00:00+00:00,0.0
2021-08-13 00:00:00+00:00,0.001977920999193916
2021-08-16 00:00:00+00:00,-0.002806980092296185
2021-08-17 00:00:00+00:00,-0.00977360200243138
2021-08-18 00:00:00+00:00,0.0009322380545653264
2021-08-19 00:00:00+00:00,0.0
2021-08-20 00:00:00+00:00,0.0
2021-08-23 00:00:00+00:00,-0.0005644172620137278
2021-08-24 00:00:00+00:00,-0.0017795872365490295
2021-08-25 00:00:00+00:00,-0.0002154392523454618
2021-08-26 00:00:00+00:00,0.00232120484475673
2021-08-27 00:00:00+00:00,-0.00027571374114243596
2021-08-30 00:00:00+00:00,0.0006517086666186778
2021-08-31 00:00:00+00:00,0.0012682255609217652
2021-09-01 00:00:00+00:00,-0.0038459573085808385
2021-09-02 00:00:00+00:00,0.003160613053402317
2021-09-03 00:00:00+00:00,-0.0009438711144948986
2021-09-06 00:00:00+00:00,0.0009202944505650734
2021-09-07 00:00:00+00:00,0.007993654705938491
2021-09-08 00:00:00+00:00,0.002056225508278553
2021-09-09 00:00:00+00:00,0.005526331828599629
2021-09-10 00:00:00+00:00,0.0027409438678127618
2021-09-13 00:00:00+00:00,-0.0004019560527597221
2021-09-14 00:00:00+00:00,-0.007066526616615776
2021-09-15 00:00:00+00:00,0.0020419809558540614
2021-09-16 00:00:00+00:00,-0.014301389801545938
2021-09-17 00:00:00+00:00,-0.0016447975954821947
2021-09-22 00:00:00+00:00,0.0
2021-09-23 00:00:00+00:00,0.0
2021-09-24 00:00:00+00:00,0.0
2021-09-27 00:00:00+00:00,0.0
2021-09-28 00:00:00+00:00,0.0
2021-09-29 00:00:00+00:00,0.0
2021-09-30 00:00:00+00:00,0.0
2021-10-08 00:00:00+00:00,0.0
2021-10-11 00:00:00+00:00,0.0
2021-10-12 00:00:00+00:00,0.0
2021-10-13 00:00:00+00:00,0.0
2021-10-14 00:00:00+00:00,0.0
2021-10-15 00:00:00+00:00,0.0
2021-10-18 00:00:00+00:00,0.0
2021-10-19 00:00:00+00:00,0.0
2021-10-20 00:00:00+00:00,0.0
2021-10-21 00:00:00+00:00,0.0
2021-10-22 00:00:00+00:00,0.0
2021-10-25 00:00:00+00:00,0.0
2021-10-26 00:00:00+00:00,0.0
2021-10-27 00:00:00+00:00,0.0
2021-10-28 00:00:00+00:00,0.0
2021-10-29 00:00:00+00:00,0.0
2021-11-01 00:00:00+00:00,0.0
2021-11-02 00:00:00+00:00,0.0
2021-11-03 00:00:00+00:00,0.0
2021-11-04 00:00:00+00:00,0.0
2021-11-05 00:00:00+00:00,0.0
2021-11-08 00:00:00+00:00,0.0
2021-11-09 00:00:00+00:00,0.0
2021-11-10 00:00:00+00:00,0.0
2021-11-11 00:00:00+00:00,-0.003415842944221814
2021-11-12 00:00:00+00:00,0.0006090321344862648
2021-11-15 00:00:00+00:00,-5.042165776059093e-05
2021-11-16 00:00:00+00:00,-1.8008642940103847e-05
2021-11-17 00:00:00+00:00,0.0010805380354315108
2021-11-18 00:00:00+00:00,0.001673026186490123
2021-11-19 00:00:00+00:00,-0.002011462006732634
2021-11-22 00:00:00+00:00,0.00014756457459963457
2021-11-23 00:00:00+00:00,-0.0006297558643668655
2021-11-24 00:00:00+00:00,-0.0006121483436799524
2021-11-25 00:00:00+00:00,0.001026877295051687
2021-11-26 00:00:00+00:00,0.001641318239648637
2021-11-29 00:00:00+00:00,-0.00024435691564284046
2021-11-30 00:00:00+00:00,0.0010315819975701412
2021-12-01 00:00:00+00:00,-0.0006283652029213105
2021-12-02 00:00:00+00:00,-0.0005497161427640007
2021-12-03 00:00:00+00:00,-0.0013660590116860716
2021-12-06 00:00:00+00:00,-0.00045357602074869163
2021-12-07 00:00:00+00:00,-0.0013073238876855076
2021-12-08 00:00:00+00:00,-0.002643313544828274
2021-12-09 00:00:00+00:00,0.002729246703725652
2021-12-10 00:00:00+00:00,-0.0007740609052774294
2021-12-13 00:00:00+00:00,0.0003637536447362866
2021-12-14 00:00:00+00:00,-0.0010167931073413738
2021-12-15 00:00:00+00:00,-0.0023153902488179945
2021-12-16 00:00:00+00:00,0.0020032210879898926
2021-12-17 00:00:00+00:00,-0.0036916387123402394
2021-12-20 00:00:00+00:00,-0.002977789330460223
2021-12-21 00:00:00+00:00,0.0009231565770384531
