Datetime,long,cash
2015-04-16 00:00:00+00:00,0.0,10308677.531500002
2015-04-17 00:00:00+00:00,0.0,10084582.221399998
2015-04-20 00:00:00+00:00,0.0,10566254.95389999
2015-04-21 00:00:00+00:00,0.0,10734298.993899988
2015-04-22 00:00:00+00:00,0.0,10661253.137259988
2015-04-23 00:00:00+00:00,0.0,10664119.283499986
2015-04-24 00:00:00+00:00,0.0,10704490.631979985
2015-04-27 00:00:00+00:00,0.0,10919374.384299984
2015-04-28 00:00:00+00:00,0.0,10574965.037739985
2015-04-29 00:00:00+00:00,0.0,10526906.957739985
2015-04-30 00:00:00+00:00,0.0,10618098.138219986
2015-05-04 00:00:00+00:00,0.0,10457754.61341999
2015-05-05 00:00:00+00:00,0.0,10867834.043499991
2015-05-06 00:00:00+00:00,0.0,10492922.926059993
2015-05-07 00:00:00+00:00,0.0,10492922.926059993
2015-05-08 00:00:00+00:00,0.0,10434639.115179993
2015-05-11 00:00:00+00:00,0.0,10667135.348139992
2015-05-12 00:00:00+00:00,0.0,10583763.473259985
2015-05-13 00:00:00+00:00,0.0,10796157.047979986
2015-05-14 00:00:00+00:00,0.0,10765809.795819985
2015-05-15 00:00:00+00:00,0.0,10953358.347909987
2015-05-18 00:00:00+00:00,0.0,11293540.346169995
2015-05-19 00:00:00+00:00,0.0,11129343.346059993
2015-05-20 00:00:00+00:00,0.0,11030084.265069991
2015-05-21 00:00:00+00:00,0.0,11049570.08292999
2015-05-22 00:00:00+00:00,0.0,11585482.138959993
2015-05-25 00:00:00+00:00,0.0,12168621.840759994
2015-05-26 00:00:00+00:00,0.0,12142791.58413999
2015-05-27 00:00:00+00:00,0.0,12032863.514289984
2015-05-28 00:00:00+00:00,0.0,12875023.612899983
2015-05-29 00:00:00+00:00,0.0,12355213.04412998
2015-06-01 00:00:00+00:00,0.0,13291567.010619976
2015-06-02 00:00:00+00:00,0.0,13174616.878149977
2015-06-03 00:00:00+00:00,0.0,13186626.74694998
2015-06-04 00:00:00+00:00,0.0,12206510.54793998
2015-06-05 00:00:00+00:00,0.0,11254065.810969982
2015-06-08 00:00:00+00:00,0.0,11839649.056569982
2015-06-09 00:00:00+00:00,0.0,11860747.245549984
2015-06-10 00:00:00+00:00,0.0,11620808.154489985
2015-06-11 00:00:00+00:00,0.0,11726163.074739987
2015-06-12 00:00:00+00:00,0.0,11369385.66780999
2015-06-15 00:00:00+00:00,0.0,11022057.230049988
2015-06-16 00:00:00+00:00,0.0,11355743.166849988
2015-06-17 00:00:00+00:00,0.0,11144681.395749982
2015-06-18 00:00:00+00:00,0.0,11381621.485869983
2015-06-19 00:00:00+00:00,0.0,12645990.273069981
2015-06-23 00:00:00+00:00,0.0,11721171.648849985
2015-06-24 00:00:00+00:00,0.0,11739878.458329989
2015-06-25 00:00:00+00:00,0.0,12394951.683369992
2015-06-26 00:00:00+00:00,0.0,13745083.727679994
2015-06-29 00:00:00+00:00,0.0,13116136.652679997
2015-06-30 00:00:00+00:00,0.0,13664383.021629997
2015-07-01 00:00:00+00:00,0.0,14493841.910109997
2015-07-02 00:00:00+00:00,0.0,13312546.148229998
2015-07-03 00:00:00+00:00,0.0,12253128.592989998
2015-07-06 00:00:00+00:00,0.0,12253128.592989998
2015-07-07 00:00:00+00:00,0.0,11492051.181759996
2015-07-08 00:00:00+00:00,0.0,12146633.944659995
2015-07-09 00:00:00+00:00,0.0,11940906.015069993
2015-07-10 00:00:00+00:00,0.0,11612806.839669997
2015-07-13 00:00:00+00:00,0.0,11296845.691869996
2015-07-14 00:00:00+00:00,0.0,11647868.81527
2015-07-15 00:00:00+00:00,0.0,11270197.763050001
2015-07-16 00:00:00+00:00,0.0,11676316.917250006
2015-07-17 00:00:00+00:00,0.0,11757125.699050004
2015-07-20 00:00:00+00:00,0.0,11757125.699050004
2015-07-21 00:00:00+00:00,0.0,11409210.326560006
2015-07-22 00:00:00+00:00,0.0,11318554.381180005
2015-07-23 00:00:00+00:00,0.0,11662774.96198001
2015-07-24 00:00:00+00:00,0.0,11950676.78395001
2015-07-27 00:00:00+00:00,0.0,12947155.000090005
2015-07-28 00:00:00+00:00,0.0,12090164.518390002
2015-07-29 00:00:00+00:00,0.0,11715916.981780007
2015-07-30 00:00:00+00:00,0.0,11312463.272650013
2015-07-31 00:00:00+00:00,0.0,10861594.139650013
2015-08-03 00:00:00+00:00,0.0,10551380.862430008
2015-08-04 00:00:00+00:00,0.0,10785529.733680002
2015-08-05 00:00:00+00:00,0.0,10836437.761900002
2015-08-06 00:00:00+00:00,0.0,10535731.996330008
2015-08-07 00:00:00+00:00,0.0,10393964.924530013
2015-08-10 00:00:00+00:00,0.0,10753567.613530016
2015-08-11 00:00:00+00:00,0.0,10763988.24253001
2015-08-12 00:00:00+00:00,0.0,10763988.24253001
2015-08-13 00:00:00+00:00,0.0,10673638.127530014
2015-08-14 00:00:00+00:00,0.0,10605493.684330013
2015-08-17 00:00:00+00:00,0.0,10556055.459730014
2015-08-18 00:00:00+00:00,0.0,11087033.743330011
2015-08-19 00:00:00+00:00,0.0,10603212.553480012
2015-08-20 00:00:00+00:00,0.0,10619202.764860008
2015-08-21 00:00:00+00:00,0.0,10913203.971700005
2015-08-24 00:00:00+00:00,0.0,11048430.120700004
2015-08-25 00:00:00+00:00,0.0,11630583.193180002
2015-08-26 00:00:00+00:00,0.0,10705202.693320012
2015-08-27 00:00:00+00:00,0.0,10982841.729820013
2015-08-28 00:00:00+00:00,0.0,10310141.351890003
2015-08-31 00:00:00+00:00,0.0,10000555.548130007
2015-09-01 00:00:00+00:00,0.0,9520934.808700008
2015-09-02 00:00:00+00:00,0.0,9163890.69094001
2015-09-07 00:00:00+00:00,0.0,8803285.297630012
2015-09-08 00:00:00+00:00,0.0,8708387.327740014
2015-09-09 00:00:00+00:00,0.0,8596465.618420018
2015-09-10 00:00:00+00:00,0.0,8549283.359800018
2015-09-11 00:00:00+00:00,0.0,8516695.247560015
2015-09-14 00:00:00+00:00,0.0,8676969.343300017
2015-09-15 00:00:00+00:00,0.0,8569092.813970018
2015-09-16 00:00:00+00:00,0.0,9060660.604780018
2015-09-17 00:00:00+00:00,0.0,8846657.884450011
2015-09-18 00:00:00+00:00,0.0,8856111.813820012
2015-09-21 00:00:00+00:00,0.0,8965249.681900013
2015-09-22 00:00:00+00:00,0.0,9004823.296480015
2015-09-23 00:00:00+00:00,0.0,9229196.264500016
2015-09-24 00:00:00+00:00,0.0,9241548.155500015
2015-09-25 00:00:00+00:00,0.0,8900242.67548001
2015-09-28 00:00:00+00:00,0.0,8900242.67548001
2015-09-29 00:00:00+00:00,0.0,8933205.557740008
2015-09-30 00:00:00+00:00,0.0,8823617.389660006
2015-10-08 00:00:00+00:00,0.0,9081538.407070005
2015-10-09 00:00:00+00:00,0.0,9096007.74193001
2015-10-12 00:00:00+00:00,0.0,9253964.948350012
2015-10-13 00:00:00+00:00,0.0,9234103.07833001
2015-10-14 00:00:00+00:00,0.0,9036447.827470012
2015-10-15 00:00:00+00:00,0.0,9303222.350770013
2015-10-16 00:00:00+00:00,0.0,9306645.829480015
2015-10-19 00:00:00+00:00,0.0,9426979.548640013
2015-10-20 00:00:00+00:00,0.0,9234899.831440011
2015-10-21 00:00:00+00:00,0.0,8870992.102360012
2015-10-22 00:00:00+00:00,0.0,8881278.188680006
2015-10-23 00:00:00+00:00,0.0,8969256.710200002
2015-10-26 00:00:00+00:00,0.0,8938432.101880006
2015-10-27 00:00:00+00:00,0.0,8837949.890620004
2015-10-28 00:00:00+00:00,0.0,8837444.074780002
2015-10-29 00:00:00+00:00,0.0,8804516.946220005
2015-10-30 00:00:00+00:00,0.0,8769971.866960002
2015-11-02 00:00:00+00:00,0.0,8611929.242470002
2015-11-03 00:00:00+00:00,0.0,8614054.394620003
2015-11-04 00:00:00+00:00,0.0,8644042.626370005
2015-11-05 00:00:00+00:00,0.0,8653401.571810007
2015-11-06 00:00:00+00:00,0.0,8834011.40893001
2015-11-09 00:00:00+00:00,0.0,8676166.29997001
2015-11-10 00:00:00+00:00,0.0,8533222.730050012
2015-11-11 00:00:00+00:00,0.0,8484358.762690013
2015-11-12 00:00:00+00:00,0.0,8479723.905730013
2015-11-13 00:00:00+00:00,0.0,8496735.891490012
2015-11-16 00:00:00+00:00,0.0,8515671.211330013
2015-11-17 00:00:00+00:00,0.0,8186068.868950012
2015-11-18 00:00:00+00:00,0.0,8055816.840550011
2015-11-19 00:00:00+00:00,0.0,7842228.793300012
2015-11-20 00:00:00+00:00,0.0,7725233.817160013
2015-11-23 00:00:00+00:00,0.0,7597327.554340013
2015-11-24 00:00:00+00:00,0.0,7514792.5937200105
2015-11-25 00:00:00+00:00,0.0,7546879.099360011
2015-11-26 00:00:00+00:00,0.0,7437022.278160012
2015-11-27 00:00:00+00:00,0.0,7898523.34000001
2015-11-30 00:00:00+00:00,0.0,7813504.346080012
2015-12-01 00:00:00+00:00,0.0,7795873.474780011
2015-12-02 00:00:00+00:00,0.0,8147471.413630011
2015-12-03 00:00:00+00:00,0.0,8175078.294880011
2015-12-04 00:00:00+00:00,0.0,8235639.431680012
2015-12-07 00:00:00+00:00,0.0,8201380.388800013
2015-12-08 00:00:00+00:00,0.0,8176298.544160008
2015-12-09 00:00:00+00:00,0.0,8101749.000160008
2015-12-10 00:00:00+00:00,0.0,7873424.784910009
2015-12-11 00:00:00+00:00,0.0,7874208.837460008
2015-12-14 00:00:00+00:00,0.0,8204715.409060009
2015-12-15 00:00:00+00:00,0.0,8053336.078210009
2015-12-16 00:00:00+00:00,0.0,8088710.877010006
2015-12-17 00:00:00+00:00,0.0,8002968.142060007
2015-12-18 00:00:00+00:00,0.0,8013493.011610007
2015-12-21 00:00:00+00:00,0.0,8198047.024210008
2015-12-22 00:00:00+00:00,0.0,8200348.997860008
2015-12-23 00:00:00+00:00,0.0,8198142.153310007
2015-12-24 00:00:00+00:00,0.0,8269306.6401100075
2015-12-25 00:00:00+00:00,0.0,8320635.564310008
2015-12-28 00:00:00+00:00,0.0,8256835.005760012
2015-12-29 00:00:00+00:00,0.0,8168332.986010012
2015-12-30 00:00:00+00:00,0.0,8157243.593260015
2015-12-31 00:00:00+00:00,0.0,8019274.486510019
2016-01-04 00:00:00+00:00,0.0,8603343.491860019
2016-01-05 00:00:00+00:00,0.0,8628809.490670022
2016-01-06 00:00:00+00:00,0.0,8603222.96254002
2016-01-07 00:00:00+00:00,0.0,8598576.29278002
2016-01-08 00:00:00+00:00,0.0,8555330.412340017
2016-01-11 00:00:00+00:00,0.0,8683602.957340017
2016-01-12 00:00:00+00:00,0.0,8782691.531740017
2016-01-13 00:00:00+00:00,0.0,8882198.984770017
2016-01-14 00:00:00+00:00,0.0,8736571.331380015
2016-01-15 00:00:00+00:00,0.0,8841272.643220017
2016-01-18 00:00:00+00:00,0.0,8630192.984920017
2016-01-19 00:00:00+00:00,0.0,8396271.08182002
2016-01-20 00:00:00+00:00,0.0,8490035.29402002
2016-01-21 00:00:00+00:00,0.0,8230274.257780018
2016-01-22 00:00:00+00:00,0.0,8260347.756340018
2016-01-25 00:00:00+00:00,0.0,8252093.662480019
2016-01-26 00:00:00+00:00,0.0,8678754.322840018
2016-01-27 00:00:00+00:00,0.0,8748419.32204002
2016-01-28 00:00:00+00:00,0.0,8850568.58404002
2016-01-29 00:00:00+00:00,0.0,8933971.083040018
2016-02-01 00:00:00+00:00,0.0,8937641.57464002
2016-02-02 00:00:00+00:00,0.0,8938231.350040022
2016-02-03 00:00:00+00:00,0.0,8953266.720640019
2016-02-04 00:00:00+00:00,0.0,8953266.720640019
2016-02-05 00:00:00+00:00,0.0,8883074.077240016
2016-02-15 00:00:00+00:00,0.0,8814720.115240015
2016-02-16 00:00:00+00:00,0.0,8810079.804520013
2016-02-17 00:00:00+00:00,0.0,8729603.758870013
2016-02-18 00:00:00+00:00,0.0,8729603.758870013
2016-02-19 00:00:00+00:00,0.0,8672501.370910011
2016-02-22 00:00:00+00:00,0.0,8736705.531940011
2016-02-23 00:00:00+00:00,0.0,8787276.338350013
2016-02-24 00:00:00+00:00,0.0,8637753.009250013
2016-02-25 00:00:00+00:00,0.0,8599226.054230016
2016-02-26 00:00:00+00:00,0.0,8614818.989830015
2016-02-29 00:00:00+00:00,0.0,8614818.989830015
2016-03-01 00:00:00+00:00,0.0,8569181.155510016
2016-03-02 00:00:00+00:00,0.0,8792982.275020014
2016-03-03 00:00:00+00:00,0.0,8721500.792890016
2016-03-04 00:00:00+00:00,0.0,8815623.735190017
2016-03-07 00:00:00+00:00,0.0,8712093.760690017
2016-03-08 00:00:00+00:00,0.0,8407494.852070017
2016-03-09 00:00:00+00:00,0.0,8487085.350550016
2016-03-10 00:00:00+00:00,0.0,8332907.901250022
2016-03-11 00:00:00+00:00,0.0,8319679.4564500265
2016-03-14 00:00:00+00:00,0.0,8115384.354130028
2016-03-15 00:00:00+00:00,0.0,8064071.656810028
2016-03-16 00:00:00+00:00,0.0,8208547.253650031
2016-03-17 00:00:00+00:00,0.0,8157124.106650031
2016-03-18 00:00:00+00:00,0.0,8126445.102010035
2016-03-21 00:00:00+00:00,0.0,8093251.049530037
2016-03-22 00:00:00+00:00,0.0,8093205.645850036
2016-03-23 00:00:00+00:00,0.0,8093205.645850036
2016-03-24 00:00:00+00:00,0.0,8117235.645370036
2016-03-25 00:00:00+00:00,0.0,8089887.925690033
2016-03-28 00:00:00+00:00,0.0,8213782.654810028
2016-03-29 00:00:00+00:00,0.0,8364323.77753003
2016-03-30 00:00:00+00:00,0.0,8380618.0811800305
2016-03-31 00:00:00+00:00,0.0,8342674.613980029
2016-04-01 00:00:00+00:00,0.0,8202894.841630029
2016-04-05 00:00:00+00:00,0.0,8347795.306750031
2016-04-06 00:00:00+00:00,0.0,8331428.68867003
2016-04-07 00:00:00+00:00,0.0,8414950.646590026
2016-04-08 00:00:00+00:00,0.0,8408352.884710023
2016-04-11 00:00:00+00:00,0.0,8439452.96521002
2016-04-12 00:00:00+00:00,0.0,8439452.96521002
2016-04-13 00:00:00+00:00,0.0,8299228.1090500215
2016-04-14 00:00:00+00:00,0.0,8355313.327930024
2016-04-15 00:00:00+00:00,0.0,8307235.753690023
2016-04-18 00:00:00+00:00,0.0,8307235.753690023
2016-04-19 00:00:00+00:00,0.0,8274075.527770022
2016-04-20 00:00:00+00:00,0.0,8377778.572090023
2016-04-21 00:00:00+00:00,0.0,8364002.265430026
2016-04-22 00:00:00+00:00,0.0,8349578.632630025
2016-04-25 00:00:00+00:00,0.0,8308775.645560027
2016-04-26 00:00:00+00:00,0.0,8267963.505400031
2016-04-27 00:00:00+00:00,0.0,8250210.26572003
2016-04-28 00:00:00+00:00,0.0,8257903.683160031
2016-04-29 00:00:00+00:00,0.0,8212805.446840031
2016-05-03 00:00:00+00:00,0.0,8209406.700280032
2016-05-04 00:00:00+00:00,0.0,8212741.356280034
2016-05-05 00:00:00+00:00,0.0,8212741.356280034
2016-05-06 00:00:00+00:00,0.0,8001560.462200038
2016-05-09 00:00:00+00:00,0.0,8150022.94828004
2016-05-10 00:00:00+00:00,0.0,8150022.94828004
2016-05-11 00:00:00+00:00,0.0,8110890.94408004
2016-05-12 00:00:00+00:00,0.0,8110890.94408004
2016-05-13 00:00:00+00:00,0.0,8110890.94408004
2016-05-16 00:00:00+00:00,0.0,8144675.22751004
2016-05-17 00:00:00+00:00,0.0,8121343.827580039
2016-05-18 00:00:00+00:00,0.0,8054166.315970037
2016-05-19 00:00:00+00:00,0.0,8017812.672610036
2016-05-20 00:00:00+00:00,0.0,8018877.8103700355
2016-05-23 00:00:00+00:00,0.0,8010335.507170037
2016-05-24 00:00:00+00:00,0.0,7996057.006210039
2016-05-25 00:00:00+00:00,0.0,7988487.75229004
2016-05-26 00:00:00+00:00,0.0,7957399.039330045
2016-05-27 00:00:00+00:00,0.0,7946460.191650048
2016-05-30 00:00:00+00:00,0.0,7943658.56845005
2016-05-31 00:00:00+00:00,0.0,8320402.59949005
2016-06-01 00:00:00+00:00,0.0,8241648.83197005
2016-06-02 00:00:00+00:00,0.0,8235859.6350100525
2016-06-03 00:00:00+00:00,0.0,8263638.466210054
2016-06-06 00:00:00+00:00,0.0,8266000.956130052
2016-06-07 00:00:00+00:00,0.0,8266000.956130052
2016-06-08 00:00:00+00:00,0.0,8215092.796930054
2016-06-13 00:00:00+00:00,0.0,8411018.018530054
2016-06-14 00:00:00+00:00,0.0,8314182.924700054
2016-06-15 00:00:00+00:00,0.0,8246901.367990053
2016-06-16 00:00:00+00:00,0.0,8271956.661250054
2016-06-17 00:00:00+00:00,0.0,8271996.62944005
2016-06-20 00:00:00+00:00,0.0,8211341.424700052
2016-06-21 00:00:00+00:00,0.0,8246410.2871000515
2016-06-22 00:00:00+00:00,0.0,8270413.326940054
2016-06-23 00:00:00+00:00,0.0,8255071.866940053
2016-06-24 00:00:00+00:00,0.0,7998700.6552600525
2016-06-27 00:00:00+00:00,0.0,8016006.327100053
2016-06-28 00:00:00+00:00,0.0,8081778.276220055
2016-06-29 00:00:00+00:00,0.0,8167667.942140057
2016-06-30 00:00:00+00:00,0.0,8183952.231580058
2016-07-01 00:00:00+00:00,0.0,8188703.537980058
2016-07-04 00:00:00+00:00,0.0,8270190.083740059
2016-07-05 00:00:00+00:00,0.0,8231659.716220059
2016-07-06 00:00:00+00:00,0.0,8240653.113340061
2016-07-07 00:00:00+00:00,0.0,8215082.7127000615
2016-07-08 00:00:00+00:00,0.0,8215082.7127000615
2016-07-11 00:00:00+00:00,0.0,8146308.138940062
2016-07-12 00:00:00+00:00,0.0,7890019.509280065
2016-07-13 00:00:00+00:00,0.0,7848855.122980061
2016-07-14 00:00:00+00:00,0.0,7862596.304980063
2016-07-15 00:00:00+00:00,0.0,7834031.8358800635
2016-07-18 00:00:00+00:00,0.0,7845989.453680063
2016-07-19 00:00:00+00:00,0.0,7844924.198830062
2016-07-20 00:00:00+00:00,0.0,7857375.359080061
2016-07-21 00:00:00+00:00,0.0,7819403.935630061
2016-07-22 00:00:00+00:00,0.0,7852569.52378006
2016-07-25 00:00:00+00:00,0.0,7875834.5116300555
2016-07-26 00:00:00+00:00,0.0,7946746.052080055
2016-07-27 00:00:00+00:00,0.0,8055505.099030055
2016-07-28 00:00:00+00:00,0.0,8048147.296180058
2016-07-29 00:00:00+00:00,0.0,8048147.296180058
2016-08-01 00:00:00+00:00,0.0,8010097.2709000595
2016-08-02 00:00:00+00:00,0.0,7994227.897600058
2016-08-03 00:00:00+00:00,0.0,7959462.685000057
2016-08-04 00:00:00+00:00,0.0,7899052.119550058
2016-08-05 00:00:00+00:00,0.0,7901175.666850056
2016-08-08 00:00:00+00:00,0.0,7911831.029200055
2016-08-09 00:00:00+00:00,0.0,7920206.863000056
2016-08-10 00:00:00+00:00,0.0,7920206.863000056
2016-08-11 00:00:00+00:00,0.0,7828220.121550055
2016-08-12 00:00:00+00:00,0.0,7608131.653630057
2016-08-15 00:00:00+00:00,0.0,7678317.245050057
2016-08-16 00:00:00+00:00,0.0,7759463.060710056
2016-08-17 00:00:00+00:00,0.0,7767126.950230058
2016-08-18 00:00:00+00:00,0.0,7671907.252090058
2016-08-19 00:00:00+00:00,0.0,7594321.13971006
2016-08-22 00:00:00+00:00,0.0,7533553.207450059
2016-08-23 00:00:00+00:00,0.0,7534523.217610059
2016-08-24 00:00:00+00:00,0.0,7533411.35959006
2016-08-25 00:00:00+00:00,0.0,7467222.637270059
2016-08-26 00:00:00+00:00,0.0,7409855.8952500615
2016-08-29 00:00:00+00:00,0.0,7439437.335250064
2016-08-30 00:00:00+00:00,0.0,7448417.899990064
2016-08-31 00:00:00+00:00,0.0,7473341.675650062
2016-09-01 00:00:00+00:00,0.0,7510891.64923006
2016-09-02 00:00:00+00:00,0.0,7455190.166050065
2016-09-05 00:00:00+00:00,0.0,7389820.365610066
2016-09-06 00:00:00+00:00,0.0,7315624.469710068
2016-09-07 00:00:00+00:00,0.0,7291565.839270069
2016-09-08 00:00:00+00:00,0.0,7279599.065620069
2016-09-09 00:00:00+00:00,0.0,7293384.99349007
2016-09-12 00:00:00+00:00,0.0,7331807.95417007
2016-09-13 00:00:00+00:00,0.0,7319005.20379007
2016-09-14 00:00:00+00:00,0.0,7355796.804370067
2016-09-19 00:00:00+00:00,0.0,7351819.666450066
2016-09-20 00:00:00+00:00,0.0,7334821.919950066
2016-09-21 00:00:00+00:00,0.0,7336717.189270065
2016-09-22 00:00:00+00:00,0.0,7312127.274970063
2016-09-23 00:00:00+00:00,0.0,7320304.972750061
2016-09-26 00:00:00+00:00,0.0,7401184.585270061
2016-09-27 00:00:00+00:00,0.0,7344297.783550059
2016-09-28 00:00:00+00:00,0.0,7330678.487650059
2016-09-29 00:00:00+00:00,0.0,7301498.606290061
2016-09-30 00:00:00+00:00,0.0,7281557.082730063
2016-10-10 00:00:00+00:00,0.0,7305250.814050061
2016-10-11 00:00:00+00:00,0.0,7280636.344030062
2016-10-12 00:00:00+00:00,0.0,7278853.48750006
2016-10-13 00:00:00+00:00,0.0,7274835.70030006
2016-10-14 00:00:00+00:00,0.0,7319836.356910057
2016-10-17 00:00:00+00:00,0.0,7242330.016810059
2016-10-18 00:00:00+00:00,0.0,7091531.118820061
2016-10-19 00:00:00+00:00,0.0,7091531.118820061
2016-10-20 00:00:00+00:00,0.0,7091531.118820061
2016-10-21 00:00:00+00:00,0.0,7077199.1753500635
2016-10-24 00:00:00+00:00,0.0,7138081.555090061
2016-10-25 00:00:00+00:00,0.0,7138081.555090061
2016-10-26 00:00:00+00:00,0.0,7082373.354880062
2016-10-27 00:00:00+00:00,0.0,7055144.061880062
2016-10-28 00:00:00+00:00,0.0,7045849.6201000605
2016-10-31 00:00:00+00:00,0.0,7037339.394220061
2016-11-01 00:00:00+00:00,0.0,7032319.156270059
2016-11-02 00:00:00+00:00,0.0,7031225.146600062
2016-11-03 00:00:00+00:00,0.0,7121734.5736600645
2016-11-04 00:00:00+00:00,0.0,7135417.454170066
2016-11-07 00:00:00+00:00,0.0,7119452.997220065
2016-11-08 00:00:00+00:00,0.0,7088650.833490065
2016-11-09 00:00:00+00:00,0.0,7053198.288700067
2016-11-10 00:00:00+00:00,0.0,7053198.288700067
2016-11-11 00:00:00+00:00,0.0,7083040.098100068
2016-11-14 00:00:00+00:00,0.0,7075073.685460068
2016-11-15 00:00:00+00:00,0.0,7075073.685460068
2016-11-16 00:00:00+00:00,0.0,7075073.685460068
2016-11-17 00:00:00+00:00,0.0,7096990.54342007
2016-11-18 00:00:00+00:00,0.0,7073551.657300069
2016-11-21 00:00:00+00:00,0.0,7067353.292140071
2016-11-22 00:00:00+00:00,0.0,7067353.292140071
2016-11-23 00:00:00+00:00,0.0,7055713.700860069
2016-11-24 00:00:00+00:00,0.0,7031104.604140069
2016-11-25 00:00:00+00:00,0.0,6863883.409660068
2016-11-28 00:00:00+00:00,0.0,6874479.180220066
2016-11-29 00:00:00+00:00,0.0,6962345.963290068
2016-11-30 00:00:00+00:00,0.0,6962345.963290068
2016-12-01 00:00:00+00:00,0.0,6925154.078230069
2016-12-02 00:00:00+00:00,0.0,6896492.071630069
2016-12-05 00:00:00+00:00,0.0,6887336.652790069
2016-12-06 00:00:00+00:00,0.0,6898350.308830068
2016-12-07 00:00:00+00:00,0.0,6880915.477870067
2016-12-08 00:00:00+00:00,0.0,6880915.477870067
2016-12-09 00:00:00+00:00,0.0,6940827.6135100685
2016-12-12 00:00:00+00:00,0.0,6979171.7596300645
2016-12-13 00:00:00+00:00,0.0,6967497.326110065
2016-12-14 00:00:00+00:00,0.0,7005156.993430065
2016-12-15 00:00:00+00:00,0.0,7189054.641790066
2016-12-16 00:00:00+00:00,0.0,7217084.522890065
2016-12-19 00:00:00+00:00,0.0,7256051.6622700645
2016-12-20 00:00:00+00:00,0.0,7240055.61298006
2016-12-21 00:00:00+00:00,0.0,7236890.40964006
2016-12-22 00:00:00+00:00,0.0,7241155.95391006
2016-12-23 00:00:00+00:00,0.0,7252465.878640059
2016-12-26 00:00:00+00:00,0.0,7348765.305370061
2016-12-27 00:00:00+00:00,0.0,7358885.881810062
2016-12-28 00:00:00+00:00,0.0,7356929.222560061
2016-12-29 00:00:00+00:00,0.0,7322212.886230058
2016-12-30 00:00:00+00:00,0.0,7302304.853020056
2017-01-03 00:00:00+00:00,0.0,7263632.902690057
2017-01-04 00:00:00+00:00,0.0,7274466.688510054
2017-01-05 00:00:00+00:00,0.0,7261901.622490053
2017-01-06 00:00:00+00:00,0.0,7273919.769280054
2017-01-09 00:00:00+00:00,0.0,7258625.680990057
2017-01-10 00:00:00+00:00,0.0,7259330.643430056
2017-01-11 00:00:00+00:00,0.0,7306848.737950054
2017-01-12 00:00:00+00:00,0.0,7336441.310050053
2017-01-13 00:00:00+00:00,0.0,7334423.313940054
2017-01-16 00:00:00+00:00,0.0,7163890.20925005
2017-01-17 00:00:00+00:00,0.0,7163890.20925005
2017-01-18 00:00:00+00:00,0.0,7163762.304850049
2017-01-19 00:00:00+00:00,0.0,7183443.318010052
2017-01-20 00:00:00+00:00,0.0,7203100.501330051
2017-01-23 00:00:00+00:00,0.0,7165518.355330052
2017-01-24 00:00:00+00:00,0.0,7165518.355330052
2017-01-25 00:00:00+00:00,0.0,7185158.316250051
2017-01-26 00:00:00+00:00,0.0,7213425.492850052
2017-02-03 00:00:00+00:00,0.0,7244612.595610051
2017-02-06 00:00:00+00:00,0.0,7251317.61181005
2017-02-07 00:00:00+00:00,0.0,7267755.25501005
2017-02-08 00:00:00+00:00,0.0,7171139.468050052
2017-02-09 00:00:00+00:00,0.0,7127427.907690052
2017-02-10 00:00:00+00:00,0.0,7104580.92997005
2017-02-13 00:00:00+00:00,0.0,7086398.957170052
2017-02-14 00:00:00+00:00,0.0,7086398.957170052
2017-02-15 00:00:00+00:00,0.0,7041582.598210054
2017-02-16 00:00:00+00:00,0.0,7040321.296090054
2017-02-17 00:00:00+00:00,0.0,7089482.151250056
2017-02-20 00:00:00+00:00,0.0,6941668.184530058
2017-02-21 00:00:00+00:00,0.0,6901496.428570059
2017-02-22 00:00:00+00:00,0.0,6870679.10845006
2017-02-23 00:00:00+00:00,0.0,6882374.5242700605
2017-02-24 00:00:00+00:00,0.0,6842933.69791006
2017-02-27 00:00:00+00:00,0.0,6767200.024180062
2017-02-28 00:00:00+00:00,0.0,6767702.050540063
2017-03-01 00:00:00+00:00,0.0,6719690.471650062
2017-03-02 00:00:00+00:00,0.0,6784563.848680065
2017-03-03 00:00:00+00:00,0.0,6816122.929420064
2017-03-06 00:00:00+00:00,0.0,6793305.362260067
2017-03-07 00:00:00+00:00,0.0,6788478.008140066
2017-03-08 00:00:00+00:00,0.0,6785037.370060067
2017-03-09 00:00:00+00:00,0.0,6761147.991820066
2017-03-10 00:00:00+00:00,0.0,6761147.991820066
2017-03-13 00:00:00+00:00,0.0,6824353.856380066
2017-03-14 00:00:00+00:00,0.0,6823122.892180066
2017-03-15 00:00:00+00:00,0.0,6803891.414620065
2017-03-16 00:00:00+00:00,0.0,6808342.784620066
2017-03-17 00:00:00+00:00,0.0,6683800.776370067
2017-03-20 00:00:00+00:00,0.0,6677066.893390067
2017-03-21 00:00:00+00:00,0.0,6691113.378700067
2017-03-22 00:00:00+00:00,0.0,6675482.330410065
2017-03-23 00:00:00+00:00,0.0,6654230.8458700655
2017-03-24 00:00:00+00:00,0.0,6717091.737700066
2017-03-27 00:00:00+00:00,0.0,6693502.177750067
2017-03-28 00:00:00+00:00,0.0,6694007.968750067
2017-03-29 00:00:00+00:00,0.0,6671413.683850066
2017-03-30 00:00:00+00:00,0.0,6677541.611260069
2017-03-31 00:00:00+00:00,0.0,6695864.108200069
2017-04-05 00:00:00+00:00,0.0,6718765.300360069
2017-04-06 00:00:00+00:00,0.0,6680949.346360067
2017-04-07 00:00:00+00:00,0.0,6646102.7168500675
2017-04-10 00:00:00+00:00,0.0,6646102.7168500675
2017-04-11 00:00:00+00:00,0.0,6638659.058650068
2017-04-12 00:00:00+00:00,0.0,6606471.08536007
2017-04-13 00:00:00+00:00,0.0,6606471.08536007
2017-04-14 00:00:00+00:00,0.0,6624471.088810069
2017-04-17 00:00:00+00:00,0.0,6651378.7621300705
2017-04-18 00:00:00+00:00,0.0,6604717.695040072
2017-04-19 00:00:00+00:00,0.0,6641899.5193900755
2017-04-20 00:00:00+00:00,0.0,6642435.852550076
2017-04-21 00:00:00+00:00,0.0,6662433.161200076
2017-04-24 00:00:00+00:00,0.0,6636566.397640076
2017-04-25 00:00:00+00:00,0.0,6623560.0327300755
2017-04-26 00:00:00+00:00,0.0,6574580.776030078
2017-04-27 00:00:00+00:00,0.0,6540446.471980077
2017-04-28 00:00:00+00:00,0.0,6529746.972400073
2017-05-02 00:00:00+00:00,0.0,6551066.208910074
2017-05-03 00:00:00+00:00,0.0,6574703.285890076
2017-05-04 00:00:00+00:00,0.0,6554460.0704800775
2017-05-05 00:00:00+00:00,0.0,6583729.970590077
2017-05-08 00:00:00+00:00,0.0,6533795.498860076
2017-05-09 00:00:00+00:00,0.0,6517518.567970075
2017-05-10 00:00:00+00:00,0.0,6482753.561320075
2017-05-11 00:00:00+00:00,0.0,6488226.164170073
2017-05-12 00:00:00+00:00,0.0,6529292.225140073
2017-05-15 00:00:00+00:00,0.0,6529292.225140073
2017-05-16 00:00:00+00:00,0.0,6467379.660250073
2017-05-17 00:00:00+00:00,0.0,6412420.434610074
2017-05-18 00:00:00+00:00,0.0,6398390.286610075
2017-05-19 00:00:00+00:00,0.0,6398390.286610075
2017-05-22 00:00:00+00:00,0.0,6367831.463590075
2017-05-23 00:00:00+00:00,0.0,6402113.945290077
2017-05-24 00:00:00+00:00,0.0,6329607.741520078
2017-05-25 00:00:00+00:00,0.0,6508991.994820078
2017-05-26 00:00:00+00:00,0.0,6489776.717320076
2017-05-31 00:00:00+00:00,0.0,6449250.3377200775
2017-06-01 00:00:00+00:00,0.0,6484603.568620078
2017-06-02 00:00:00+00:00,0.0,6503179.583320075
2017-06-05 00:00:00+00:00,0.0,6494793.865420073
2017-06-06 00:00:00+00:00,0.0,6443190.814720073
2017-06-07 00:00:00+00:00,0.0,6498360.840220073
2017-06-08 00:00:00+00:00,0.0,6578996.786620076
2017-06-09 00:00:00+00:00,0.0,6605616.918220079
2017-06-12 00:00:00+00:00,0.0,6608844.819220076
2017-06-13 00:00:00+00:00,0.0,6599473.065220077
2017-06-14 00:00:00+00:00,0.0,6627641.351920074
2017-06-15 00:00:00+00:00,0.0,6618389.859670074
2017-06-16 00:00:00+00:00,0.0,6673174.503760074
2017-06-19 00:00:00+00:00,0.0,6547721.114710074
2017-06-20 00:00:00+00:00,0.0,6542287.193410073
2017-06-21 00:00:00+00:00,0.0,6579423.243310072
2017-06-22 00:00:00+00:00,0.0,6634242.809110075
2017-06-23 00:00:00+00:00,0.0,6549528.682210072
2017-06-26 00:00:00+00:00,0.0,6565904.750410075
2017-06-27 00:00:00+00:00,0.0,6559462.078210075
2017-06-28 00:00:00+00:00,0.0,6565044.549610075
2017-06-29 00:00:00+00:00,0.0,6532806.693610077
2017-06-30 00:00:00+00:00,0.0,6532806.693610077
2017-07-03 00:00:00+00:00,0.0,6508099.908310075
2017-07-04 00:00:00+00:00,0.0,6542526.539710073
2017-07-05 00:00:00+00:00,0.0,6656394.804010074
2017-07-06 00:00:00+00:00,0.0,6670058.003710075
2017-07-07 00:00:00+00:00,0.0,6651931.0704100765
2017-07-10 00:00:00+00:00,0.0,6642488.329210078
2017-07-11 00:00:00+00:00,0.0,6689703.504910075
2017-07-12 00:00:00+00:00,0.0,6746835.882310077
2017-07-13 00:00:00+00:00,0.0,6813511.210510075
2017-07-14 00:00:00+00:00,0.0,6872647.615810073
2017-07-17 00:00:00+00:00,0.0,6874170.773110073
2017-07-18 00:00:00+00:00,0.0,6882613.629910074
2017-07-19 00:00:00+00:00,0.0,6904202.694310076
2017-07-20 00:00:00+00:00,0.0,6923379.228310073
2017-07-21 00:00:00+00:00,0.0,6962691.345610074
2017-07-24 00:00:00+00:00,0.0,6880775.228110072
2017-07-25 00:00:00+00:00,0.0,6891885.786010072
2017-07-26 00:00:00+00:00,0.0,6910509.52981007
2017-07-27 00:00:00+00:00,0.0,6912032.0247100685
2017-07-28 00:00:00+00:00,0.0,6909350.559010067
2017-07-31 00:00:00+00:00,0.0,6899766.505810066
2017-08-01 00:00:00+00:00,0.0,6957327.252610062
2017-08-02 00:00:00+00:00,0.0,6962679.402010063
2017-08-03 00:00:00+00:00,0.0,7055082.128410061
2017-08-04 00:00:00+00:00,0.0,7136411.495710062
2017-08-07 00:00:00+00:00,0.0,7124886.771400066
2017-08-08 00:00:00+00:00,0.0,7118304.664000067
2017-08-09 00:00:00+00:00,0.0,7136171.123380068
2017-08-10 00:00:00+00:00,0.0,7176823.817770068
2017-08-11 00:00:00+00:00,0.0,7275290.275750067
2017-08-14 00:00:00+00:00,0.0,7290234.908860069
2017-08-15 00:00:00+00:00,0.0,7239482.2862800695
2017-08-16 00:00:00+00:00,0.0,7239482.2862800695
2017-08-17 00:00:00+00:00,0.0,7251099.276610068
2017-08-18 00:00:00+00:00,0.0,7326715.637320069
2017-08-21 00:00:00+00:00,0.0,7312901.853820067
2017-08-22 00:00:00+00:00,0.0,7356141.888790066
2017-08-23 00:00:00+00:00,0.0,7376580.311410068
2017-08-24 00:00:00+00:00,0.0,7375915.098070067
2017-08-25 00:00:00+00:00,0.0,7527945.184300065
2017-08-28 00:00:00+00:00,0.0,7453221.195400064
2017-08-29 00:00:00+00:00,0.0,7453221.195400064
2017-08-30 00:00:00+00:00,0.0,7490718.276340063
2017-08-31 00:00:00+00:00,0.0,7462885.725220064
2017-09-01 00:00:00+00:00,0.0,7455523.511680064
2017-09-04 00:00:00+00:00,0.0,7417473.218410067
2017-09-05 00:00:00+00:00,0.0,7403487.141910068
2017-09-06 00:00:00+00:00,0.0,7394478.245200069
2017-09-07 00:00:00+00:00,0.0,7462058.433370069
2017-09-08 00:00:00+00:00,0.0,7502918.22289007
2017-09-11 00:00:00+00:00,0.0,7498247.0748700695
2017-09-12 00:00:00+00:00,0.0,7497511.45669007
2017-09-13 00:00:00+00:00,0.0,7456858.399960073
2017-09-14 00:00:00+00:00,0.0,7488502.568560072
2017-09-15 00:00:00+00:00,0.0,7482855.090130072
2017-09-18 00:00:00+00:00,0.0,7482855.090130072
2017-09-19 00:00:00+00:00,0.0,7514503.144810073
2017-09-20 00:00:00+00:00,0.0,7517775.738310072
2017-09-21 00:00:00+00:00,0.0,7514432.362450071
2017-09-22 00:00:00+00:00,0.0,7492609.624150072
2017-09-25 00:00:00+00:00,0.0,7474092.274750072
2017-09-26 00:00:00+00:00,0.0,7466788.959610071
2017-09-27 00:00:00+00:00,0.0,7496802.23224007
2017-09-28 00:00:00+00:00,0.0,7488858.96988007
2017-09-29 00:00:00+00:00,0.0,7463078.599660069
2017-10-09 00:00:00+00:00,0.0,7509209.888380067
2017-10-10 00:00:00+00:00,0.0,7479448.630480069
2017-10-11 00:00:00+00:00,0.0,7481016.629110068
2017-10-12 00:00:00+00:00,0.0,7467389.948680069
2017-10-13 00:00:00+00:00,0.0,7460692.577560068
2017-10-16 00:00:00+00:00,0.0,7439792.857510072
2017-10-17 00:00:00+00:00,0.0,7410647.440990072
2017-10-18 00:00:00+00:00,0.0,7340222.309620074
2017-10-19 00:00:00+00:00,0.0,7325996.178520073
2017-10-20 00:00:00+00:00,0.0,7326190.844020073
2017-10-23 00:00:00+00:00,0.0,7299083.156620074
2017-10-24 00:00:00+00:00,0.0,7347560.454820074
2017-10-25 00:00:00+00:00,0.0,7327636.731820074
2017-10-26 00:00:00+00:00,0.0,7327636.731820074
2017-10-27 00:00:00+00:00,0.0,7379625.903220072
2017-10-30 00:00:00+00:00,0.0,7308935.546920074
2017-10-31 00:00:00+00:00,0.0,7303652.104420074
2017-11-01 00:00:00+00:00,0.0,7305875.292820074
2017-11-02 00:00:00+00:00,0.0,7244793.9755200725
2017-11-03 00:00:00+00:00,0.0,7238312.603020072
2017-11-06 00:00:00+00:00,0.0,7239034.156120072
2017-11-07 00:00:00+00:00,0.0,7237613.156920069
2017-11-08 00:00:00+00:00,0.0,7200793.772320069
2017-11-09 00:00:00+00:00,0.0,7146259.53202007
2017-11-10 00:00:00+00:00,0.0,7265684.567920067
2017-11-13 00:00:00+00:00,0.0,7265684.567920067
2017-11-14 00:00:00+00:00,0.0,7258811.694520067
2017-11-15 00:00:00+00:00,0.0,7259455.429420068
2017-11-16 00:00:00+00:00,0.0,7313460.082720067
2017-11-17 00:00:00+00:00,0.0,7424698.268320069
2017-11-20 00:00:00+00:00,0.0,7497825.0896200705
2017-11-21 00:00:00+00:00,0.0,7548074.437720072
2017-11-22 00:00:00+00:00,0.0,7453993.970920071
2017-11-23 00:00:00+00:00,0.0,7722124.352620071
2017-11-24 00:00:00+00:00,0.0,7660252.609120069
2017-11-27 00:00:00+00:00,0.0,7615823.079820067
2017-11-28 00:00:00+00:00,0.0,7615808.53732007
2017-11-29 00:00:00+00:00,0.0,7601704.034320072
2017-11-30 00:00:00+00:00,0.0,7635044.257120072
2017-12-01 00:00:00+00:00,0.0,7723009.720120071
2017-12-04 00:00:00+00:00,0.0,7683454.701430074
2017-12-05 00:00:00+00:00,0.0,7758134.43883007
2017-12-06 00:00:00+00:00,0.0,7800732.88153007
2017-12-07 00:00:00+00:00,0.0,7866801.71062007
2017-12-08 00:00:00+00:00,0.0,7755293.697850071
2017-12-11 00:00:00+00:00,0.0,7784980.01785007
2017-12-12 00:00:00+00:00,0.0,7895915.913580069
2017-12-13 00:00:00+00:00,0.0,7814103.574510068
2017-12-14 00:00:00+00:00,0.0,7841546.411470066
2017-12-15 00:00:00+00:00,0.0,7882571.642200066
2017-12-18 00:00:00+00:00,0.0,7882571.642200066
2017-12-19 00:00:00+00:00,0.0,7972356.282310066
2017-12-20 00:00:00+00:00,0.0,7964126.239390063
2017-12-21 00:00:00+00:00,0.0,7954874.234980062
2017-12-22 00:00:00+00:00,0.0,7957854.036640061
2017-12-25 00:00:00+00:00,0.0,7817615.978680059
2017-12-26 00:00:00+00:00,0.0,7748961.07489006
2017-12-27 00:00:00+00:00,0.0,7511249.002690063
2017-12-28 00:00:00+00:00,0.0,7454892.7237900635
2017-12-29 00:00:00+00:00,0.0,7436932.249690068
2018-01-02 00:00:00+00:00,0.0,7434504.252190067
2018-01-03 00:00:00+00:00,0.0,7359771.831790068
2018-01-04 00:00:00+00:00,0.0,7347732.573490066
2018-01-05 00:00:00+00:00,0.0,7356074.133190069
2018-01-08 00:00:00+00:00,0.0,7356604.694290071
2018-01-09 00:00:00+00:00,0.0,7370897.705590071
2018-01-10 00:00:00+00:00,0.0,7441562.868490072
2018-01-11 00:00:00+00:00,0.0,7447727.983090076
2018-01-12 00:00:00+00:00,0.0,7470057.369490074
2018-01-15 00:00:00+00:00,0.0,7512756.533890072
2018-01-16 00:00:00+00:00,0.0,7527823.268290074
2018-01-17 00:00:00+00:00,0.0,7524282.0676900735
2018-01-18 00:00:00+00:00,0.0,7524282.0676900735
2018-01-19 00:00:00+00:00,0.0,7506193.736020072
2018-01-22 00:00:00+00:00,0.0,7449749.59369007
2018-01-23 00:00:00+00:00,0.0,7449749.59369007
2018-01-24 00:00:00+00:00,0.0,7418901.05797007
2018-01-25 00:00:00+00:00,0.0,7364590.39894007
2018-01-26 00:00:00+00:00,0.0,7374513.297730069
2018-01-29 00:00:00+00:00,0.0,7538674.848070068
2018-01-30 00:00:00+00:00,0.0,7576832.991970069
2018-01-31 00:00:00+00:00,0.0,7582241.497510066
2018-02-01 00:00:00+00:00,0.0,7581151.074970066
2018-02-02 00:00:00+00:00,0.0,7702622.208730068
2018-02-05 00:00:00+00:00,0.0,7966547.286130069
2018-02-06 00:00:00+00:00,0.0,7826777.560930069
2018-02-07 00:00:00+00:00,0.0,8138022.713830069
2018-02-08 00:00:00+00:00,0.0,8314850.953000069
2018-02-09 00:00:00+00:00,0.0,8407583.611480068
2018-02-12 00:00:00+00:00,0.0,8348007.960640064
2018-02-13 00:00:00+00:00,0.0,8251411.662160065
2018-02-14 00:00:00+00:00,0.0,8289087.406090064
2018-02-22 00:00:00+00:00,0.0,8260687.796500064
2018-02-23 00:00:00+00:00,0.0,8257315.573030063
2018-02-26 00:00:00+00:00,0.0,8215967.702950063
2018-02-27 00:00:00+00:00,0.0,8306363.190220063
2018-02-28 00:00:00+00:00,0.0,8357564.387740061
2018-03-01 00:00:00+00:00,0.0,8224933.824730063
2018-03-02 00:00:00+00:00,0.0,8161306.467970063
2018-03-05 00:00:00+00:00,0.0,8154776.9668600615
2018-03-06 00:00:00+00:00,0.0,7941945.497020061
2018-03-07 00:00:00+00:00,0.0,8034059.559940058
2018-03-08 00:00:00+00:00,0.0,8034059.559940058
2018-03-09 00:00:00+00:00,0.0,8034059.559940058
2018-03-12 00:00:00+00:00,0.0,7975972.018450059
2018-03-13 00:00:00+00:00,0.0,8113627.341310059
2018-03-14 00:00:00+00:00,0.0,8112690.34525006
2018-03-15 00:00:00+00:00,0.0,8152631.8167100595
2018-03-16 00:00:00+00:00,0.0,8246410.900240062
2018-03-19 00:00:00+00:00,0.0,8135546.235010062
2018-03-20 00:00:00+00:00,0.0,8206504.048090062
2018-03-21 00:00:00+00:00,0.0,8283423.644470063
2018-03-22 00:00:00+00:00,0.0,8424399.293350063
2018-03-23 00:00:00+00:00,0.0,8502428.860270062
2018-03-26 00:00:00+00:00,0.0,8490831.08731006
2018-03-27 00:00:00+00:00,0.0,8444301.92935006
2018-03-28 00:00:00+00:00,0.0,8599116.643990058
2018-03-29 00:00:00+00:00,0.0,8433817.007830057
2018-03-30 00:00:00+00:00,0.0,8433817.007830057
2018-04-02 00:00:00+00:00,0.0,8242988.302150058
2018-04-03 00:00:00+00:00,0.0,8183561.972830061
2018-04-04 00:00:00+00:00,0.0,8055734.716150064
2018-04-09 00:00:00+00:00,0.0,8037320.301070062
2018-04-10 00:00:00+00:00,0.0,8256044.431150063
2018-04-11 00:00:00+00:00,0.0,8228885.423110063
2018-04-12 00:00:00+00:00,0.0,8283138.446590063
2018-04-13 00:00:00+00:00,0.0,8461990.866310067
2018-04-16 00:00:00+00:00,0.0,8616104.277190065
2018-04-17 00:00:00+00:00,0.0,8765946.936910065
2018-04-18 00:00:00+00:00,0.0,8832688.784680063
2018-04-19 00:00:00+00:00,0.0,8800702.192900063
2018-04-20 00:00:00+00:00,0.0,8878394.933350064
2018-04-23 00:00:00+00:00,0.0,8838647.522530062
2018-04-24 00:00:00+00:00,0.0,8861579.610280061
2018-04-25 00:00:00+00:00,0.0,8861579.610280061
2018-04-26 00:00:00+00:00,0.0,8949749.86726006
2018-04-27 00:00:00+00:00,0.0,8836314.567490058
2018-05-02 00:00:00+00:00,0.0,8775518.584450057
2018-05-03 00:00:00+00:00,0.0,8847704.035060056
2018-05-04 00:00:00+00:00,0.0,8837634.872320054
2018-05-07 00:00:00+00:00,0.0,8911351.511290055
2018-05-08 00:00:00+00:00,0.0,8951064.174670054
2018-05-09 00:00:00+00:00,0.0,8905765.216030056
2018-05-10 00:00:00+00:00,0.0,8905765.216030056
2018-05-11 00:00:00+00:00,0.0,8827299.13366006
2018-05-14 00:00:00+00:00,0.0,8807288.03983006
2018-05-15 00:00:00+00:00,0.0,8726837.073130064
2018-05-16 00:00:00+00:00,0.0,8601983.317090068
2018-05-17 00:00:00+00:00,0.0,8732221.512190068
2018-05-18 00:00:00+00:00,0.0,8541024.144010067
2018-05-21 00:00:00+00:00,0.0,8459207.997730067
2018-05-22 00:00:00+00:00,0.0,8458427.06629007
2018-05-23 00:00:00+00:00,0.0,8284559.55361007
2018-05-24 00:00:00+00:00,0.0,8346880.7725300705
2018-05-25 00:00:00+00:00,0.0,8374286.106610068
2018-05-28 00:00:00+00:00,0.0,8374286.106610068
2018-05-29 00:00:00+00:00,0.0,8394492.533650069
2018-05-30 00:00:00+00:00,0.0,8481222.809230069
2018-05-31 00:00:00+00:00,0.0,8307738.506680066
2018-06-01 00:00:00+00:00,0.0,8249849.169280066
2018-06-04 00:00:00+00:00,0.0,8259569.319400067
2018-06-05 00:00:00+00:00,0.0,8274674.755960065
2018-06-06 00:00:00+00:00,0.0,8274674.755960065
2018-06-07 00:00:00+00:00,0.0,8276460.267040066
2018-06-08 00:00:00+00:00,0.0,8332679.114080065
2018-06-11 00:00:00+00:00,0.0,8278358.246440067
2018-06-12 00:00:00+00:00,0.0,8336314.339360069
2018-06-13 00:00:00+00:00,0.0,8339938.890640069
2018-06-14 00:00:00+00:00,0.0,8325199.359880068
2018-06-15 00:00:00+00:00,0.0,8325199.359880068
2018-06-19 00:00:00+00:00,0.0,8463025.205830071
2018-06-20 00:00:00+00:00,0.0,8390636.12725007
2018-06-21 00:00:00+00:00,0.0,8135370.479860071
2018-06-22 00:00:00+00:00,0.0,8084411.154340069
2018-06-25 00:00:00+00:00,0.0,8271138.437620067
2018-06-26 00:00:00+00:00,0.0,8328777.975550068
2018-06-27 00:00:00+00:00,0.0,8510155.323910065
2018-06-28 00:00:00+00:00,0.0,8546753.002510067
2018-06-29 00:00:00+00:00,0.0,8646257.268910067
2018-07-02 00:00:00+00:00,0.0,9004676.04907007
2018-07-03 00:00:00+00:00,0.0,8736780.240970068
2018-07-04 00:00:00+00:00,0.0,8736780.240970068
2018-07-05 00:00:00+00:00,0.0,8684314.873270065
2018-07-06 00:00:00+00:00,0.0,8649979.798930064
2018-07-09 00:00:00+00:00,0.0,8770911.51319006
2018-07-10 00:00:00+00:00,0.0,8708723.497930063
2018-07-11 00:00:00+00:00,0.0,8708723.497930063
2018-07-12 00:00:00+00:00,0.0,8757810.685450064
2018-07-13 00:00:00+00:00,0.0,8728775.805730065
2018-07-16 00:00:00+00:00,0.0,8703560.560990062
2018-07-17 00:00:00+00:00,0.0,8689712.41255006
2018-07-18 00:00:00+00:00,0.0,8559542.33797006
2018-07-19 00:00:00+00:00,0.0,8559542.33797006
2018-07-20 00:00:00+00:00,0.0,8819414.56009006
2018-07-23 00:00:00+00:00,0.0,8796992.531650059
2018-07-24 00:00:00+00:00,0.0,8775763.433830058
2018-07-25 00:00:00+00:00,0.0,8775763.433830058
2018-07-26 00:00:00+00:00,0.0,8900754.65305006
2018-07-27 00:00:00+00:00,0.0,8856058.82047006
2018-07-30 00:00:00+00:00,0.0,8856058.82047006
2018-07-31 00:00:00+00:00,0.0,8840733.06121006
2018-08-01 00:00:00+00:00,0.0,9126652.296490058
2018-08-02 00:00:00+00:00,0.0,9363110.353570059
2018-08-03 00:00:00+00:00,0.0,9470715.279670058
2018-08-06 00:00:00+00:00,0.0,9508218.294550056
2018-08-07 00:00:00+00:00,0.0,9693084.779050056
2018-08-08 00:00:00+00:00,0.0,9501817.296550056
2018-08-09 00:00:00+00:00,0.0,9638038.779250054
2018-08-10 00:00:00+00:00,0.0,9599663.077150052
2018-08-13 00:00:00+00:00,0.0,9458738.421250053
2018-08-14 00:00:00+00:00,0.0,9417275.388400054
2018-08-15 00:00:00+00:00,0.0,9169674.632500056
2018-08-16 00:00:00+00:00,0.0,8887366.011100056
2018-08-17 00:00:00+00:00,0.0,9016196.129950058
2018-08-20 00:00:00+00:00,0.0,8859645.373900056
2018-08-21 00:00:00+00:00,0.0,9031407.685180059
2018-08-22 00:00:00+00:00,0.0,9031407.685180059
2018-08-23 00:00:00+00:00,0.0,8913471.086230058
2018-08-24 00:00:00+00:00,0.0,8933559.060010059
2018-08-27 00:00:00+00:00,0.0,8945164.15099006
2018-08-28 00:00:00+00:00,0.0,8916466.417450061
2018-08-29 00:00:00+00:00,0.0,8916466.417450061
2018-08-30 00:00:00+00:00,0.0,9018012.36643006
2018-08-31 00:00:00+00:00,0.0,8924702.214250056
2018-09-03 00:00:00+00:00,0.0,8831414.840350058
2018-09-04 00:00:00+00:00,0.0,8526392.054860061
2018-09-05 00:00:00+00:00,0.0,8662889.78350006
2018-09-06 00:00:00+00:00,0.0,8741464.857700063
2018-09-07 00:00:00+00:00,0.0,8675933.94064006
2018-09-10 00:00:00+00:00,0.0,8675933.94064006
2018-09-11 00:00:00+00:00,0.0,8689861.723600058
2018-09-12 00:00:00+00:00,0.0,8632835.61754006
2018-09-13 00:00:00+00:00,0.0,8521988.247760061
2018-09-14 00:00:00+00:00,0.0,8483363.27746006
2018-09-17 00:00:00+00:00,0.0,8483363.27746006
2018-09-18 00:00:00+00:00,0.0,8673570.310420059
2018-09-19 00:00:00+00:00,0.0,8610893.660860058
2018-09-20 00:00:00+00:00,0.0,8610893.660860058
2018-09-21 00:00:00+00:00,0.0,8971002.17677006
2018-09-25 00:00:00+00:00,0.0,8913661.231990058
2018-09-26 00:00:00+00:00,0.0,8872832.346100058
2018-09-27 00:00:00+00:00,0.0,8843164.337800061
2018-09-28 00:00:00+00:00,0.0,8831165.545930063
2018-10-08 00:00:00+00:00,0.0,9009580.54633006
2018-10-09 00:00:00+00:00,0.0,8951094.410650067
2018-10-10 00:00:00+00:00,0.0,8936282.788090067
2018-10-11 00:00:00+00:00,0.0,9122234.930890065
2018-10-12 00:00:00+00:00,0.0,9182524.393240064
2018-10-15 00:00:00+00:00,0.0,9263574.133990062
2018-10-16 00:00:00+00:00,0.0,9081362.831290063
2018-10-17 00:00:00+00:00,0.0,9017037.597490065
2018-10-18 00:00:00+00:00,0.0,9036522.384190064
2018-10-19 00:00:00+00:00,0.0,9241281.894490067
2018-10-22 00:00:00+00:00,0.0,9252844.172350066
2018-10-23 00:00:00+00:00,0.0,9545745.805450065
2018-10-24 00:00:00+00:00,0.0,9323369.317600066
2018-10-25 00:00:00+00:00,0.0,9307082.334850065
2018-10-26 00:00:00+00:00,0.0,9272383.05715006
2018-10-29 00:00:00+00:00,0.0,9401641.472050058
2018-10-30 00:00:00+00:00,0.0,9311239.401550056
2018-10-31 00:00:00+00:00,0.0,9259031.575600056
2018-11-01 00:00:00+00:00,0.0,9320200.793350056
2018-11-02 00:00:00+00:00,0.0,9436098.615100056
2018-11-05 00:00:00+00:00,0.0,9395920.139200058
2018-11-06 00:00:00+00:00,0.0,9422813.78125006
2018-11-07 00:00:00+00:00,0.0,9199989.435850061
2018-11-08 00:00:00+00:00,0.0,9192698.623600062
2018-11-09 00:00:00+00:00,0.0,9230521.70275006
2018-11-12 00:00:00+00:00,0.0,9195877.36285006
2018-11-13 00:00:00+00:00,0.0,9248948.609200062
2018-11-14 00:00:00+00:00,0.0,9334935.484900065
2018-11-15 00:00:00+00:00,0.0,9372707.207350068
2018-11-16 00:00:00+00:00,0.0,9284031.03085007
2018-11-19 00:00:00+00:00,0.0,9323979.60985007
2018-11-20 00:00:00+00:00,0.0,9144411.568450067
2018-11-21 00:00:00+00:00,0.0,9144411.568450067
2018-11-22 00:00:00+00:00,0.0,9103478.841250066
2018-11-23 00:00:00+00:00,0.0,9203912.747350065
2018-11-26 00:00:00+00:00,0.0,9198147.108850066
2018-11-27 00:00:00+00:00,0.0,9241452.532600066
2018-11-28 00:00:00+00:00,0.0,9224402.149150062
2018-11-29 00:00:00+00:00,0.0,9247874.41150006
2018-11-30 00:00:00+00:00,0.0,9249256.733200058
2018-12-03 00:00:00+00:00,0.0,9249256.733200058
2018-12-04 00:00:00+00:00,0.0,9290102.517700057
2018-12-05 00:00:00+00:00,0.0,9252216.197350057
2018-12-06 00:00:00+00:00,0.0,9276077.508550057
2018-12-07 00:00:00+00:00,0.0,9327405.576400056
2018-12-10 00:00:00+00:00,0.0,9296868.979150059
2018-12-11 00:00:00+00:00,0.0,9264522.32170006
2018-12-12 00:00:00+00:00,0.0,9195711.971200062
2018-12-13 00:00:00+00:00,0.0,9199736.89180006
2018-12-14 00:00:00+00:00,0.0,9223173.218950057
2018-12-17 00:00:00+00:00,0.0,9177310.312000055
2018-12-18 00:00:00+00:00,0.0,9271009.277350055
2018-12-19 00:00:00+00:00,0.0,9361611.307150055
2018-12-20 00:00:00+00:00,0.0,9406014.163630055
2018-12-21 00:00:00+00:00,0.0,9406014.163630055
2018-12-24 00:00:00+00:00,0.0,9466799.727310054
2018-12-25 00:00:00+00:00,0.0,9164073.001210049
2018-12-26 00:00:00+00:00,0.0,9150038.379610047
2018-12-27 00:00:00+00:00,0.0,9150877.410010045
2018-12-28 00:00:00+00:00,0.0,9141154.033690045
2019-01-02 00:00:00+00:00,0.0,9167490.063610043
2019-01-03 00:00:00+00:00,0.0,9167490.063610043
2019-01-04 00:00:00+00:00,0.0,9365548.539610045
2019-01-07 00:00:00+00:00,0.0,9277533.330490043
2019-01-08 00:00:00+00:00,0.0,9277533.330490043
2019-01-09 00:00:00+00:00,0.0,9154433.862010043
2019-01-10 00:00:00+00:00,0.0,9108611.158810038
2019-01-11 00:00:00+00:00,0.0,9019261.378210036
2019-01-14 00:00:00+00:00,0.0,9038855.129710035
2019-01-15 00:00:00+00:00,0.0,9095264.570110036
2019-01-16 00:00:00+00:00,0.0,9089562.811810033
2019-01-17 00:00:00+00:00,0.0,8951129.031460034
2019-01-18 00:00:00+00:00,0.0,8792813.092810033
2019-01-21 00:00:00+00:00,0.0,8792813.092810033
2019-01-22 00:00:00+00:00,0.0,8834063.740990032
2019-01-23 00:00:00+00:00,0.0,8855327.95189003
2019-01-24 00:00:00+00:00,0.0,8718612.675640032
2019-01-25 00:00:00+00:00,0.0,8693855.752120033
2019-01-28 00:00:00+00:00,0.0,8712784.006360032
2019-01-29 00:00:00+00:00,0.0,8763598.682440033
2019-01-30 00:00:00+00:00,0.0,8695565.771620035
2019-01-31 00:00:00+00:00,0.0,8552710.882240037
2019-02-01 00:00:00+00:00,0.0,8597137.005100036
2019-02-11 00:00:00+00:00,0.0,8699908.303660035
2019-02-12 00:00:00+00:00,0.0,8672463.470020033
2019-02-13 00:00:00+00:00,0.0,8838777.426400036
2019-02-14 00:00:00+00:00,0.0,8838777.426400036
2019-02-15 00:00:00+00:00,0.0,8958352.975360034
2019-02-18 00:00:00+00:00,0.0,8938384.080400033
2019-02-19 00:00:00+00:00,0.0,8750838.904540034
2019-02-20 00:00:00+00:00,0.0,8711226.007840034
2019-02-21 00:00:00+00:00,0.0,8618588.790700031
2019-02-22 00:00:00+00:00,0.0,8823436.708390033
2019-02-25 00:00:00+00:00,0.0,9622312.987240037
2019-02-26 00:00:00+00:00,0.0,9333884.570080038
2019-02-27 00:00:00+00:00,0.0,9234208.056220036
2019-02-28 00:00:00+00:00,0.0,9234208.056220036
2019-03-01 00:00:00+00:00,0.0,9386464.819450038
2019-03-04 00:00:00+00:00,0.0,9326537.901880037
2019-03-05 00:00:00+00:00,0.0,9326537.901880037
2019-03-06 00:00:00+00:00,0.0,9148049.208250036
2019-03-07 00:00:00+00:00,0.0,8950128.722500036
2019-03-08 00:00:00+00:00,0.0,9007050.039160034
2019-03-11 00:00:00+00:00,0.0,9016373.57728003
2019-03-12 00:00:00+00:00,0.0,8788165.865470028
2019-03-13 00:00:00+00:00,0.0,8684749.201600028
2019-03-14 00:00:00+00:00,0.0,8684749.201600028
2019-03-15 00:00:00+00:00,0.0,8552873.622160029
2019-03-18 00:00:00+00:00,0.0,8775849.094480028
2019-03-19 00:00:00+00:00,0.0,8775849.094480028
2019-03-20 00:00:00+00:00,0.0,8697169.42336003
2019-03-21 00:00:00+00:00,0.0,8628228.52300003
2019-03-22 00:00:00+00:00,0.0,8641017.05356003
2019-03-25 00:00:00+00:00,0.0,8746662.99409003
2019-03-26 00:00:00+00:00,0.0,8870256.846160037
2019-03-27 00:00:00+00:00,0.0,8858868.431590037
2019-03-28 00:00:00+00:00,0.0,8836952.214670038
2019-03-29 00:00:00+00:00,0.0,8975544.598990038
2019-04-01 00:00:00+00:00,0.0,8975544.598990038
2019-04-02 00:00:00+00:00,0.0,8932384.710550038
2019-04-03 00:00:00+00:00,0.0,9013740.739390036
2019-04-04 00:00:00+00:00,0.0,9127436.307670034
2019-04-08 00:00:00+00:00,0.0,9121964.929030035
2019-04-09 00:00:00+00:00,0.0,9065726.255710034
2019-04-10 00:00:00+00:00,0.0,9024584.481190033
2019-04-11 00:00:00+00:00,0.0,9053005.846150033
2019-04-12 00:00:00+00:00,0.0,9053005.846150033
2019-04-15 00:00:00+00:00,0.0,9150198.745150033
2019-04-16 00:00:00+00:00,0.0,9073474.76107003
2019-04-17 00:00:00+00:00,0.0,9060001.029550025
2019-04-18 00:00:00+00:00,0.0,9031785.240790024
2019-04-19 00:00:00+00:00,0.0,8857718.902630026
2019-04-22 00:00:00+00:00,0.0,8917400.063710025
2019-04-23 00:00:00+00:00,0.0,8839544.995990023
2019-04-24 00:00:00+00:00,0.0,8852425.643710023
2019-04-25 00:00:00+00:00,0.0,8907490.767790023
2019-04-26 00:00:00+00:00,0.0,8997531.657670027
2019-04-29 00:00:00+00:00,0.0,8868622.846510027
2019-04-30 00:00:00+00:00,0.0,8801271.311230026
2019-05-06 00:00:00+00:00,0.0,8890388.154910024
2019-05-07 00:00:00+00:00,0.0,8830149.841450026
2019-05-08 00:00:00+00:00,0.0,8814834.552760025
2019-05-09 00:00:00+00:00,0.0,8856566.742610026
2019-05-10 00:00:00+00:00,0.0,8856566.742610026
2019-05-13 00:00:00+00:00,0.0,8886534.761080025
2019-05-14 00:00:00+00:00,0.0,8947735.645630024
2019-05-15 00:00:00+00:00,0.0,8906270.183410022
2019-05-16 00:00:00+00:00,0.0,8906270.183410022
2019-05-17 00:00:00+00:00,0.0,9009557.520160018
2019-05-20 00:00:00+00:00,0.0,9009557.520160018
2019-05-21 00:00:00+00:00,0.0,8873005.504300019
2019-05-22 00:00:00+00:00,0.0,8882726.42473002
2019-05-23 00:00:00+00:00,0.0,8882726.42473002
2019-05-24 00:00:00+00:00,0.0,8907305.324140022
2019-05-27 00:00:00+00:00,0.0,8964220.433560023
2019-05-28 00:00:00+00:00,0.0,8908401.996730022
2019-05-29 00:00:00+00:00,0.0,8929386.76651002
2019-05-30 00:00:00+00:00,0.0,8827923.932830023
2019-05-31 00:00:00+00:00,0.0,8853626.44837002
2019-06-03 00:00:00+00:00,0.0,8813777.317750024
2019-06-04 00:00:00+00:00,0.0,8813777.317750024
2019-06-05 00:00:00+00:00,0.0,8698302.434590025
2019-06-06 00:00:00+00:00,0.0,8790336.147790028
2019-06-10 00:00:00+00:00,0.0,8781692.148010027
2019-06-11 00:00:00+00:00,0.0,8925417.941260027
2019-06-12 00:00:00+00:00,0.0,8900671.538410028
2019-06-13 00:00:00+00:00,0.0,8818213.782640029
2019-06-14 00:00:00+00:00,0.0,8818213.782640029
2019-06-17 00:00:00+00:00,0.0,8818213.782640029
2019-06-18 00:00:00+00:00,0.0,8827754.422360027
2019-06-19 00:00:00+00:00,0.0,8853780.111520026
2019-06-20 00:00:00+00:00,0.0,8766398.940880025
2019-06-21 00:00:00+00:00,0.0,8731789.164760025
2019-06-24 00:00:00+00:00,0.0,8714811.829000024
2019-06-25 00:00:00+00:00,0.0,8798338.29064002
2019-06-26 00:00:00+00:00,0.0,8798338.29064002
2019-06-27 00:00:00+00:00,0.0,8776691.67748002
2019-06-28 00:00:00+00:00,0.0,8701408.268680023
2019-07-01 00:00:00+00:00,0.0,8699099.033200022
2019-07-02 00:00:00+00:00,0.0,8696324.040430022
2019-07-03 00:00:00+00:00,0.0,8714579.922670022
2019-07-04 00:00:00+00:00,0.0,8708734.774390021
2019-07-05 00:00:00+00:00,0.0,8699636.253910024
2019-07-08 00:00:00+00:00,0.0,8713681.399030024
2019-07-09 00:00:00+00:00,0.0,8727385.629550021
2019-07-10 00:00:00+00:00,0.0,8722732.534510022
2019-07-11 00:00:00+00:00,0.0,8678466.17491002
2019-07-12 00:00:00+00:00,0.0,8678466.17491002
2019-07-15 00:00:00+00:00,0.0,8619048.765310021
2019-07-16 00:00:00+00:00,0.0,8638855.632670023
2019-07-17 00:00:00+00:00,0.0,8633480.037070023
2019-07-18 00:00:00+00:00,0.0,8623440.976630023
2019-07-19 00:00:00+00:00,0.0,8538465.612190027
2019-07-22 00:00:00+00:00,0.0,8553955.096030027
2019-07-23 00:00:00+00:00,0.0,8573049.133870026
2019-07-24 00:00:00+00:00,0.0,8569420.239910027
2019-07-25 00:00:00+00:00,0.0,8630913.282790026
2019-07-26 00:00:00+00:00,0.0,8623278.641830027
2019-07-29 00:00:00+00:00,0.0,8598013.54771003
2019-07-30 00:00:00+00:00,0.0,8551733.536900029
2019-07-31 00:00:00+00:00,0.0,8531170.06186003
2019-08-01 00:00:00+00:00,0.0,8564288.806540031
2019-08-02 00:00:00+00:00,0.0,8547084.041860031
2019-08-05 00:00:00+00:00,0.0,8613125.380900027
2019-08-06 00:00:00+00:00,0.0,8575178.445100028
2019-08-07 00:00:00+00:00,0.0,8621862.898780027
2019-08-08 00:00:00+00:00,0.0,8569858.086460026
2019-08-09 00:00:00+00:00,0.0,8570780.535700025
2019-08-12 00:00:00+00:00,0.0,8623481.497660024
2019-08-13 00:00:00+00:00,0.0,8611048.251820022
2019-08-14 00:00:00+00:00,0.0,8634591.75574002
2019-08-15 00:00:00+00:00,0.0,8684041.779820021
2019-08-16 00:00:00+00:00,0.0,8668674.680860024
2019-08-19 00:00:00+00:00,0.0,8474655.740140023
2019-08-20 00:00:00+00:00,0.0,8447671.930780023
2019-08-21 00:00:00+00:00,0.0,8447671.930780023
2019-08-22 00:00:00+00:00,0.0,8386125.306220023
2019-08-23 00:00:00+00:00,0.0,8356712.357380024
2019-08-26 00:00:00+00:00,0.0,8356712.357380024
2019-08-27 00:00:00+00:00,0.0,8241196.451710023
2019-08-28 00:00:00+00:00,0.0,8241872.8642600225
2019-08-29 00:00:00+00:00,0.0,8295367.735690024
2019-08-30 00:00:00+00:00,0.0,8260408.246840023
2019-09-02 00:00:00+00:00,0.0,8217826.083040024
2019-09-03 00:00:00+00:00,0.0,8217826.083040024
2019-09-04 00:00:00+00:00,0.0,8112165.153490023
2019-09-05 00:00:00+00:00,0.0,8007104.3236600235
2019-09-06 00:00:00+00:00,0.0,8007104.3236600235
2019-09-09 00:00:00+00:00,0.0,7914557.011360024
2019-09-10 00:00:00+00:00,0.0,7914557.011360024
2019-09-11 00:00:00+00:00,0.0,7913536.947160023
2019-09-12 00:00:00+00:00,0.0,7976066.043760024
2019-09-16 00:00:00+00:00,0.0,7927613.397760024
2019-09-17 00:00:00+00:00,0.0,8016023.6245600255
2019-09-18 00:00:00+00:00,0.0,7975112.606260027
2019-09-19 00:00:00+00:00,0.0,7914596.395120029
2019-09-20 00:00:00+00:00,0.0,7914596.395120029
2019-09-23 00:00:00+00:00,0.0,7863686.274430031
2019-09-24 00:00:00+00:00,0.0,7857593.830930032
2019-09-25 00:00:00+00:00,0.0,7879414.200730032
2019-09-26 00:00:00+00:00,0.0,7891035.025930032
2019-09-27 00:00:00+00:00,0.0,7887952.987630031
2019-09-30 00:00:00+00:00,0.0,8026524.990130033
2019-10-08 00:00:00+00:00,0.0,7944950.956270034
2019-10-09 00:00:00+00:00,0.0,7866013.947130036
2019-10-10 00:00:00+00:00,0.0,7906433.944330037
2019-10-11 00:00:00+00:00,0.0,7988188.1017300375
2019-10-14 00:00:00+00:00,0.0,7910301.60433004
2019-10-15 00:00:00+00:00,0.0,7881008.386330039
2019-10-16 00:00:00+00:00,0.0,7886533.743130039
2019-10-17 00:00:00+00:00,0.0,7886533.743130039
2019-10-18 00:00:00+00:00,0.0,8052611.491630037
2019-10-21 00:00:00+00:00,0.0,8031351.626080038
2019-10-22 00:00:00+00:00,0.0,7974779.77954004
2019-10-23 00:00:00+00:00,0.0,8001076.86184004
2019-10-24 00:00:00+00:00,0.0,7963325.14795004
2019-10-25 00:00:00+00:00,0.0,8013296.348350041
2019-10-28 00:00:00+00:00,0.0,8010147.338650039
2019-10-29 00:00:00+00:00,0.0,8025310.6730500385
2019-10-30 00:00:00+00:00,0.0,8030140.245490039
2019-10-31 00:00:00+00:00,0.0,8017473.2981200395
2019-11-01 00:00:00+00:00,0.0,8154396.26752004
2019-11-04 00:00:00+00:00,0.0,8154790.81582004
2019-11-05 00:00:00+00:00,0.0,8164164.59512004
2019-11-06 00:00:00+00:00,0.0,8180145.55042004
2019-11-07 00:00:00+00:00,0.0,8126525.49832004
2019-11-08 00:00:00+00:00,0.0,8193532.218220041
2019-11-11 00:00:00+00:00,0.0,8245192.903120041
2019-11-12 00:00:00+00:00,0.0,8217982.60891004
2019-11-13 00:00:00+00:00,0.0,8210243.65813004
2019-11-14 00:00:00+00:00,0.0,8210243.65813004
2019-11-15 00:00:00+00:00,0.0,8200208.027800039
2019-11-18 00:00:00+00:00,0.0,8258446.549900038
2019-11-19 00:00:00+00:00,0.0,8279037.611380036
2019-11-20 00:00:00+00:00,0.0,8352804.508870037
2019-11-21 00:00:00+00:00,0.0,8341792.016830036
2019-11-22 00:00:00+00:00,0.0,8460843.531610038
2019-11-25 00:00:00+00:00,0.0,8477885.267200038
2019-11-26 00:00:00+00:00,0.0,8462259.560620038
2019-11-27 00:00:00+00:00,0.0,8450598.499120038
2019-11-28 00:00:00+00:00,0.0,8461059.558850037
2019-11-29 00:00:00+00:00,0.0,8506229.934430037
2019-12-02 00:00:00+00:00,0.0,8496942.575800037
2019-12-03 00:00:00+00:00,0.0,8503152.230680037
2019-12-04 00:00:00+00:00,0.0,8503152.230680037
2019-12-05 00:00:00+00:00,0.0,8529802.197100038
2019-12-06 00:00:00+00:00,0.0,8552136.076690037
2019-12-09 00:00:00+00:00,0.0,8525633.933440037
2019-12-10 00:00:00+00:00,0.0,8557868.040730035
2019-12-11 00:00:00+00:00,0.0,8581833.377950035
2019-12-12 00:00:00+00:00,0.0,8588651.891410036
2019-12-13 00:00:00+00:00,0.0,8641906.175020035
2019-12-16 00:00:00+00:00,0.0,8625206.986030038
2019-12-17 00:00:00+00:00,0.0,8732206.723930037
2019-12-18 00:00:00+00:00,0.0,8732292.169510037
2019-12-19 00:00:00+00:00,0.0,8732714.893900037
2019-12-20 00:00:00+00:00,0.0,8673084.47965004
2019-12-23 00:00:00+00:00,0.0,8780476.599760039
2019-12-24 00:00:00+00:00,0.0,8760479.64223004
2019-12-25 00:00:00+00:00,0.0,8721022.832530038
2019-12-26 00:00:00+00:00,0.0,8737635.222610036
2019-12-27 00:00:00+00:00,0.0,8763801.074080035
2019-12-30 00:00:00+00:00,0.0,8777039.552740037
2019-12-31 00:00:00+00:00,0.0,8710739.811430039
2020-01-02 00:00:00+00:00,0.0,8713704.94360004
2020-01-03 00:00:00+00:00,0.0,8740780.42456004
2020-01-06 00:00:00+00:00,0.0,8602883.199160041
2020-01-07 00:00:00+00:00,0.0,8602883.199160041
2020-01-08 00:00:00+00:00,0.0,8621761.453390041
2020-01-09 00:00:00+00:00,0.0,8621761.453390041
2020-01-10 00:00:00+00:00,0.0,8581530.140950043
2020-01-13 00:00:00+00:00,0.0,8662382.772040043
2020-01-14 00:00:00+00:00,0.0,8610576.845230045
2020-01-15 00:00:00+00:00,0.0,8642974.101550044
2020-01-16 00:00:00+00:00,0.0,8649966.799900046
2020-01-17 00:00:00+00:00,0.0,8611406.109490048
2020-01-20 00:00:00+00:00,0.0,8567876.57311005
2020-01-21 00:00:00+00:00,0.0,8397375.75262005
2020-01-22 00:00:00+00:00,0.0,8397375.75262005
2020-01-23 00:00:00+00:00,0.0,8573177.218240047
2020-02-03 00:00:00+00:00,0.0,8863682.977720046
2020-02-04 00:00:00+00:00,0.0,8944968.872410044
2020-02-05 00:00:00+00:00,0.0,8914856.404210042
2020-02-06 00:00:00+00:00,0.0,9011030.931250041
2020-02-07 00:00:00+00:00,0.0,9008921.608090043
2020-02-10 00:00:00+00:00,0.0,8962906.112530043
2020-02-11 00:00:00+00:00,0.0,8934115.240330046
2020-02-12 00:00:00+00:00,0.0,8956064.603770047
2020-02-13 00:00:00+00:00,0.0,8959314.23665005
2020-02-14 00:00:00+00:00,0.0,8956410.178210048
2020-02-17 00:00:00+00:00,0.0,9061412.423290048
2020-02-18 00:00:00+00:00,0.0,9045139.438330045
2020-02-19 00:00:00+00:00,0.0,8966933.370970046
2020-02-20 00:00:00+00:00,0.0,8739973.288690044
2020-02-21 00:00:00+00:00,0.0,8714415.263890045
2020-02-24 00:00:00+00:00,0.0,8679408.269170046
2020-02-25 00:00:00+00:00,0.0,8600870.627050046
2020-02-26 00:00:00+00:00,0.0,8513036.741020046
2020-02-27 00:00:00+00:00,0.0,8490868.020160045
2020-02-28 00:00:00+00:00,0.0,8611907.677000044
2020-03-02 00:00:00+00:00,0.0,8693212.966000045
2020-03-03 00:00:00+00:00,0.0,8665417.861360045
2020-03-04 00:00:00+00:00,0.0,8707871.881540047
2020-03-05 00:00:00+00:00,0.0,8899061.808490045
2020-03-06 00:00:00+00:00,0.0,8938514.146210045
2020-03-09 00:00:00+00:00,0.0,9106286.486650044
2020-03-10 00:00:00+00:00,0.0,9104761.255570043
2020-03-11 00:00:00+00:00,0.0,9211663.73005004
2020-03-12 00:00:00+00:00,0.0,9211663.73005004
2020-03-13 00:00:00+00:00,0.0,9576449.117770039
2020-03-16 00:00:00+00:00,0.0,9930038.626210038
2020-03-17 00:00:00+00:00,0.0,9878250.229060037
2020-03-18 00:00:00+00:00,0.0,10204137.284260044
2020-03-19 00:00:00+00:00,0.0,10395990.517360047
2020-03-20 00:00:00+00:00,0.0,10471867.138480047
2020-03-23 00:00:00+00:00,0.0,10408686.109360043
2020-03-24 00:00:00+00:00,0.0,10182122.478640042
2020-03-25 00:00:00+00:00,0.0,10096059.457990043
2020-03-26 00:00:00+00:00,0.0,10137363.607990045
2020-03-27 00:00:00+00:00,0.0,9995267.490190046
2020-03-30 00:00:00+00:00,0.0,9884689.620130043
2020-03-31 00:00:00+00:00,0.0,9884689.620130043
2020-04-01 00:00:00+00:00,0.0,9686351.775250044
2020-04-02 00:00:00+00:00,0.0,9773128.155430041
2020-04-03 00:00:00+00:00,0.0,9733508.985070046
2020-04-07 00:00:00+00:00,0.0,9733508.985070046
2020-04-08 00:00:00+00:00,0.0,9750516.678850044
2020-04-09 00:00:00+00:00,0.0,9710806.318090046
2020-04-10 00:00:00+00:00,0.0,9584567.012170047
2020-04-13 00:00:00+00:00,0.0,9591914.928130047
2020-04-14 00:00:00+00:00,0.0,9632595.685780045
2020-04-15 00:00:00+00:00,0.0,9648289.157980045
2020-04-16 00:00:00+00:00,0.0,9642970.439260045
2020-04-17 00:00:00+00:00,0.0,9583364.928100046
2020-04-20 00:00:00+00:00,0.0,9583364.928100046
2020-04-21 00:00:00+00:00,0.0,9586213.308700046
2020-04-22 00:00:00+00:00,0.0,9674042.239240045
2020-04-23 00:00:00+00:00,0.0,9605094.022240045
2020-04-24 00:00:00+00:00,0.0,9605094.022240045
2020-04-27 00:00:00+00:00,0.0,9551326.159390043
2020-04-28 00:00:00+00:00,0.0,9565777.143730044
2020-04-29 00:00:00+00:00,0.0,9533391.602230046
2020-04-30 00:00:00+00:00,0.0,9488084.653660046
2020-05-06 00:00:00+00:00,0.0,9537947.087710047
2020-05-07 00:00:00+00:00,0.0,9528143.890150046
2020-05-08 00:00:00+00:00,0.0,9461363.646490045
2020-05-11 00:00:00+00:00,0.0,9467896.657390043
2020-05-12 00:00:00+00:00,0.0,9459625.222270042
2020-05-13 00:00:00+00:00,0.0,9460316.673940042
2020-05-14 00:00:00+00:00,0.0,9373694.339050045
2020-05-15 00:00:00+00:00,0.0,9403320.779920045
2020-05-18 00:00:00+00:00,0.0,9283918.406050047
2020-05-19 00:00:00+00:00,0.0,9324865.95481005
2020-05-20 00:00:00+00:00,0.0,9297411.102370048
2020-05-21 00:00:00+00:00,0.0,9354936.81745005
2020-05-22 00:00:00+00:00,0.0,9678298.837990055
2020-05-25 00:00:00+00:00,0.0,9624507.384040058
2020-05-26 00:00:00+00:00,0.0,9624507.384040058
2020-05-27 00:00:00+00:00,0.0,9616329.523960058
2020-05-28 00:00:00+00:00,0.0,9530135.66140006
2020-05-29 00:00:00+00:00,0.0,9489181.97824006
2020-06-01 00:00:00+00:00,0.0,9494912.833240062
2020-06-02 00:00:00+00:00,0.0,9480719.934130061
2020-06-03 00:00:00+00:00,0.0,9480719.934130061
2020-06-04 00:00:00+00:00,0.0,9480719.934130061
2020-06-05 00:00:00+00:00,0.0,9543713.792200062
2020-06-08 00:00:00+00:00,0.0,9504508.490350064
2020-06-09 00:00:00+00:00,0.0,9504508.490350064
2020-06-10 00:00:00+00:00,0.0,9496030.659550065
2020-06-11 00:00:00+00:00,0.0,9504457.222240066
2020-06-12 00:00:00+00:00,0.0,9523789.450870069
2020-06-15 00:00:00+00:00,0.0,9598971.36001007
2020-06-16 00:00:00+00:00,0.0,9598971.36001007
2020-06-17 00:00:00+00:00,0.0,9536009.184370069
2020-06-18 00:00:00+00:00,0.0,9651237.836740073
2020-06-19 00:00:00+00:00,0.0,9772262.516620075
2020-06-22 00:00:00+00:00,0.0,9626568.638500076
2020-06-23 00:00:00+00:00,0.0,9618749.982820079
2020-06-24 00:00:00+00:00,0.0,9626715.78490008
2020-06-29 00:00:00+00:00,0.0,9558390.03706008
2020-06-30 00:00:00+00:00,0.0,9559883.903860083
2020-07-01 00:00:00+00:00,0.0,9771852.651580084
2020-07-02 00:00:00+00:00,0.0,10163674.512100084
2020-07-03 00:00:00+00:00,0.0,10214068.889260085
2020-07-06 00:00:00+00:00,0.0,11361628.532620085
2020-07-07 00:00:00+00:00,0.0,11113529.675860085
2020-07-08 00:00:00+00:00,0.0,10720395.67042008
2020-07-09 00:00:00+00:00,0.0,10681040.60470008
2020-07-10 00:00:00+00:00,0.0,10611959.455900079
2020-07-13 00:00:00+00:00,0.0,10514006.105500078
2020-07-14 00:00:00+00:00,0.0,10523037.993220078
2020-07-15 00:00:00+00:00,0.0,10536805.679860076
2020-07-16 00:00:00+00:00,0.0,10988218.99270007
2020-07-17 00:00:00+00:00,0.0,10960063.276150068
2020-07-20 00:00:00+00:00,0.0,11183679.820600064
2020-07-21 00:00:00+00:00,0.0,11183679.820600064
2020-07-22 00:00:00+00:00,0.0,10969957.878280068
2020-07-23 00:00:00+00:00,0.0,10752095.875870075
2020-07-24 00:00:00+00:00,0.0,11071760.167990075
2020-07-27 00:00:00+00:00,0.0,10987880.65591008
2020-07-28 00:00:00+00:00,0.0,10987880.65591008
2020-07-29 00:00:00+00:00,0.0,11050488.366790077
2020-07-30 00:00:00+00:00,0.0,11102200.29667008
2020-07-31 00:00:00+00:00,0.0,11036511.86620008
2020-08-03 00:00:00+00:00,0.0,11036511.86620008
2020-08-04 00:00:00+00:00,0.0,11007420.914560083
2020-08-05 00:00:00+00:00,0.0,11007420.914560083
2020-08-06 00:00:00+00:00,0.0,10905372.900700087
2020-08-07 00:00:00+00:00,0.0,10718357.504860079
2020-08-10 00:00:00+00:00,0.0,10606161.07702008
2020-08-11 00:00:00+00:00,0.0,10796769.617860079
2020-08-12 00:00:00+00:00,0.0,10796955.256900076
2020-08-13 00:00:00+00:00,0.0,10796955.256900076
2020-08-14 00:00:00+00:00,0.0,10989301.722580075
2020-08-17 00:00:00+00:00,0.0,11281601.189620074
2020-08-18 00:00:00+00:00,0.0,11216776.880980076
2020-08-19 00:00:00+00:00,0.0,11378861.421220072
2020-08-20 00:00:00+00:00,0.0,11378861.421220072
2020-08-21 00:00:00+00:00,0.0,11314231.771720072
2020-08-24 00:00:00+00:00,0.0,11135714.336260067
2020-08-25 00:00:00+00:00,0.0,11122461.84454006
2020-08-26 00:00:00+00:00,0.0,11295751.568740057
2020-08-27 00:00:00+00:00,0.0,11342278.637770059
2020-08-28 00:00:00+00:00,0.0,11623043.656330062
2020-08-31 00:00:00+00:00,0.0,11821972.415710064
2020-09-01 00:00:00+00:00,0.0,11665574.137960058
2020-09-02 00:00:00+00:00,0.0,11662476.349240059
2020-09-03 00:00:00+00:00,0.0,11606346.382360058
2020-09-04 00:00:00+00:00,0.0,11519082.434680061
2020-09-07 00:00:00+00:00,0.0,11151141.075700063
2020-09-08 00:00:00+00:00,0.0,11001118.137310062
2020-09-09 00:00:00+00:00,0.0,10963909.241950063
2020-09-10 00:00:00+00:00,0.0,10902093.596500065
2020-09-11 00:00:00+00:00,0.0,10953726.239740068
2020-09-14 00:00:00+00:00,0.0,10953726.239740068
2020-09-15 00:00:00+00:00,0.0,10993751.181220066
2020-09-16 00:00:00+00:00,0.0,10887645.881020067
2020-09-17 00:00:00+00:00,0.0,10861160.60254007
2020-09-18 00:00:00+00:00,0.0,10704170.32006007
2020-09-21 00:00:00+00:00,0.0,10704170.32006007
2020-09-22 00:00:00+00:00,0.0,10731277.96978007
2020-09-23 00:00:00+00:00,0.0,10740395.042140072
2020-09-24 00:00:00+00:00,0.0,10740395.042140072
2020-09-25 00:00:00+00:00,0.0,10740395.042140072
2020-09-28 00:00:00+00:00,0.0,10740395.042140072
2020-09-29 00:00:00+00:00,0.0,10732974.752020076
2020-09-30 00:00:00+00:00,0.0,10936565.118940072
2020-10-09 00:00:00+00:00,0.0,10886251.43110007
2020-10-12 00:00:00+00:00,0.0,11041666.673980072
2020-10-13 00:00:00+00:00,0.0,11030760.873580072
2020-10-14 00:00:00+00:00,0.0,11030760.873580072
2020-10-15 00:00:00+00:00,0.0,11024185.00918007
2020-10-16 00:00:00+00:00,0.0,10892675.375140075
2020-10-19 00:00:00+00:00,0.0,10998086.213740073
2020-10-20 00:00:00+00:00,0.0,10998014.576620076
2020-10-21 00:00:00+00:00,0.0,11022751.583140077
2020-10-22 00:00:00+00:00,0.0,10855272.270460078
2020-10-23 00:00:00+00:00,0.0,10695355.89718008
2020-10-26 00:00:00+00:00,0.0,10661182.02202008
2020-10-27 00:00:00+00:00,0.0,10647898.182220077
2020-10-28 00:00:00+00:00,0.0,10516498.19194008
2020-10-29 00:00:00+00:00,0.0,10579461.521260079
2020-10-30 00:00:00+00:00,0.0,10694705.93662008
2020-11-02 00:00:00+00:00,0.0,10703407.508140078
2020-11-03 00:00:00+00:00,0.0,10646161.721860074
2020-11-04 00:00:00+00:00,0.0,10523366.558140077
2020-11-05 00:00:00+00:00,0.0,10523366.558140077
2020-11-06 00:00:00+00:00,0.0,10521636.598810075
2020-11-09 00:00:00+00:00,0.0,10516831.206790077
2020-11-10 00:00:00+00:00,0.0,10545362.304220079
2020-11-11 00:00:00+00:00,0.0,10491057.71674008
2020-11-12 00:00:00+00:00,0.0,10464505.09834008
2020-11-13 00:00:00+00:00,0.0,10440028.372000081
2020-11-16 00:00:00+00:00,0.0,10510529.438020084
2020-11-17 00:00:00+00:00,0.0,10540769.33518008
2020-11-18 00:00:00+00:00,0.0,10566704.818930076
2020-11-19 00:00:00+00:00,0.0,10658921.65837008
2020-11-20 00:00:00+00:00,0.0,10590422.478940075
2020-11-23 00:00:00+00:00,0.0,10699040.238520069
2020-11-24 00:00:00+00:00,0.0,10720245.43957007
2020-11-25 00:00:00+00:00,0.0,10821023.13703007
2020-11-26 00:00:00+00:00,0.0,10850481.093250073
2020-11-27 00:00:00+00:00,0.0,11013157.555990072
2020-11-30 00:00:00+00:00,0.0,10765363.23229007
2020-12-01 00:00:00+00:00,0.0,10407826.084630068
2020-12-02 00:00:00+00:00,0.0,10333166.855920073
2020-12-03 00:00:00+00:00,0.0,10276006.469560074
2020-12-04 00:00:00+00:00,0.0,10284937.645060074
2020-12-07 00:00:00+00:00,0.0,10212969.861370074
2020-12-08 00:00:00+00:00,0.0,10244968.995790068
2020-12-09 00:00:00+00:00,0.0,10301103.359020067
2020-12-10 00:00:00+00:00,0.0,10319970.439120065
2020-12-11 00:00:00+00:00,0.0,10453727.461420067
2020-12-14 00:00:00+00:00,0.0,10464671.353720067
2020-12-15 00:00:00+00:00,0.0,10486164.194980066
2020-12-16 00:00:00+00:00,0.0,10482219.856450075
2020-12-17 00:00:00+00:00,0.0,10619424.407560077
2020-12-18 00:00:00+00:00,0.0,10653054.680830074
2020-12-21 00:00:00+00:00,0.0,10587344.517850077
2020-12-22 00:00:00+00:00,0.0,10336255.947370075
2020-12-23 00:00:00+00:00,0.0,10245179.768440073
2020-12-24 00:00:00+00:00,0.0,10245179.768440073
2020-12-25 00:00:00+00:00,0.0,10273525.897570077
2020-12-28 00:00:00+00:00,0.0,10218281.650870072
2020-12-29 00:00:00+00:00,0.0,10165745.85667007
2020-12-30 00:00:00+00:00,0.0,10246641.814570075
2020-12-31 00:00:00+00:00,0.0,10294136.763370072
2021-01-04 00:00:00+00:00,0.0,10291229.669770071
2021-01-05 00:00:00+00:00,0.0,10369871.902570073
2021-01-06 00:00:00+00:00,0.0,10161939.139270077
2021-01-07 00:00:00+00:00,0.0,10364888.717170076
2021-01-08 00:00:00+00:00,0.0,10238155.772770073
2021-01-11 00:00:00+00:00,0.0,9975249.172570074
2021-01-12 00:00:00+00:00,0.0,10352716.922380077
2021-01-13 00:00:00+00:00,0.0,10220467.602580076
2021-01-14 00:00:00+00:00,0.0,10250606.154280072
2021-01-15 00:00:00+00:00,0.0,10211148.07318007
2021-01-18 00:00:00+00:00,0.0,10234041.733480072
2021-01-19 00:00:00+00:00,0.0,10038587.116180072
2021-01-20 00:00:00+00:00,0.0,10014420.842050072
2021-01-21 00:00:00+00:00,0.0,10029352.919350069
2021-01-22 00:00:00+00:00,0.0,9961674.920230068
2021-01-25 00:00:00+00:00,0.0,10064847.361000067
2021-01-26 00:00:00+00:00,0.0,10174333.974520069
2021-01-27 00:00:00+00:00,0.0,10174333.974520069
2021-01-28 00:00:00+00:00,0.0,10114285.555120073
2021-01-29 00:00:00+00:00,0.0,10140367.72342007
2021-02-01 00:00:00+00:00,0.0,10162525.96942007
2021-02-02 00:00:00+00:00,0.0,10182255.014620071
2021-02-03 00:00:00+00:00,0.0,10168063.40812007
2021-02-04 00:00:00+00:00,0.0,10116640.365220066
2021-02-05 00:00:00+00:00,0.0,10106478.656830067
2021-02-08 00:00:00+00:00,0.0,10082233.503280072
2021-02-09 00:00:00+00:00,0.0,10209100.714210074
2021-02-10 00:00:00+00:00,0.0,10410929.496640079
2021-02-18 00:00:00+00:00,0.0,10465609.98682008
2021-02-19 00:00:00+00:00,0.0,10338856.736680083
2021-02-22 00:00:00+00:00,0.0,10496567.811250081
2021-02-23 00:00:00+00:00,0.0,10537687.869250081
2021-02-24 00:00:00+00:00,0.0,10708235.556550076
2021-02-25 00:00:00+00:00,0.0,10681315.48585008
2021-02-26 00:00:00+00:00,0.0,10776635.009050086
2021-03-01 00:00:00+00:00,0.0,10799611.483150082
2021-03-02 00:00:00+00:00,0.0,10953792.140350083
2021-03-03 00:00:00+00:00,0.0,11030735.28745008
2021-03-04 00:00:00+00:00,0.0,11121801.888790077
2021-03-05 00:00:00+00:00,0.0,10993780.853890074
2021-03-08 00:00:00+00:00,0.0,11363266.164700074
2021-03-09 00:00:00+00:00,0.0,11687591.889100075
2021-03-10 00:00:00+00:00,0.0,11686086.555220073
2021-03-11 00:00:00+00:00,0.0,11362981.009960076
2021-03-12 00:00:00+00:00,0.0,11258498.975050079
2021-03-15 00:00:00+00:00,0.0,11278180.187260084
2021-03-16 00:00:00+00:00,0.0,11278180.187260084
2021-03-17 00:00:00+00:00,0.0,11189271.126580086
2021-03-18 00:00:00+00:00,0.0,11176557.14431008
2021-03-19 00:00:00+00:00,0.0,11312163.087310072
2021-03-22 00:00:00+00:00,0.0,11312163.087310072
2021-03-23 00:00:00+00:00,0.0,11253056.296150075
2021-03-24 00:00:00+00:00,0.0,11078814.105550077
2021-03-25 00:00:00+00:00,0.0,11023712.640010076
2021-03-26 00:00:00+00:00,0.0,11029568.584060075
2021-03-29 00:00:00+00:00,0.0,10906716.710410077
2021-03-30 00:00:00+00:00,0.0,10963656.067390077
2021-03-31 00:00:00+00:00,0.0,10848718.546780081
2021-04-01 00:00:00+00:00,0.0,11020807.236190079
2021-04-02 00:00:00+00:00,0.0,11080972.226350076
2021-04-06 00:00:00+00:00,0.0,10931632.551580079
2021-04-07 00:00:00+00:00,0.0,10883326.705090081
2021-04-08 00:00:00+00:00,0.0,10896035.694130084
2021-04-09 00:00:00+00:00,0.0,10891996.79938008
2021-04-12 00:00:00+00:00,0.0,10880082.533830084
2021-04-13 00:00:00+00:00,0.0,10882381.258390086
2021-04-14 00:00:00+00:00,0.0,10813396.764790084
2021-04-15 00:00:00+00:00,0.0,10726316.608000083
2021-04-16 00:00:00+00:00,0.0,10756349.085640078
2021-04-19 00:00:00+00:00,0.0,10824221.197090078
2021-04-20 00:00:00+00:00,0.0,10745581.111060081
2021-04-21 00:00:00+00:00,0.0,10736573.84092008
2021-04-22 00:00:00+00:00,0.0,10736573.84092008
2021-04-23 00:00:00+00:00,0.0,10722919.747720083
2021-04-26 00:00:00+00:00,0.0,10937055.383500086
2021-04-27 00:00:00+00:00,0.0,10959786.647440085
2021-04-28 00:00:00+00:00,0.0,10984162.120210087
2021-04-29 00:00:00+00:00,0.0,11115709.423570083
2021-04-30 00:00:00+00:00,0.0,11001781.96333008
2021-05-06 00:00:00+00:00,0.0,10989227.872000074
2021-05-07 00:00:00+00:00,0.0,11151314.451160079
2021-05-10 00:00:00+00:00,0.0,10987583.344360078
2021-05-11 00:00:00+00:00,0.0,11122598.46724008
2021-05-12 00:00:00+00:00,0.0,11053824.75916008
2021-05-13 00:00:00+00:00,0.0,10967466.568480082
2021-05-14 00:00:00+00:00,0.0,11265021.655210078
2021-05-17 00:00:00+00:00,0.0,11265021.655210078
2021-05-18 00:00:00+00:00,0.0,11218985.073190078
2021-05-19 00:00:00+00:00,0.0,11198069.568250084
2021-05-20 00:00:00+00:00,0.0,11164590.853090085
2021-05-21 00:00:00+00:00,0.0,11172101.328370083
2021-05-24 00:00:00+00:00,0.0,11020863.838120082
2021-05-25 00:00:00+00:00,0.0,11290782.864640083
2021-05-26 00:00:00+00:00,0.0,11290782.864640083
2021-05-27 00:00:00+00:00,0.0,11291038.085650086
2021-05-28 00:00:00+00:00,0.0,11123338.509430086
2021-05-31 00:00:00+00:00,0.0,11123338.509430086
2021-06-01 00:00:00+00:00,0.0,11149706.955490088
2021-06-02 00:00:00+00:00,0.0,11051706.850540088
2021-06-03 00:00:00+00:00,0.0,11057706.331060087
2021-06-04 00:00:00+00:00,0.0,10903616.85211009
2021-06-07 00:00:00+00:00,0.0,10933357.995190091
2021-06-08 00:00:00+00:00,0.0,10937059.915720096
2021-06-09 00:00:00+00:00,0.0,10970445.593650093
2021-06-10 00:00:00+00:00,0.0,10951989.811030094
2021-06-11 00:00:00+00:00,0.0,10984409.936350092
2021-06-15 00:00:00+00:00,0.0,10958165.369650098
2021-06-16 00:00:00+00:00,0.0,10918446.247900097
2021-06-17 00:00:00+00:00,0.0,10938807.482530097
2021-06-18 00:00:00+00:00,0.0,10945679.467870096
2021-06-21 00:00:00+00:00,0.0,10857203.562880095
2021-06-22 00:00:00+00:00,0.0,10876929.540910097
2021-06-23 00:00:00+00:00,0.0,10879481.887300096
2021-06-24 00:00:00+00:00,0.0,10903449.023680096
2021-06-25 00:00:00+00:00,0.0,11104870.377880095
2021-06-28 00:00:00+00:00,0.0,11104870.377880095
2021-06-29 00:00:00+00:00,0.0,11105393.692870095
2021-06-30 00:00:00+00:00,0.0,11105393.692870095
2021-07-01 00:00:00+00:00,0.0,11014171.178740095
2021-07-02 00:00:00+00:00,0.0,11153431.083370097
2021-07-05 00:00:00+00:00,0.0,11153431.083370097
2021-07-06 00:00:00+00:00,0.0,11190484.872490097
2021-07-07 00:00:00+00:00,0.0,11330844.080530092
2021-07-08 00:00:00+00:00,0.0,11414040.267730093
2021-07-09 00:00:00+00:00,0.0,11280189.268570092
2021-07-12 00:00:00+00:00,0.0,11158881.80809009
2021-07-13 00:00:00+00:00,0.0,11158881.80809009
2021-07-14 00:00:00+00:00,0.0,11115412.57705009
2021-07-15 00:00:00+00:00,0.0,11301495.088810086
2021-07-16 00:00:00+00:00,0.0,11323119.708850084
2021-07-19 00:00:00+00:00,0.0,10977120.755770093
2021-07-20 00:00:00+00:00,0.0,10946113.12318009
2021-07-21 00:00:00+00:00,0.0,10946113.12318009
2021-07-22 00:00:00+00:00,0.0,10946113.12318009
2021-07-23 00:00:00+00:00,0.0,10966618.021330088
2021-07-26 00:00:00+00:00,0.0,11228615.587090092
2021-07-27 00:00:00+00:00,0.0,11582958.227410091
2021-07-28 00:00:00+00:00,0.0,11408305.432210093
2021-07-29 00:00:00+00:00,0.0,11408305.432210093
2021-07-30 00:00:00+00:00,0.0,11393601.918190096
2021-08-02 00:00:00+00:00,0.0,11596373.466910101
2021-08-03 00:00:00+00:00,0.0,11560422.2107901
2021-08-04 00:00:00+00:00,0.0,11552958.168100096
2021-08-05 00:00:00+00:00,0.0,11417582.611030092
2021-08-06 00:00:00+00:00,0.0,11433949.103770092
2021-08-09 00:00:00+00:00,0.0,11672180.03788009
2021-08-10 00:00:00+00:00,0.0,11976196.907920089
2021-08-11 00:00:00+00:00,0.0,11846203.68859008
2021-08-12 00:00:00+00:00,0.0,11901514.85437008
2021-08-13 00:00:00+00:00,0.0,11785620.801160078
2021-08-16 00:00:00+00:00,0.0,11801528.682370083
2021-08-17 00:00:00+00:00,0.0,12216563.278450081
2021-08-18 00:00:00+00:00,0.0,12277866.49105008
2021-08-19 00:00:00+00:00,0.0,12240152.40877008
2021-08-20 00:00:00+00:00,0.0,12243732.77437008
2021-08-23 00:00:00+00:00,0.0,12166610.234050084
2021-08-24 00:00:00+00:00,0.0,12146505.761410085
2021-08-25 00:00:00+00:00,0.0,12162928.991590086
2021-08-26 00:00:00+00:00,0.0,12266002.090810085
2021-08-27 00:00:00+00:00,0.0,12142628.874130085
2021-08-30 00:00:00+00:00,0.0,12046997.933410084
2021-08-31 00:00:00+00:00,0.0,12034970.862550082
2021-09-01 00:00:00+00:00,0.0,12024439.079080079
2021-09-02 00:00:00+00:00,0.0,12024439.079080079
2021-09-03 00:00:00+00:00,0.0,11915216.512120076
2021-09-06 00:00:00+00:00,0.0,11772007.174030073
2021-09-07 00:00:00+00:00,0.0,11902503.34906007
2021-09-08 00:00:00+00:00,0.0,11973392.341000073
2021-09-09 00:00:00+00:00,0.0,11973392.341000073
2021-09-10 00:00:00+00:00,0.0,11971264.512310075
2021-09-13 00:00:00+00:00,0.0,11956291.180690072
2021-09-14 00:00:00+00:00,0.0,11660614.760950074
2021-09-15 00:00:00+00:00,0.0,11664938.283400076
2021-09-16 00:00:00+00:00,0.0,11664938.283400076
2021-09-17 00:00:00+00:00,0.0,11694976.905130072
2021-09-22 00:00:00+00:00,0.0,11654507.00137007
2021-09-23 00:00:00+00:00,0.0,11654507.00137007
2021-09-24 00:00:00+00:00,0.0,11558207.976340072
2021-09-27 00:00:00+00:00,0.0,11558207.976340072
2021-09-28 00:00:00+00:00,0.0,11540184.933640076
2021-09-29 00:00:00+00:00,0.0,11567781.602350075
2021-09-30 00:00:00+00:00,0.0,11567781.602350075
2021-10-08 00:00:00+00:00,0.0,11573738.694790073
2021-10-11 00:00:00+00:00,0.0,11552667.775990073
2021-10-12 00:00:00+00:00,0.0,11567264.38819007
2021-10-13 00:00:00+00:00,0.0,11643367.05619007
2021-10-14 00:00:00+00:00,0.0,11635623.514870064
2021-10-15 00:00:00+00:00,0.0,11446028.513350066
2021-10-18 00:00:00+00:00,0.0,11434040.584990064
2021-10-19 00:00:00+00:00,0.0,11396811.786550064
2021-10-20 00:00:00+00:00,0.0,11358494.12023006
2021-10-21 00:00:00+00:00,0.0,11324817.579310061
2021-10-22 00:00:00+00:00,0.0,11374955.535310064
2021-10-25 00:00:00+00:00,0.0,11363179.353550062
2021-10-26 00:00:00+00:00,0.0,11392842.096070062
2021-10-27 00:00:00+00:00,0.0,11405665.378150063
2021-10-28 00:00:00+00:00,0.0,11405665.378150063
2021-10-29 00:00:00+00:00,0.0,11431056.823630065
2021-11-01 00:00:00+00:00,0.0,11389506.336070066
2021-11-02 00:00:00+00:00,0.0,11544228.35647007
2021-11-03 00:00:00+00:00,0.0,11564490.992110072
2021-11-04 00:00:00+00:00,0.0,11564490.992110072
2021-11-05 00:00:00+00:00,0.0,11457558.534010073
2021-11-08 00:00:00+00:00,0.0,11515237.488850074
2021-11-09 00:00:00+00:00,0.0,11647811.226250075
2021-11-10 00:00:00+00:00,0.0,11528096.934280077
2021-11-11 00:00:00+00:00,0.0,11896528.002610076
2021-11-12 00:00:00+00:00,0.0,11814527.98867008
2021-11-15 00:00:00+00:00,0.0,11760215.36446008
2021-11-16 00:00:00+00:00,0.0,11696543.816650083
2021-11-17 00:00:00+00:00,0.0,11741329.673740085
2021-11-18 00:00:00+00:00,0.0,11741329.673740085
2021-11-19 00:00:00+00:00,0.0,11739308.193370083
2021-11-22 00:00:00+00:00,0.0,11673326.103040086
2021-11-23 00:00:00+00:00,0.0,11673326.103040086
2021-11-24 00:00:00+00:00,0.0,11671256.399950087
2021-11-25 00:00:00+00:00,0.0,11678975.169190096
2021-11-26 00:00:00+00:00,0.0,11802588.298180096
2021-11-29 00:00:00+00:00,0.0,11708970.969700089
2021-11-30 00:00:00+00:00,0.0,11584185.789700093
2021-12-01 00:00:00+00:00,0.0,11550249.880030092
2021-12-02 00:00:00+00:00,0.0,11540860.567630092
2021-12-03 00:00:00+00:00,0.0,11388684.593290094
2021-12-06 00:00:00+00:00,0.0,11368071.039010096
2021-12-07 00:00:00+00:00,0.0,11379090.768970095
2021-12-08 00:00:00+00:00,0.0,11609267.177290093
2021-12-09 00:00:00+00:00,0.0,11832499.563970093
2021-12-10 00:00:00+00:00,0.0,11763409.980010092
2021-12-13 00:00:00+00:00,0.0,11860631.139010094
2021-12-14 00:00:00+00:00,0.0,11855631.606970098
2021-12-15 00:00:00+00:00,0.0,11941417.4206901
2021-12-16 00:00:00+00:00,0.0,11941417.4206901
2021-12-17 00:00:00+00:00,0.0,12066404.942440106
2021-12-20 00:00:00+00:00,0.0,12049479.502870105
2021-12-21 00:00:00+00:00,0.0,12049479.502870105
